outage_line,max_v_pu,min_v_pu,violation,total_demand_mw,load_bus_1,load_bus_2,load_bus_3,load_bus_6,load_bus_7,load_bus_9,load_bus_11,load_bus_13,load_bus_14,load_bus_15,load_bus_16,load_bus_17,load_bus_18,load_bus_19,load_bus_20,load_bus_22,load_bus_23,load_bus_25,load_bus_28,load_bus_29,gen_0_v_setpoint,gen_1_v_setpoint,gen_2_v_setpoint,gen_3_v_setpoint,gen_4_v_setpoint
1,1.0000000000000004,0.9530122186192183,0,189.2,23.967941836712132,2.487033112102174,8.601870214008446,22.375266115047857,33.80124927802947,5.420472722323071,9.514043455060285,6.171563845676649,6.72310692895694,3.963174570466,9.552866651493378,2.5646483781713236,9.135186781868693,2.4270005746870096,16.22845791726245,3.6665815917760947,7.034972108441668,2.972832376511697,2.5356975437515272,9.51527071885923,1.0,1.0,1.0,1.0,1.0
19,1.0000000000000002,0.9551618093300257,0,189.2,25.77245954266936,1.9938065424463671,6.1392045550361605,25.631036343679412,30.533557154464013,4.744866913856857,11.622174969816562,5.682962059355049,9.430181647251818,3.285652670968092,8.421254070698252,3.6581302050144817,8.654375225657963,1.9859055745149945,18.42315719837239,3.5225476177803743,8.527469038726379,3.461078757033476,2.3976852785402882,11.39267320626481,1.0,1.0,1.0,1.0,1.0
23,1.0,0.948899043850488,1,189.2,19.796029762426322,2.559246562747136,7.398157726234954,19.65050905404099,24.17549644087577,6.653120410957624,9.021473993383475,5.595568195687385,7.0568060826439725,3.3347595042257443,10.214189119914254,2.829981522663343,7.72764261165732,2.151148589932076,19.65886000041011,2.87993884306254,7.738560532599261,3.7477860343765625,2.4085722834205927,12.494822388162351,1.0,1.0,1.0,1.0,1.0
18,1.0000000000000002,0.9354588494170234,1,189.2,22.789227502466932,2.292945096335337,8.020788996035124,27.277633741428172,27.12208168707269,5.860404769995315,10.888991446948374,5.44625311708384,8.235292372543908,3.076887465859938,9.319177760303047,3.285154498302001,10.06818777230817,2.426991757790927,17.421080740348156,3.787869129976402,7.276970128679191,3.2111695791145736,2.8463670582479947,10.912206657117403,1.0,1.0,1.0,1.0,1.0
9,1.0000000000000002,0.8528518149413667,1,189.2,17.59468621703322,2.049539109916828,7.867250879308052,21.070042413801342,31.4951938022614,6.5568623556748555,10.573044380126564,5.662011252798534,8.75914433769251,3.6589472087185397,7.606712338237592,3.084976749066193,10.798614476057827,2.5534299458544765,14.816531345920968,3.569438105817423,9.711577332906431,3.4255290336573774,2.485746556745453,8.75926879379279,1.0,1.0,1.0,1.0,1.0
31,1.0000000000000002,0.8349122345629247,1,189.2,25.297081606708588,2.326957269751642,7.640263787526796,20.940357147916774,34.186593007865255,5.894473293215033,13.334691617822362,6.713401118851895,6.896250535482638,3.2360479539931917,8.05077450901187,2.801593959720112,9.74316862574803,1.8458415258370384,19.29388120384385,3.7365707813762463,8.944864138366931,3.2570311845917828,2.0131415628163647,10.698952965424578,1.0,1.0,1.0,1.0,1.0
37,1.0000000000000004,0.8809511609275905,1,189.2,22.33625459052414,2.461493848307294,7.760576765012746,19.695667822461793,25.888942109275874,6.030263106192389,11.776575726288852,5.4394747990940004,8.595855404045848,3.469363515480544,9.634411834589429,2.6112589651144864,8.414467521263665,2.0667735598556454,15.475020298514151,2.653950887495657,8.688123416683647,3.115319087077896,2.878215929453587,11.98258120415647,1.0,1.0,1.0,1.0,1.0
35,1.0000000000000002,0.8320864974692276,1,189.2,20.145780156003333,2.4217492346178697,7.676748924756044,26.762757521837184,30.78914216341677,5.487596608276163,13.096348928161673,5.021599084474039,6.65638903341926,2.9091347121711775,10.303495319546943,2.937260864203207,11.05528691467738,1.9008877895390675,15.75731541407316,3.4514961608197825,9.28673812341492,3.3476870181696174,2.553782153501005,9.465404602670704,1.0,1.0,1.0,1.0,1.0
35,1.0000000000000002,0.8477555572810838,1,189.2,17.433681139141463,2.5130155639205607,6.462382031107572,26.094478985319437,28.327766332154667,6.9536975973516455,10.385732572793605,6.7937083671394305,8.059138460560114,2.9648050879381023,8.458452636317878,3.246839353827044,10.087828772348418,2.2363224131691393,18.35103786081734,2.793248943713741,9.848823832650426,3.6837478525065093,2.714728342608993,9.461146778015646,1.0,1.0,1.0,1.0,1.0
20,1.0000000000000002,0.8009663368788079,1,189.2,22.322085338458752,1.9929720083760327,7.184994729176689,23.366422421494413,35.737617446220895,5.695756466597708,10.671356814896534,5.387620784516927,8.309209303442668,3.3561790979498944,9.564025692098872,2.6578839717014695,10.87916143448491,2.277076390200589,17.862692072222554,2.664594956842895,7.701417975864289,4.093512622904428,2.6484944472207452,12.50774171024108,1.0,1.0,1.0,1.0,1.0
3,1.0,0.8372348847089643,1,189.2,19.0546979536236,2.2475900239204063,8.15287275835063,21.288971857375948,31.003774528511464,4.731015367501407,10.696917717212246,7.3232852003778115,7.109404062793409,3.154830818659528,7.733327807257607,2.763125460183124,8.43231686767712,1.8776287702080927,14.621855888415697,2.7682840209327235,9.554949557665157,3.6831863212812217,2.5986251249620493,11.086013784635362,1.0,1.0,1.0,1.0,1.0
14,1.0000000000000004,0.8364583623093472,1,189.2,21.009435151943215,2.4774254199186805,7.8647179526280215,26.383525976735086,29.649474640306863,5.861661605696707,12.687666309356038,6.770672650324192,8.996488438220593,3.3215342243398074,8.101566644604516,2.83143990208177,10.431689261291305,2.1988049020528186,17.651723425834874,3.052431705084646,10.366195844971312,3.834154926673591,2.1010870564510147,9.586639056979319,1.0,1.0,1.0,1.0,1.0
33,1.0000000000000002,0.8298491012138686,1,189.2,19.40354900496786,2.3772200747204475,7.876284875897254,21.47008018484405,31.29810174267542,6.077960305436912,13.145002802384044,7.07808405013678,7.0625208564532995,3.4265242195016876,7.31100661392445,3.2566314309998194,10.803544519165646,2.225682630965658,17.491894485892455,3.3636267834499023,7.049813301415548,3.848822405945778,2.4315858722950336,11.142248007990485,1.0,1.0,1.0,1.0,1.0
2,1.0,0.8520305204324253,1,189.2,25.812479514704787,2.747518540374547,6.111927237858841,20.936688251753264,24.950400840119478,6.119164512038848,9.723006215805793,6.717316092325292,6.568119283125821,3.354679795343299,8.899309374547151,3.234706188343291,8.463168867767928,2.029782786376921,15.063958240577598,2.625349850300447,7.355213677712501,4.020081606023728,2.710777511616977,10.450105560463435,1.0,1.0,1.0,1.0,1.0
21,1.0000000000000002,0.7953643243601263,1,189.2,18.760885737848657,2.029980470548155,8.874570642202265,25.898022243878117,31.934751731141482,6.9440199806134695,11.965486811828864,6.684126201480214,6.803454652533052,4.057647645465512,7.401350325818816,2.9356170764142138,8.85439472722613,1.8722777414062417,14.790320049921785,3.3733542071373637,8.813722348131954,3.6585812796717234,2.5452983867158734,10.01151053925224,1.0,1.0,1.0,1.0,1.0
33,1.0000000000000004,0.8432971427902686,1,189.2,23.754352592683816,2.198647312933907,6.735454427302277,24.60768622978681,25.866583224036155,5.447308805332195,10.49167731523104,6.493335330921538,9.64499805468558,4.0759575243322805,8.033907016343123,3.76873169332046,10.344335542596657,1.914384333708832,15.339905937852937,3.090074887615808,9.267282419207705,3.1408104183590106,2.4931403213450776,9.071102630295123,1.0,1.0,1.0,1.0,1.0
15,1.0,0.7770826235428476,1,189.2,21.3291400628078,2.194048431567256,7.249043477913069,21.894799882413665,34.58255946181081,4.874099359266845,12.339858140647939,5.853551437137608,6.837415059286559,3.7379607587430352,9.232358261263325,3.18611789105575,7.89973304635871,1.9989047657218755,17.646301938264518,2.7869591746676163,8.248435113459802,2.905835608463681,2.240312317589314,9.915125164395118,1.0,1.0,1.0,1.0,1.0
39,1.0,0.9152291116997839,1,189.2,19.929767658205858,2.550909566815816,8.947420992929871,27.30699122435308,33.5655456716307,6.0088753940095785,9.706497080336025,6.995884448600594,7.019353732281169,4.139017785900079,8.33102259465993,2.7399057369297806,10.618269630214346,1.8635247729735476,16.671368903113787,3.1402013834970157,8.40104637122443,2.9250457486772827,2.517802278951708,10.44629151654326,1.0,1.0,1.0,1.0,1.0
6,1.0000000000000002,0.8968799664670274,1,189.2,19.29875752928951,2.5548817934117283,7.095045148389947,21.495994928053737,32.29172123876021,5.0293970086652555,13.338937912659546,6.164687930036917,9.060646153251778,2.9205489214031504,9.054053676342471,3.361595635231012,7.795737608787988,2.105878177422817,14.8661337144316,3.7932565403952987,9.242298261024976,4.028415857711403,2.7176276488388917,12.469683401953663,1.0,1.0,1.0,1.0,1.0
34,1.0,0.9738107416099727,0,189.2,25.72146836858796,2.7853616175135287,8.816553867105945,23.14916880052968,33.684532797643726,6.926778426124189,10.793847973888134,6.997363869924834,6.914085714142249,2.978490301705142,7.592311505251959,3.3601398258337327,7.786520153312994,2.010304428178627,16.576050981312413,2.6587309432248416,9.70200806053415,3.304245114239013,2.504162975004681,10.910651289276565,1.0,1.0,1.0,1.0,1.0
24,1.0,0.9739822467101019,0,189.2,20.780272459178427,2.6923048975917547,6.120417941150512,22.60923244103749,25.94962623497572,5.261833907498044,11.38423592503117,6.376898775699371,7.58862232683074,3.4367077551847687,9.447822083296012,3.7722160267153413,10.942540161517645,1.85862315506499,17.42838024006054,3.1616714543857127,9.810053878597168,3.604862120967194,1.9236113469436806,9.928302549625531,1.0,1.0,1.0,1.0,1.0
37,1.0000000000000004,0.9724935300538868,0,189.2,20.184789166655175,2.3913925050335956,7.3089519349566165,20.112805080662756,34.48383860614848,6.497428413046645,11.3939841184774,5.918669211130676,6.7480556518727495,4.183284584494652,9.46276971040866,3.5210857462162317,11.347371421537854,2.2402897161776765,20.072077439019946,2.716400404422792,10.353099050735459,3.5138893738299166,2.3354124802473644,12.428375586874472,1.0,1.0,1.0,1.0,1.0
6,1.0000000000000002,0.973162139476795,0,189.2,19.823573084230855,2.3503760849705793,6.542189277097919,25.222338367274364,33.107213478259446,5.22614336937846,13.111452389087367,6.671611230666666,8.271165573671398,3.743812198151048,8.639398589282427,3.0295366535724786,7.703034546427736,2.3012301275060105,15.761640433306399,3.1434756597043334,7.798684932459587,2.933472365052659,2.1672128022614103,9.023262676838279,1.0,1.0,1.0,1.0,1.0
18,1.0,0.9741666158313689,0,189.2,23.976501056981892,2.5149205907913363,8.35045286756517,23.00225956962684,24.62846419984075,6.624315093619093,9.644432124832269,5.979488840424908,9.523359457630361,3.7054659415597517,9.437198567797221,3.3098361827078726,9.994207387187721,2.2892040977646215,16.970605260753977,3.5626865226675344,8.718047893823123,3.695144118578589,2.4226721530116415,11.775742280148169,1.0,1.0,1.0,1.0,1.0
3,1.0000000000000002,0.9752106033441885,0,189.2,18.468457859440925,2.4004902455136374,8.674532678459686,21.643216679516613,33.15021141111868,6.155972897613919,12.628541644227361,7.4141201273521125,8.906438417751769,3.1734852312067954,10.493762165410761,3.623875571702459,9.333485420347927,2.6346955758415462,17.479915627216965,3.2777863878716023,8.673053576213784,3.0763452188129334,1.961563389554428,11.585748399782853,1.0,1.0,1.0,1.0,1.0
22,1.0,0.970906798926368,0,189.2,18.68152391034174,2.3196201093984787,8.182580871332332,25.84302279119109,24.144843478389905,6.649717663922654,9.611225006721977,5.929879486885241,6.590113268537899,2.9239319330693525,9.220783886400003,3.776420470242839,9.034659149188082,2.215938606934931,17.533380033334968,3.1224168810659503,9.343431347496189,3.784358279777235,2.8277520446688587,8.985180965345435,1.0,1.0,1.0,1.0,1.0
27,1.0000000000000002,0.9701362052658471,0,189.2,17.961326794909276,2.082996527317508,7.363260345818713,24.74423367460977,35.112868241039926,6.481791450653062,11.718881026582629,5.192947890558862,8.400528126158331,3.8679070547949426,10.2552640971027,3.1990488687867646,9.746672279107495,2.5525680143609373,19.22129584954589,2.9781588640498633,8.017230598999763,3.648389911479142,2.7798970846955706,9.872201018389635,1.0,1.0,1.0,1.0,1.0
1,1.0,0.9733005598544143,0,189.2,25.78889312947859,2.857726826499081,8.358026068964035,22.972536841260705,31.910007100811935,6.525694925085752,10.41386520933269,5.846294807378122,8.766457867678755,3.3967718316013964,7.587552057919833,3.799571419030003,8.443293325408685,1.8090447259821356,19.845766428042342,2.79474568663319,7.301250934017989,3.305116955819871,2.149229168209882,12.135207891562345,1.0,1.0,1.0,1.0,1.0
9,1.0000000000000002,0.9697045146964615,0,189.2,18.37700797339565,2.011809191852709,6.239499422135497,25.548962871974098,30.233116828977792,6.445226340917418,12.0851561738284,7.411703240352988,6.873547766198371,2.8904101661691928,10.006812880325866,2.8664211866970892,7.737012138898213,2.5376097406505242,18.677703847008356,3.7417910761681776,7.3571160390046595,3.6901618654145,2.5881434589749674,10.061827974716547,1.0,1.0,1.0,1.0,1.0
19,1.0000000000000002,0.9669877016194404,0,189.2,25.08426564958992,2.0525329994327035,8.079959676227881,26.914066482932554,30.27853290305735,6.047227257037745,12.815403243262901,7.121305344868842,7.9532686288809025,4.198874844238771,9.977715471272703,2.9531218646048383,8.603774241209665,2.60600845449185,20.85415305175238,2.8724162295491,10.400361812509725,2.8324941135924746,2.2677282760413213,11.685028992633859,1.0,1.0,1.0,1.0,1.0
27,1.0,0.9738917943255727,0,189.2,24.292465819666205,2.698169234655698,8.292569442928617,19.058108027095617,30.265582022823615,5.70491223189464,12.16984969376713,6.541478345700301,8.5525213273302,3.6614641355738193,9.188058268425333,3.197917914743104,8.909448473812876,2.0562810533277873,17.062298999534367,3.0292965637007967,9.843100014946033,3.79628333121053,2.1340113496828224,9.23885393007358,1.0,1.0,1.0,1.0,1.0
18,1.0,0.9746974193347693,0,189.2,22.080982086302527,2.180119348008381,8.742709770715397,22.6573631050413,29.204274331050993,5.728142451728993,10.062859006811294,6.632044324149097,9.048860857669364,3.3516164319090658,8.334588257160647,3.283030031454018,11.068056090935103,2.076232380155972,14.253712208106904,2.644177923507464,9.176176702892782,3.520040695365008,2.490022037600929,8.704785178294413,1.0,1.0,1.0,1.0,1.0
7,1.0023854996310724,0.9469634386370864,1,189.2,20.206762723926452,2.428268366034082,8.697060376767205,26.036267943737265,33.44845244858605,5.123164854918573,13.081484299673852,7.117848627899585,9.052101836295048,4.168557903604054,7.205919141764676,3.3765572257237966,7.755532941884624,2.15800705084968,18.946450502847668,3.450049589326241,7.381932007345242,3.521111834824762,2.529026604189402,11.758114409903717,1.0,1.0,1.0,1.0,1.0
23,1.002385499631072,0.9557786817973453,0,189.2,19.599265766205107,2.59118797311695,7.69285695419715,19.760663078176528,28.589302297310322,4.644316650385632,10.786203329310352,6.7341863045776345,8.0958277468162,3.462492261141607,10.186796253198596,3.026736985768882,10.1643525527772,1.8576443819751307,19.571517213757982,3.591244230631125,8.913972515237205,3.026581977469075,2.161175961983591,9.362481600231467,1.0,1.0,1.0,1.0,1.0
5,1.002385499666623,0.9999999999999999,0,189.2,18.85045512971414,2.0266426854676673,7.274160790515123,25.53479175871676,34.00100435440884,5.254574985108962,12.868828831497273,5.202112882964623,7.568913746205278,3.400309555776131,7.232850311632516,3.728541277252076,10.563287202568802,2.2584101252555424,19.690956646917424,3.668062279911063,7.286768695512773,3.7537658229693935,2.398064562119197,10.365218126298624,1.0,1.0,1.0,1.0,1.0
39,1.002385499666623,0.9999999999999999,0,189.2,17.361089375040734,2.196959777239898,7.064150902873316,21.174302465598423,33.902242509026735,6.8232020230009836,13.205307445726067,5.566473470601285,7.021701467342216,4.107611623170303,8.2110387766336,2.8921877912369505,8.198179155569823,2.132497115575144,15.318027869164107,3.560263866640698,7.030183618211886,3.6697806993051674,2.2524716868575885,10.69549865379841,1.0,1.0,1.0,1.0,1.0
5,1.0023854996666226,1.0,0,189.2,21.262558515677295,2.747472175604003,8.923946482562858,18.382703635052735,27.33583047742257,5.21154007865461,9.549340609119042,6.352965659768413,6.915387483724117,3.2347618518502506,7.506518321895862,3.6380038896105824,11.007930045830467,2.076241412457143,18.49365309004004,3.656271124391111,8.275345598730851,3.76687303819148,2.530330173820073,11.98363448593831,1.0,1.0,1.0,1.0,1.0
39,1.002385499666623,0.9999999999999998,0,189.2,23.76135708132963,2.1258107334442884,6.95508518838786,22.207524149741875,27.193019171435743,5.341141000761779,12.360822386661363,5.004641064223666,8.166984240514092,4.0546833109162765,8.545789633929024,3.2079704743990547,8.02358286838192,2.405435972836228,18.262368466567434,2.76766754216945,9.038175899120404,4.169453901627507,2.2551309787739537,12.068540844909458,1.0,1.0,1.0,1.0,1.0
4,1.0000000000000002,1.0,0,189.2,21.749755841476993,1.9728653560738862,9.085371752597148,22.999385903118323,34.18513927582419,6.218331637643638,11.265615845190922,7.194855955003727,7.542779357974127,3.2566389821397603,8.321196789983869,3.2766546407819357,10.99339214928826,2.347541268657938,15.530547452400373,3.347881503701684,8.734558793773164,3.626247893030417,2.6008697050823684,11.113494038045463,1.0,1.0,1.0,1.0,1.0
6,1.0,0.9999999999999999,0,189.2,19.962563267722732,2.0210109316947396,8.607778037627408,23.618347685540552,25.5335783984921,6.065388385523724,10.343475533231027,6.069213236972342,9.140237003851592,3.894912883737843,8.776034312527537,3.702270462905051,8.634317718656858,2.451193325027209,16.121146631127615,3.178028329721025,8.379934398045599,3.0646264002010626,2.1552801910576234,9.209319908668027,1.0,1.0,1.0,1.0,1.0
7,1.0,1.0,0,189.2,18.43344853732116,2.6048744478198818,6.826588506722457,22.291174325558046,27.76445375495066,5.515331901936132,11.2854201370686,6.083938727397219,9.249732579535523,3.988886180053508,9.592573344629791,3.838145936392546,10.864870600620298,2.2173296329224086,19.595404172920983,2.830390461998426,9.640907909894977,4.178129578822122,2.079086239667479,9.174016945128926,1.0,1.0,1.0,1.0,1.0
5,1.0000000000000002,1.0,0,189.2,20.5109931443565,2.3816076546841254,7.650597012991151,18.907836081216512,26.259566425826712,6.563441323763248,11.501784279621136,5.2952619142454465,6.863637662385389,3.6456157252850323,10.015010205620891,3.7671309252539693,8.540698463979417,2.103808784860639,14.285198168371624,3.344898414665132,8.001861459397801,3.2229726164733306,2.0330442104524344,9.483952432763122,1.0,1.0,1.0,1.0,1.0
16,1.0,1.0,0,189.2,25.235641681915748,2.5187321245407532,6.119808116282809,20.06203208973997,29.428830169008943,6.13009589667243,9.741328304756617,6.4885634153503355,6.796490457200562,3.888947519174377,9.762966139634694,3.1164051641280746,10.859345061658406,2.4804510655977916,20.50645544727261,3.155984591377167,9.324540098773017,4.112788302056672,2.7263733435701476,12.079585670521343,1.0,1.0,1.0,1.0,1.0
11,1.0000000000000002,1.0,0,189.2,22.72618817078446,2.429279367579436,6.338322386522746,19.88951078185346,27.756552138282483,6.874851663268617,9.515617655233514,7.185193950921481,7.8064396902422795,3.6320927333326702,8.284182111721238,2.87085010685695,10.338454638119394,1.9397430120090082,15.462611079771062,3.523865653400316,9.564706558438942,3.4156032399059133,2.2165300652849362,10.988279044153353,1.0,1.0,1.0,1.0,1.0
12,1.0000000000000002,1.0,0,189.2,23.903542767887348,2.674833650784905,7.369158611112623,25.787379676824475,31.873300673208124,4.936363905916198,11.350911158293599,5.946625734047875,6.954686348072042,2.96549714799211,9.005641679925974,3.568465813484091,7.9932056872455535,2.1736147471607237,18.48523393630876,3.693284688944273,9.510048955862485,3.9259259577781447,2.386062956145265,10.055936202555957,1.0,1.0,1.0,1.0,1.0
24,1.0,0.9999999999999999,0,189.2,24.64526618548196,1.9546919945664065,7.7979877605686,23.589975742669367,32.03532181200566,5.245225019229893,12.153507722552154,5.445878410515177,6.570700557504427,3.291453483618199,9.064902989350463,2.617723868284154,9.455902747400202,1.773203258112089,16.862929115414083,3.496429672358609,8.699301490188509,3.2799016304300523,2.4440663987230407,11.14763930531249,1.0,1.0,1.0,1.0,1.0
22,1.0000000000000002,1.0,0,189.2,25.98362480664663,2.660634809440133,8.213358615449605,24.936422147826644,29.58246108264578,5.123107007499332,9.09383134602037,6.188172618431209,7.826585738756091,3.3493537943991796,10.713473719844558,3.796920283298121,10.843354717124523,2.3526013347134747,20.451513545392768,2.644045549257991,8.755461901407665,2.865766496610562,1.942412267641746,9.862089495555878,1.0,1.0,1.0,1.0,1.0
37,1.0,1.0,0,189.2,22.49700424992361,2.6876897353185862,9.023819398634142,23.237427141573274,28.536779771005104,6.009559187081486,10.32058631557432,5.148765544788215,7.180336131984707,2.99851970865972,8.375913669277185,3.286314267941552,8.736130746022933,2.0285545745184765,15.980781315349764,3.0416954368829985,9.4225146041167,2.9549203972788454,2.640242446846354,9.82406649629743,1.0,1.0,1.0,1.0,1.0
32,1.0000000000000004,1.0,0,189.2,23.438434736054248,2.729954823440663,7.583689716560176,24.060402510117175,25.053876408006424,6.832984296053657,11.584105264305684,5.325116348074673,7.399618344687526,3.544421257742858,8.38144640375514,3.509959522337768,11.024713542116835,2.0203547908354786,19.302509979970914,2.643197306004949,7.552970734847961,3.9782275615606335,2.74636016061168,8.648920812984947,1.0,1.0,1.0,1.0,1.0
15,1.0,0.9999999999999999,0,189.2,25.94605135424463,2.513904466049367,8.123725107991808,25.68221683354901,30.14656910418772,6.5616238249824335,11.36109989199291,6.9512789044119785,8.234149626978104,3.0788970200493386,8.613789325849645,3.4376999256555907,11.276037534123805,1.9102776726510058,15.795728729757109,2.831164363597315,8.60753155519148,3.8181714371379156,2.821000354193086,12.688222519350143,1.0,1.0,1.0,1.0,1.0
25,1.0000000000000002,1.0,0,189.2,20.159077066545677,2.0978855189059895,6.212274337895058,21.916139099425596,34.5414594335918,5.226971767402618,12.802957814892405,7.307332861729386,7.633830566306283,3.744106190536445,8.558136449712613,3.5599748901148596,7.78075361939274,2.5529482615526535,15.693699441796934,2.782400816354185,9.584504717425029,3.4594107345656293,2.683227757205213,12.367974329717388,1.0,1.0,1.0,1.0,1.0
36,1.0,0.9999999999999999,0,189.2,24.673651880344977,2.876230149211461,7.576400911556562,21.168638514150743,29.882597842388968,5.514267102234042,10.104523864216027,6.533335366780225,8.823608354228407,3.425074775403655,8.364768911173787,3.0665208796886754,9.312996732445518,2.2579357761614887,14.207634532989557,3.1428756026238283,8.038001669326881,4.16666454735467,2.7851996506926007,9.435295027578048,1.0,1.0,1.0,1.0,1.0
2,1.0,1.0,0,189.2,24.542045723841074,2.2430680617771626,8.610159289330161,19.33834020359528,25.939863153163717,6.824195960471077,9.403365387082582,7.422975815597721,6.882186330245973,3.9577843567765387,9.55274403272498,3.377553437222771,9.135987654836823,2.1198640920996796,14.869740568503106,3.354431419565248,9.416917773719742,3.649437346034942,2.0765966183549263,8.933338251192295,1.0,1.0,1.0,1.0,1.0
35,1.0,1.0,0,189.2,25.802740140900056,2.4396914881627714,9.065710109589242,20.231352508577853,34.62155201042926,6.7918336357967455,10.218743567434688,5.163630197118004,7.825368382721488,3.853520965534765,7.248663421551785,2.9331857606081115,11.038378701445453,2.528722962272986,16.020057580720703,3.770152571092895,9.992957463000371,3.4672348435097273,2.5478669900804123,12.6523614854304,1.0,1.0,1.0,1.0,1.0
24,1.0,1.0,0,189.2,18.663137022493647,2.096538961186808,7.820861362716781,20.275225859883456,29.820714406349012,6.5635774317970546,12.582325640457679,5.472390907374276,7.569507253630991,3.277493680527118,7.338787378715759,3.1934655247512844,8.871423279908635,2.452977934172282,17.6725507949171,3.5167367384425874,7.839813202364566,2.9744687568952703,2.0736004914499397,10.56258647724745,1.0,1.0,1.0,1.0,1.0
28,1.0000000000000002,1.0,0,189.2,17.695921147540222,2.0571518272852196,8.410435075959677,26.182387435347756,30.794455727505444,6.182646622749228,9.472820136404518,4.9928870883658405,6.780179641924068,3.2295191081060253,9.227634072013311,3.513568925286807,9.850070471562958,2.126797861143994,16.623255926904,2.891020556846293,10.249225811858718,3.5815720349603954,2.3518957939799368,9.442877186086532,1.0,1.0,1.0,1.0,1.0
19,1.0,0.9999999999999999,0,189.2,21.400973946147708,2.826371888843833,7.802990821032158,25.296155486688544,31.817194480315532,5.636355206749991,11.080749341715151,6.677483932350138,8.838278205309532,3.9013806015429875,9.366353432213833,3.1708264169332674,9.540990865385508,2.4505163526850104,20.540752093910815,3.699918200748117,8.954383236562325,3.7931242326391468,2.1272407274398266,12.454220801292305,1.0,1.0,1.0,1.0,1.0
33,1.0,0.9999999999999998,0,189.2,17.690497754591384,2.3708134241063856,6.551132634007022,23.882587047417807,24.371838255542368,5.2978123364546175,13.405115160055908,7.303168038406027,9.023817483249207,3.084657834761167,9.323995602975016,2.5649823478722618,10.35289178410659,1.8039618363198309,15.407210623313102,2.6068044725872994,8.209866008192101,3.27057814258819,2.813260896728468,10.80189595282889,1.0,1.0,1.0,1.0,1.0
18,1.0,1.0,0,189.2,23.12030743988555,2.2696969386897563,6.541079488008478,23.628519154382168,29.690621819754707,6.2499741867328416,10.25605405516297,6.844852196534897,9.797810700779664,3.954390841321697,10.097093420505779,2.8833172032657024,8.31785128270325,2.604543474610303,14.256352499902428,2.8500202986203456,9.643292345230975,2.9543931407950605,1.9666551431947012,9.081608008785532,1.0,1.0,1.0,1.0,1.0
28,1.0000000000000002,1.0,0,189.2,22.56620123737756,2.128264727062142,7.8046058152854565,21.051289024429497,30.50834875590801,4.673369427237077,9.89902472757015,6.550739899715604,9.186032949757044,3.7567142499261585,10.35932694789557,3.5442224866739753,10.50779964583024,2.5273021105850813,20.87269995466812,2.7187279720605417,8.199735966152588,4.16172415609173,2.113504105098247,9.822570557942756,1.0,1.0,1.0,1.0,1.0
25,1.0,1.0,0,189.2,18.67314745872997,2.2657839452539803,6.495166914383482,24.44792848578081,34.36293842801121,4.9367519562522295,13.019815074237751,7.41088168200633,7.1300657415010145,4.0979525682355,10.312261240395202,3.573112880962192,10.893294615187163,1.991423556132739,20.513389700476058,2.944046407114945,9.736535590147737,2.8574141576195125,2.376530600831933,8.58772545339503,1.0,1.0,1.0,1.0,1.0
24,1.0,1.0,0,189.2,22.55530420101379,2.815169545350481,7.0372247898128695,27.28911391104296,26.111589271124934,4.74896526034417,12.267098914424546,5.1154337896407975,7.430969683157942,3.148934344808727,10.563625278031395,3.2442164966120317,11.228069406797282,2.0302608794766352,17.530828653131913,3.6871839533051958,8.589076476317324,3.7396412542405546,2.366907995836387,10.394608505579958,1.0,1.0,1.0,1.0,1.0
24,1.0,0.9999999999999999,0,189.2,18.827012984720103,2.564620676110769,6.619636138141264,24.0074086619933,27.5953714842518,5.801430937232329,11.875706601873246,6.266846776886045,7.570571303119779,3.19101612651452,10.119930395302616,3.5122521220293077,8.427728412486221,1.825966154221039,16.985573295010465,3.650021748986468,10.23779631774046,3.858565762625601,2.4966407245940347,11.877598936273813,1.0,1.0,1.0,1.0,1.0
34,1.0,1.0,0,189.2,22.816249460326386,2.18514113819962,8.229949052796707,21.468182170967083,28.6741036765725,5.813744613806586,9.132140355279237,5.835982759373878,9.514567157655932,3.259358446281646,8.310651298273779,3.32777369956297,9.725801770051909,2.120110213225161,16.189291849030106,3.2014506569318835,8.553325455427098,3.132903691623205,2.053505221491657,12.213190283564119,1.0,1.0,1.0,1.0,1.0
16,1.0,0.9999999999999998,0,189.2,18.110237744800976,2.802011986650956,6.125578995139412,24.568658913558675,26.748284309330348,5.80956994762147,10.587306679958127,6.022421399134674,8.704644529380252,3.566588538751825,9.006682834111006,2.714495355180482,8.059850723567818,1.7808590183663338,14.54308202831512,3.7949953265432486,9.59696672800036,3.296078892357926,2.7601003564815785,10.474332238377224,1.0,1.0,1.0,1.0,1.0
12,1.0,1.0,0,189.2,20.504449305744384,2.062292406612129,9.02865585070977,24.154729414681285,27.7973750787972,5.814339479199126,12.85390233160411,6.935083667378391,8.149271037764482,3.745106429349484,8.547772242789675,2.5984484638222156,10.151020688459484,2.3304080802875387,17.72798012850134,3.01023752873248,8.233000582017292,3.6660548129254815,2.844164108743946,10.515548930696852,1.0,1.0,1.0,1.0,1.0
0,1.0,1.0,0,189.2,24.632784864914495,2.137205285749154,6.311430411206487,24.76260763719224,31.43695495711029,6.78626702976262,13.22575373367213,5.353063022622269,8.567836849109115,3.1868965001890808,8.316756771170391,3.813116538561942,9.808719202185724,1.8768407866259458,19.469595458580102,3.242416329364101,7.505364678973944,3.5707483456911526,2.771264384188153,11.546684110666405,1.0,1.0,1.0,1.0,1.0
5,1.0,1.0,0,189.2,22.872454936633396,2.7165133363682057,6.768866879823805,22.46069229263166,24.49910298783481,4.82320616696077,12.095015755969893,5.1180956613327035,8.429763068836808,3.188769380725415,9.640336265987012,3.7617558831424773,9.359159324841817,1.773512064660674,15.562910714232055,2.799453293233375,8.954082548238953,3.6701255664493098,2.547404386354472,10.642519250531887,1.0,1.0,1.0,1.0,1.0
11,1.0,1.0,0,189.2,20.196995663064367,2.7230220987242597,6.117863379283695,22.49428195595904,31.242525361589347,6.877134841750326,10.745961773588045,5.033728689159952,8.41753939019372,3.236599420907826,10.732448076358246,3.7199139613787566,8.600622234941847,1.8831357033909601,17.74497010108816,3.550514100609715,8.46219031709069,3.2369067733765804,2.768889200794995,12.230215475248526,1.0,1.0,1.0,1.0,1.0
8,1.0,1.0,0,189.2,17.80573098959117,2.2977790405974665,8.906000304190096,19.01275955150382,29.857406012445423,5.059159839196304,9.540469714587227,5.545656511194461,9.120923374860912,3.2774865864626395,8.234193902602922,3.076681778739213,8.39996945448636,2.066323268852604,14.720419313685714,3.828196272098017,9.699237327572348,3.2171505521509838,2.0172811906084025,10.616640685132827,1.0,1.0,1.0,1.0,1.0
33,1.0,1.0,0,189.2,24.407156388281564,2.1468263202907663,6.090273962572162,21.929828722907793,32.11859492784351,4.948535167114817,10.285587950177405,6.738138901498926,6.741667063142956,3.6006941022719383,7.328733396497819,3.414044093054002,11.313713446563128,2.2958763277543195,19.9800719110702,2.7684875867351506,10.004300937340732,4.046991033837836,1.9940325493676894,10.251417777612417,1.0,1.0,1.0,1.0,1.0
22,1.0,1.0,0,189.2,21.96387276589008,2.6911583473593916,7.418126652268925,19.44162434387874,27.850966776919734,5.608092942883017,10.133686761198009,6.320719053828574,9.134168286670702,3.4529721618712172,9.952846176126894,3.1038034471880973,10.467518577448828,2.552221673556326,20.275205051193836,3.6559676485782284,8.669178454708282,4.00701175515944,2.4506301009324294,9.326160283211848,1.0,1.0,1.0,1.0,1.0
33,1.0,1.0,0,189.2,17.575289639194615,2.1162812475956034,8.281468809044302,27.219694989014226,34.95883752351679,5.133789606436408,13.438107455685223,6.963539004123565,9.070915398287916,4.1656109812867275,7.575372932808002,3.568087421026876,8.005827422279964,2.341903585350596,15.480166214065516,3.1978037575584026,7.272887951896864,3.451328163653572,2.5409782828195286,10.343866400485739,1.0,1.0,1.0,1.0,1.0
40,1.0,1.0,0,189.2,19.50366019717953,2.8204190321307547,8.383015605101372,24.814810714060012,30.84183658882282,6.809200438645116,12.170826600786429,7.274581539753137,9.364609824495606,3.0568608402614923,10.36415799633269,2.6988379991662588,11.079793107570795,2.5694539306999675,19.82723837361638,3.397290076804876,8.65245483282021,2.8320354834214436,2.4982467751893767,12.10903029608405,1.0,1.0,1.0,1.0,1.0
22,1.0,1.0,0,189.2,20.532638954980644,2.632195318032648,8.431677695913349,23.81021605879917,24.418819638874155,6.096710520092677,9.174147206572842,6.289800923629722,8.129322880674474,4.118924725447972,10.773202445594134,3.123533222894869,8.828928900003422,2.0898008105993244,18.272431723801777,3.2748981198514837,7.40107898262555,3.767020419048632,2.5749883954719013,9.787951272831933,1.0,1.0,1.0,1.0,1.0
13,1.0,1.0,0,189.2,22.588979624046132,2.454336606567955,8.990349916148395,24.356858099320007,33.353111029496525,4.852433171726815,9.830622986067088,5.908917390915754,7.157544215237345,3.422697870333792,7.637682344542744,2.6733087714183115,10.104592244024184,2.2973638568908665,17.76896042163426,2.7910288124292406,9.875108439393895,3.5241952308141857,2.013269035467625,8.554277544335141,1.0,1.0,1.0,1.0,1.0
18,1.0,1.0,0,189.2,22.309210972865674,2.05754684327967,7.455862949212403,20.421720439570333,29.17184819106828,5.9611369991603995,10.397237160358085,6.859296401899889,7.555061605482836,3.0353495848386056,7.27351659222975,2.8846513511314225,9.098898076550599,2.3642272745990125,16.571029050694488,3.0719959190096158,10.037016963796042,3.8051754999325587,2.1616622280236446,11.99483398131653,1.0,1.0,1.0,1.0,1.0
9,1.0,1.0,0,189.2,18.059872910516734,2.4866793816789516,6.694155995960594,21.731193349980007,33.3168717109278,5.284251759109225,11.193685074523403,5.88458223103909,8.749512508833057,3.089947728155267,9.38126142843986,2.824638082982581,10.312347153351073,2.317278539683858,17.918859450573144,2.965983914305275,8.123218202484829,3.366981611127695,2.4556250896996374,10.850229442917994,1.0,1.0,1.0,1.0,1.0
17,1.0,1.0,0,189.2,21.974787730493,1.9999171964144935,8.887479829681117,21.323630885562416,31.793231452688723,5.169625610893661,13.007265195340596,5.30495810263515,7.49413313136033,2.860503104882327,7.229646919985877,3.187905673990624,7.765310870885277,1.7910643865323626,14.958220826627395,3.4409067186178994,8.131400850319682,3.2469190481148247,2.271510807112526,8.545046930861979,1.0,1.0,1.0,1.0,1.0
6,1.0,1.0,0,189.2,24.58527976554379,2.793483811686913,7.91092179089236,23.70069164997877,26.292859708191575,4.9136142670611935,9.919084823680464,6.941943546694766,8.845345974853007,3.6170822288630737,9.110764386248405,3.519891951776321,10.466595387721531,2.1967617954275944,19.98302132912584,3.1359010624187857,10.34617444881693,3.1973526454694228,2.1257564886508535,10.301467010099651,1.0,1.0,1.0,1.0,1.0
17,1.0,1.0,0,189.2,23.139763965807173,2.1925781075627113,6.5031282458636674,19.206854338744126,35.890800103109974,6.2589966185547485,10.021642485062044,6.7612212380250885,8.397670432992637,3.5243237544242274,7.734218592429093,3.6228983980789424,8.726515084860544,2.215252097390254,15.491815964052988,2.7608384167949547,7.65310326661183,3.620666271378388,2.2503593060644564,12.594066086165842,1.0,1.0,1.0,1.0,1.0
27,1.0,1.0,0,189.2,22.908206238772593,2.7496250099632094,6.806174557256235,18.991314434409315,31.921042088708514,6.149651500590606,11.975459152930949,5.259247232097571,9.43152977270512,3.5401899217094623,8.018933865204403,3.542912565269905,9.468653692434232,2.4739453509448643,19.10117796885209,2.565238028246219,8.568558149045302,3.40547963344933,2.7046981161348183,11.07136192069653,1.0,1.0,1.0,1.0,1.0
19,1.0,1.0,0,189.2,18.217778133178328,2.4618935170398353,8.506974662109908,21.878801251243793,30.47633664535261,5.5751073526395745,11.494618811802805,5.537105274446633,7.634926248898478,3.719138027035941,9.034063636163763,2.940283274078121,8.273383381277519,2.385904325091572,17.045355509451245,3.1024422433677326,8.960795891420965,3.193403233687311,2.420657634870368,10.0977556132068,1.0,1.0,1.0,1.0,1.0
8,1.0,1.0,0,189.2,22.258960106106024,2.7680527550251655,6.517833059854292,20.466220529454546,28.394433939603175,6.237361341040861,11.956148608889665,4.972454767077209,8.740535120502441,3.1907810814834385,8.642027948996798,2.74694327323496,11.110574933698128,2.4295721287486893,16.710041641327283,2.653325182356726,9.688921876329042,4.195452800764683,2.5050149913021835,9.011773088758147,1.0,1.0,1.0,1.0,1.0
30,1.0,1.0,0,189.2,22.186938593994864,2.680197480907715,8.339136508746702,21.335441549834435,32.5937646961202,5.0583951004876635,11.00461714824945,7.421937355123239,7.305574151023256,3.353553148576546,10.406693403479805,3.535444185070931,10.066254326771993,2.254786839268085,20.37723565586425,3.7279450404983843,7.8075019135842325,3.8958949587275176,2.7587226321483125,8.615791801190122,1.0,1.0,1.0,1.0,1.0
26,1.0,1.0,0,189.2,20.52899282492998,2.8779639876232084,6.141511084956443,20.372766977438353,30.26079358188932,5.64133160245579,13.289316915538292,7.1586886323385786,6.874710540984836,3.8417346365603207,7.326133054146467,3.2428691967142456,11.048780168147578,2.1864438775863624,19.959370284649378,3.3946096736679934,9.107394251906975,3.2421220016554733,2.4015418919949965,9.00610586383005,1.0,1.0,1.0,1.0,1.0
37,1.0,1.0,0,189.2,19.814088540214794,2.736573943790188,7.116947256234745,25.46148038199285,34.99404623049845,4.815765072998601,9.927395513965068,7.043161821192838,7.00844851846813,3.8482117626096146,7.298495872231734,3.686579370923552,7.654009031989123,2.3800932859070585,14.273754206126782,3.248925389926731,9.109933235978305,3.8427079472317183,2.104571397422878,8.94073864983147,1.0,1.0,1.0,1.0,1.0
14,1.0,1.0,0,189.2,24.13255988658782,1.9753379171907783,8.151732638773737,21.538132437931615,27.1425152424948,5.8951217490267425,11.002069600117922,6.07122454843714,7.185812453591229,4.163475447099448,10.06189442090985,2.8107029389731895,8.50687133091024,2.0751521123157706,15.320147211343883,2.9262045951379894,7.037549642003942,4.137214214233282,2.570499156544257,10.413572647365903,1.0,1.0,1.0,1.0,1.0
31,1.0,1.0,0,189.2,20.135225472379158,2.2767338144735114,6.387126980357521,23.843848368547686,35.53511068688437,5.483750587651949,11.505667609233743,5.164880840231194,8.4292393090474,2.883338978177588,10.265241984139216,3.6281623891201225,10.124547534538216,2.0591260511260865,18.165532215658644,2.6084517615996643,7.995219767602872,3.2879563966271537,2.279769569511679,8.969362832203753,1.0,1.0,1.0,1.0,1.0
2,1.0,1.0,0,189.2,23.791168660976638,2.2298633111442343,6.24169358933416,26.83373255150393,32.55938318356772,5.105150301445825,11.568756972533697,5.732904428974314,7.705593117102162,4.125615311048527,7.519450802954758,2.9596772551133994,8.263234980735245,2.3724885196055046,14.087262219109219,2.790106536677852,10.4016763386327,3.7974111622460387,1.9579517190348958,11.029132065733519,1.0,1.0,1.0,1.0,1.0
11,1.0,1.0,0,189.2,17.491131574031883,2.7325150139631242,7.512622857699689,23.257625769301324,26.129609369612936,6.0212408379672056,9.524989323615227,5.675694881208867,8.389386506085604,3.637975870901632,8.141311614923724,3.1008744080787687,7.849705236742478,2.0101537536825522,14.460488265093266,3.4050465610317016,7.4358707218514715,3.4757259772376647,2.8348225607104482,10.975903576633538,1.0,1.0,1.0,1.0,1.0
28,1.0,1.0,0,189.2,22.85838504923847,2.2046407997177346,8.46762994368131,25.119038458880535,26.848317651915988,5.385112481692053,11.428007269956638,6.789364575016753,8.617060269693678,2.9877628073736515,8.285457511551686,3.7799174423000554,9.385594239424286,1.8469042141787722,18.06095176592336,3.2396560008662356,8.6812787063871,3.8561773457038377,2.2581247707396814,11.87626531001093,1.0,1.0,1.0,1.0,1.0
23,1.0,1.0,0,189.2,20.964991664983124,2.522425473076448,6.686197298869128,19.458300761485788,30.744316498287823,5.954330407141071,12.02045459906585,6.406212670983292,8.498168309511131,3.1773889542052145,9.509022994707824,3.682240261745087,10.402760424582414,2.33238361022269,14.657091050588084,3.5323208013175447,8.683281157027334,3.857649277346115,2.230533084255612,11.9426172810854,1.0,1.0,1.0,1.0,1.0
1,1.0,1.0,0,189.2,26.018661015973144,2.537395857168119,8.248601880174878,26.397819976057864,29.55433478711244,6.939410252890569,12.733141823969678,6.599915750792191,6.658795109242101,2.8470441010251926,8.520802693391996,3.422469889521797,8.608164062795858,2.3954064369107364,19.67850436401561,2.6986168210855803,7.201270767588531,3.2684221383027197,2.7001041897892777,10.534469344813834,1.0,1.0,1.0,1.0,1.0
34,1.0,1.0,0,189.2,22.50560700421475,2.5648952521158255,6.287474773115136,20.381197209026315,31.822759823634303,6.80052510897678,9.331641674500661,6.527147364040966,7.481249438317071,3.559212843806425,8.52605834064359,2.607774787082651,7.93017998513576,2.0353708133873174,20.357363623951933,3.044286638322828,8.253862725796768,3.9322584861134553,2.799645003115888,10.697912515930405,1.0,1.0,1.0,1.0,1.0
39,1.0,1.0,0,189.2,18.473161862544732,2.6557155287884577,8.65258688388567,24.341765367784998,34.98759619636729,6.4341621741229815,9.549665062142138,5.749972910136223,8.863624476227706,4.1692388362871355,9.42758704721275,3.2298694903898326,8.149550411214864,1.8816345266738765,17.091259650011022,3.7774356017641844,9.56143467017613,3.897977866613833,2.0314448750827387,11.732112680459792,1.0,1.0,1.0,1.0,1.0
38,1.0,1.0,0,189.2,22.029460994164694,1.9354898063574175,8.437314615265109,18.429993324184153,32.7702748681267,4.900893654892915,11.665454697720214,6.977520054916053,8.29983553515276,3.399000456119049,9.41915959146708,3.291055086970824,10.532158628300332,2.470224848190491,20.824794087340774,3.7746381390767376,8.046884895630294,3.0255831858547935,2.4607243945733956,10.70825380934994,1.0,1.0,1.0,1.0,1.0
18,1.0,1.0,0,189.2,20.440340212900647,2.1483909796066265,8.25440804323629,18.745735180078636,26.85031227861572,6.37759259203088,12.802485527869752,7.132885578677354,7.731979251959246,3.704472185791163,9.847401814732644,2.9316251726448326,8.310273558204203,1.9621057094868282,17.693824973034918,2.7535915473026407,6.997675275933679,2.93401200767655,2.5853481458651495,12.44211752815809,1.0,1.0,1.0,1.0,1.0
10,1.0,1.0,0,189.2,25.9652438355626,2.8688477294147083,6.785698928094357,20.145293307503678,28.40768041514984,6.431780694002382,12.635455457852979,7.351257814227067,7.892705568632586,2.9245673550362,8.567842879313734,2.6603683247517664,7.663655875745816,1.9054978139893044,15.770471527924595,3.4773228926501107,9.691527639813785,3.42149946653162,2.2905545317275577,9.37812907350475,1.0,1.0,1.0,1.0,1.0
7,1.0,1.0,0,189.2,23.106273334808996,2.7630634584474185,8.486458366752501,23.353129075113195,30.85884520903242,5.684062340126198,11.035196177927242,5.604730954092412,8.944517698094696,3.1962175064583267,10.757931725731801,3.592512543360705,8.472115819651286,2.630073101426211,18.849307484654734,3.2571660084893823,7.57188258212459,3.1182646793966837,2.224912178944075,9.370878037627373,1.0,1.0,1.0,1.0,1.0
33,1.0,1.0,0,189.2,23.202761763613353,1.9358640853024736,6.540688300621645,19.7273244748752,24.861870884849168,6.231763896923271,12.888324544731958,6.301502255250394,9.524272061160515,3.904636217248666,7.614064046033544,3.468530079493144,7.755062883414709,2.3216287178647,20.630923033699844,3.3378253562284557,9.699875454410146,3.032428320685083,2.2211668981309525,8.719833011103505,1.0,1.0,1.0,1.0,1.0
22,1.0,1.0,0,189.2,20.00366969671783,2.8512999067297833,7.237008513545037,26.260257216555598,35.68347790841197,6.573563650217426,11.466739812161094,6.17237065501188,8.220975707894231,3.5108639081839224,7.255138312930548,3.6489224882913995,9.438753521611163,1.8142269442318986,15.562919853547344,2.7203003919292126,8.475777644638654,4.015580761908062,2.473315250444439,9.910386252005825,1.0,1.0,1.0,1.0,1.0
10,1.0,1.0,0,189.2,24.590141880647337,2.658804151959134,8.7782737457794,26.477694943318458,26.86347838623422,6.599043396845922,11.036475257410302,5.164023640820143,9.169419596181902,3.5902763154809167,7.549930316465268,3.158777712283298,9.710834576645702,2.5901384564776997,19.10781063363477,3.5663716238574836,10.322049049055709,3.8843251436675383,2.4258671952255426,11.908859052982805,1.0,1.0,1.0,1.0,1.0
34,1.0,1.0,0,189.2,20.25768642168489,2.7839464082284473,7.058468578711047,19.62590192968333,35.09115010161358,6.156103913201036,8.991934710608653,7.201982034977293,7.163396044197439,3.285928077895317,8.739026007084224,3.3031699915388915,9.184176508069932,1.8945966825369112,16.054745525967604,3.376192454975636,7.261226679559739,3.953824338809622,2.6965175728209956,12.68907597462167,1.0,1.0,1.0,1.0,1.0
35,1.0,1.0,0,189.2,21.040783689877816,2.7159918850821363,6.127791974395703,25.10281257193361,28.28722562329959,4.795851331301015,13.369253419874708,6.965118352117204,9.382327047192165,3.6812927681663052,8.04678558589415,3.092117592579145,9.116494461230886,2.431380696710008,17.297353094098032,3.206827091524705,7.8321617326524855,3.2102929193089538,2.7321804405216317,11.656664462145931,1.0,1.0,1.0,1.0,1.0
25,1.0,1.0,0,189.2,25.51236572313271,2.0213375720158786,7.401563599069238,25.994596838203506,33.959931322268396,6.5196937228090235,11.862917264935026,6.992346725271439,8.983200226997962,4.094329063870523,10.764389858506151,3.5436126009377826,7.943528742796229,2.529285115876736,15.108271997495967,3.0134806193343175,10.132099300631996,2.867979092758014,2.182019422404568,11.59053327571357,1.0,1.0,1.0,1.0,1.0
37,1.0,1.0,0,189.2,20.228279891743913,2.5861868502798737,6.318093508439334,26.959047704275086,35.80181770829644,4.648371102316152,10.249028226690607,5.340965300546568,6.579422495771975,3.645726012530141,7.21707599370946,3.0379946670596736,8.135236645537478,2.5904275317564753,18.824910484920135,3.546904619796246,8.846625746134915,3.5180302783392325,2.2636140976233006,9.28455996555883,1.0,1.0,1.0,1.0,1.0
20,1.0,1.0,0,189.2,18.657544010127868,2.4202992814159563,8.741845178312575,25.555799312337538,28.618275344766683,6.673079676377977,10.13917385913961,5.530492858005497,6.834672379956127,4.092571166833216,7.5560629092357035,2.861528163965836,8.397598775874014,2.1750294730129185,19.519410184355067,3.781154672681289,7.880351607117686,3.0023562707091114,2.454794260760054,11.947465226745937,1.0,1.0,1.0,1.0,1.0
39,1.0,1.0,0,189.2,24.42326753239504,2.491067644093605,6.624967014126183,21.37905575755189,24.76449069845796,6.029917937636027,13.281162020545379,5.399611332762301,7.954273546435192,3.620082218197722,10.755029930890402,3.300217461894343,10.673875347782852,2.120246422498347,18.12579049990756,3.4811357178443476,7.764730397176708,3.306031779099828,2.37843090501392,10.715492930599378,1.0,1.0,1.0,1.0,1.0
27,1.0,1.0,0,189.2,20.984708313010405,2.5052996727267463,7.619679119363943,25.940531048457792,33.53281527962218,6.214481566103076,13.039402592563054,6.980743951192992,7.922312833961154,3.603297393057045,7.779958520782355,3.712485398014195,8.499866532718801,2.0638501595400136,14.050194082098457,2.8463280897286225,8.402057933271085,2.858483737802465,2.502263794016185,12.678844056846438,1.0,1.0,1.0,1.0,1.0
35,1.0,1.0,0,189.2,21.94566225009859,2.2048588163552645,6.253780775744103,22.07243803950492,32.75624527364305,6.671657378514751,9.718437272545643,6.061067347849829,8.959067711590347,3.3106541198586523,9.351969079214616,3.591244615122402,10.45864116743115,2.548393508612031,17.027761102374196,3.2835180882490955,7.883695443191816,3.1022335357698387,2.6923765022371846,12.692455504797211,1.0,1.0,1.0,1.0,1.0
2,1.0,1.0,0,189.2,19.332193791988384,2.130158361635802,7.556647970752004,26.783943319662573,30.060185315434666,6.257906639214622,12.63207427265102,5.175097689349491,8.312617377294584,4.18993323846706,7.540914098795259,2.893741805530599,9.243798385246572,1.9092437861162423,14.226641877008499,2.7046260281643635,7.458838424585701,3.3244724579577296,2.541161456841781,9.281534200885993,1.0,1.0,1.0,1.0,1.0
29,1.0,1.0,0,189.2,18.211726769646678,2.69245170063105,6.744075348708206,20.489258969995024,35.15129011983344,6.697331167303894,8.968724840488216,6.588550319054058,9.437434710731095,3.9958282409290566,8.959395994752104,3.305651865972776,8.034510529155002,2.4516590690030347,19.223701508968148,3.4876547626199206,8.153409479709737,3.164888587972517,2.579070722448173,9.50778506347125,1.0,1.0,1.0,1.0,1.0
33,1.0,1.0,0,189.2,18.621692573779224,2.5930364879241155,7.265071358766529,20.586230500284053,25.993557202261822,6.536168516458194,13.069795745370715,7.3394770183234765,7.928096445811292,3.2463928507012696,10.56144743089225,3.8221494963414906,8.478287816214795,2.0681866874527435,20.54346312083318,2.6000688224570205,10.18113413489604,3.6961355839083083,2.455674328104672,11.949160447763875,1.0,1.0,1.0,1.0,1.0
17,1.0,1.0,0,189.2,23.554212860482153,2.81068558734178,8.873915043393145,23.673881719343047,25.111169817480395,6.626516616482707,9.290367443644895,6.887240930248689,7.697810056139879,2.8249638493765543,7.5714408430174975,3.82286609298983,8.593436470570863,2.3890332904822253,20.647055097346335,2.945023018061629,9.059530758163381,3.326533907256654,2.1271866675848723,10.188408102624987,1.0,1.0,1.0,1.0,1.0
23,1.0,1.0,0,189.2,18.02700867916049,2.613907593968246,6.462984844743512,22.905204201756344,33.088737030571046,4.955912619341332,11.23589312102025,6.550365675799152,7.586801430308702,3.568835302808434,8.760571224556806,3.1077131012621724,9.633177429122671,2.0269638040928464,16.048393724863,2.6805350949725733,8.04140102834403,3.8450267560130484,2.2292705299642006,9.018382589447775,1.0,1.0,1.0,1.0,1.0
10,1.0,1.0,0,189.2,23.024797632413257,2.419973652991045,7.3859898734050455,21.447804965253326,26.428666819902787,6.6483204327969725,13.240895031087952,7.079968646987209,8.789549989773398,2.877585450648733,9.612364047061005,2.8806063498983985,10.682610982010397,2.14301025587945,14.586136165747405,3.510101933980326,9.842077222867868,2.896736544812109,2.2881468013401927,11.339206236647465,1.0,1.0,1.0,1.0,1.0
12,1.0,1.0,0,189.2,23.963857495343095,2.3777158309898017,8.638815177714623,24.7574848345789,29.962411277443806,5.8891552505760485,12.465416405215988,6.232437133146195,8.323150678361506,3.8134206805772366,10.754129702554804,2.698515022406862,10.815838439375883,1.9800189939350266,20.304298250718222,3.035805190123073,7.240434812089829,2.9240420413727315,2.028647518231994,12.573694306083167,1.0,1.0,1.0,1.0,1.0
8,1.0,1.0,0,189.2,19.03872888598504,2.5172692697922407,7.500768074821895,23.54480827967628,28.395343543686444,5.5878016941843835,9.363183917192927,6.952661481783128,8.027610011176593,3.4206799525051075,7.231253949973821,3.8386382115506237,10.809569245326436,1.8628043717146097,19.26564900351199,3.2059125355427107,9.538712815360844,3.158554029643779,2.617022618317361,11.59551224541627,1.0,1.0,1.0,1.0,1.0
14,1.0,1.0,0,189.2,21.96038626243416,2.429104523003495,6.2953654693808945,21.147032557407712,27.392612530395294,5.9599232290879565,9.370369622718856,6.40697183592949,6.787859959216927,4.042324384526234,8.086804929416395,3.621295993726124,9.134906959878155,2.081708293912639,19.328255584402307,3.052787373101137,10.21868231917545,3.1203536125175777,2.3526751788804945,10.185991471208862,1.0,1.0,1.0,1.0,1.0
10,1.0,1.0,0,189.2,19.493592615525486,1.9525202393309398,7.434791794938062,23.466630213599355,31.769285221033677,6.1551657311956625,10.316717583349337,6.235833336907482,7.869362115777471,4.089096827773281,7.978705665333281,3.680132203398518,8.506472344803795,2.224207245673397,20.224919503794915,3.719443583494032,9.668082047932147,4.178993483758601,2.727112443465623,12.360946689455439,1.0,1.0,1.0,1.0,1.0
36,1.0,1.0,0,189.2,18.512097243717616,2.052278170856193,7.9661833427829825,20.035605726058687,24.230165260965293,5.49765436522661,13.038185102572399,7.018754762675046,8.467370270938181,3.783484301798548,10.447210934830816,2.690777836435373,11.338268748795612,2.304979923514126,20.448144502029077,2.569060504845798,9.80845941167483,3.5497827737836487,1.9893016334836624,9.877080053685344,1.0,1.0,1.0,1.0,1.0
39,1.0,1.0,0,189.2,19.700998290013555,2.2604931806258657,7.845555046430677,23.386767659053405,24.329507037216406,5.6724935498608975,13.13892108095821,6.96714208216273,9.649589068182715,3.1091752462942397,10.305293029856566,3.239065062796842,9.00284989895406,2.3784998002194206,19.377268483650504,3.731461996546132,7.578430212732539,3.6219474057150287,2.8790621765961784,10.984699970661609,1.0,1.0,1.0,1.0,1.0
21,1.0,1.0,0,189.2,22.41391379250747,2.258776201384959,8.198907624628616,18.587519023770838,31.329328585651627,5.508469158271692,10.93306393963889,6.412660118230359,8.911524337377207,3.042432023224058,7.466459595123099,2.684933226043139,7.851796457674244,2.3732145822565847,19.192011745738142,3.3304384575383033,9.551363483365423,3.8435006018247333,2.797426890633826,8.896760994628098,1.0,1.0,1.0,1.0,1.0
10,1.0,1.0,0,189.2,20.71423797786982,2.7499326368115797,6.57155632421531,18.42205302228538,34.69194419224615,5.762209618334533,9.915869831252463,6.454582410333167,7.101078783709916,3.6727444949953707,8.557679634862719,2.7058296737642555,9.337796779071867,2.5490673824936563,19.948911225500307,3.1958895928860174,8.083259504183342,3.538547704782258,2.333358692627957,10.636234595705965,1.0,1.0,1.0,1.0,1.0
27,1.0,1.0,0,189.2,19.150313129426245,2.734716479867726,8.94547973371126,18.681011316424424,26.584189422031635,6.919573701448637,11.703424959070743,6.6049259479180815,8.559678631448906,3.6394276448748393,8.842877082829965,2.948263274452059,7.697601990133148,2.3641705741938273,15.654960917579322,3.0396095133947303,9.840496118352506,3.748759507371509,1.9249699483893619,11.679173211414026,1.0,1.0,1.0,1.0,1.0
33,1.0,1.0,0,189.2,24.900635758692424,2.3838327556288905,8.856969721267667,23.320210446918296,31.65965568632013,5.7725038816128995,12.31500588081289,7.407915949811223,7.25537937119694,4.00015772605934,8.869336203561865,2.826858929635685,10.760756462534921,2.390348275080111,20.542330898161755,3.4514135811044215,9.796258203530702,4.1762549784170675,1.9871764785727781,10.81167750299159,1.0,1.0,1.0,1.0,1.0
19,1.0,1.0,0,189.2,21.57840095211358,2.028515884041759,8.074436612421392,18.528767241086094,34.51308293377261,4.791346210340598,11.991924829985134,7.272469502297016,9.681309391017749,4.18394394898323,8.984645615081847,2.833952378821825,8.25739937527651,2.202819311278345,20.480212005737513,3.024285994803275,9.226221270064118,4.06364777784524,2.858734033995438,8.653441870447061,1.0,1.0,1.0,1.0,1.0
33,1.0,1.0,0,189.2,25.186867787480622,2.0529603509417633,8.62564961365081,25.686851546066592,31.10616932261454,5.732783979158433,9.94174717957053,6.119268718396859,8.96846906085969,3.0904975652731608,10.722107518205233,2.6349253092455727,9.065688478783999,2.4338495095651886,14.02252537636486,3.5222201809729676,9.081741864628924,3.74582168813759,2.25660219153704,10.816709857912436,1.0,1.0,1.0,1.0,1.0
21,1.0,1.0,0,189.2,18.678219424181165,2.0354221380950666,7.520450082329171,24.259190822241287,33.64655478522097,4.976565155958209,12.864983714772455,6.964736083240558,8.919333063881355,3.996978181351287,10.25544380437358,3.788414931733964,8.027833966780408,2.558762272589859,19.572393471262668,2.859851274841898,7.961011532646946,3.292985393757788,2.0229620645796493,12.261455961900483,1.0,1.0,1.0,1.0,1.0
4,1.0,1.0,0,189.2,17.95258783919697,1.9736014647061244,8.078266861303957,26.110718581461885,32.22773639401426,5.1499985138033555,12.811972607100918,6.157333106097632,7.875170350694427,3.255833113720898,10.324051708669726,3.126551759036598,10.205666777981927,2.214287851720267,16.527643873771,2.7835391367222666,7.874378539116931,3.0999491731604576,2.5386931349125326,9.547317150744476,1.0,1.0,1.0,1.0,1.0
7,1.0,1.0,0,189.2,19.940793423853354,2.8106671836921038,7.80577000173027,26.124901800465256,34.868694203048776,5.8983632164652535,12.137881176855045,7.144342735138474,9.490791940091215,3.404606086706918,10.744307033957275,3.6430110279203904,10.506047045914233,1.9127349032521312,18.79110791858222,3.3160712678196056,7.99188335778606,3.889107958280421,2.5055397314279184,11.26154099644819,1.0,1.0,1.0,1.0,1.0
40,1.0,1.0,0,189.2,20.380424050000553,2.709515750365466,7.722902101388447,18.47460669259816,28.191173115472775,5.0328475954168574,10.110405203426948,5.397265355503133,8.867625756027216,3.5094062093741387,9.660143844571994,3.5733033685926694,8.222291112007609,2.252998388482479,18.212426211921482,2.7746403291906825,8.53760721629231,3.062082456061811,2.6874153754729497,11.133226076807595,1.0,1.0,1.0,1.0,1.0
35,1.0,1.0,0,189.2,25.259558375037685,2.5658481053865043,6.728939743639748,19.488779523445167,32.61420015893377,5.483978792754254,12.041486241552205,6.637761025820837,7.462771824651168,3.5980757789060935,9.594312248060096,3.2817539931539246,8.877065663304785,1.9118845816178802,15.870270193708206,2.591816769167575,7.27069764085341,4.144260726802884,2.703570974144072,10.533469826656708,1.0,1.0,1.0,1.0,1.0
20,1.0,1.0,0,189.2,22.532958144060824,2.5389240367448083,6.489319874189814,23.9872651127435,34.305917557522925,5.068938299636507,9.284861328811397,5.535436810999986,6.943606063576656,3.0975730680386575,9.86274068551798,2.9549691590317737,11.206366978923045,2.071987104838886,15.224022993743395,2.9372316007232566,7.150556330647224,3.751852929787312,2.645426287104812,8.630051420317033,1.0,1.0,1.0,1.0,1.0
29,1.0,1.0,0,189.2,20.256101973421902,2.1562058817068714,7.720182807620407,23.641531144640535,34.489078710357084,6.8436828894777975,10.86364783409219,7.359146522369332,7.897074329925664,3.5086148133674064,9.251309785804427,3.3223482736544563,8.467632896285155,2.6386770654850356,14.015405451547588,3.493709403631607,8.753767573039308,3.622313317923025,2.1357986889102043,11.72000312569412,1.0,1.0,1.0,1.0,1.0
32,1.0,1.0,0,189.2,18.918596398094905,1.9542604751948227,6.2082138817025125,23.150861463578032,32.96443765534657,5.839728141141231,12.279479457892254,5.622106880199915,8.550620809829718,4.140306905911717,8.118058617152395,2.7466810540792137,10.751937218755373,2.127696789121991,15.915715231398945,3.8052012308886436,7.444535071345722,3.5929538519116293,2.7831216943231563,8.621346565674981,1.0,1.0,1.0,1.0,1.0
36,1.0,1.0,0,189.2,22.82123995325593,2.576836946094168,7.7539731585665335,26.271367109485087,33.43755012320392,6.462447166274997,11.803510157667064,6.239400624864939,8.742465554101832,3.985318089039446,9.8011471831593,3.080059185475591,8.47227373091167,2.191414060308956,16.630450181476416,3.202293691148983,9.594183121438858,3.627802195130906,2.6434895174076027,8.907552318763654,1.0,1.0,1.0,1.0,1.0
24,1.0,1.0,0,189.2,19.999789825923017,2.5879682043009713,8.28650177770704,19.498934539497245,32.46037106844612,5.749110621758025,11.816773913016789,6.9747221464106035,6.730835718292368,3.5521967681249187,8.324059240806926,2.7267882211375607,8.272506294395425,2.441727835055487,14.366710686507218,3.4515156398527993,9.255148524131789,3.583342637074542,2.476975271762895,8.546661655583971,1.0,1.0,1.0,1.0,1.0
27,1.0,1.0,0,189.2,19.488405945769873,2.6356660387127606,7.747711984552181,21.88344161092902,33.66697081630803,5.421897978012135,13.285321530057585,6.236202347807274,8.95237057945002,3.8517028544846363,10.330858792888735,3.4515347635115554,8.834690395593338,2.047755941952841,16.404223943494618,3.0283343616994403,7.675606373524358,3.7802327449876976,2.7811365344038093,11.52061779688776,1.0,1.0,1.0,1.0,1.0
40,1.0,1.0,0,189.2,22.10018181042845,2.501932561948714,8.099084346169787,23.910119213634356,34.51909469203896,5.573414719225014,9.041146695059135,6.4607953423952615,7.699590635054091,3.3420688269057623,8.52451160990813,3.4798671014507843,10.249422280816415,1.8753460874754206,18.523783687576874,2.789478734069908,8.742215839604075,3.908970572933641,2.4760112112875117,10.216131780316555,1.0,1.0,1.0,1.0,1.0
15,1.0,1.0,0,189.2,21.55683299087951,1.944292802549251,8.692301047769394,18.64808625150611,31.59210520762236,5.4309773144990325,9.876102966908647,5.86765361196675,9.162184790822309,3.027325000775604,8.622650496821839,3.694573219002206,8.113065839080777,2.4401777194159315,17.124675959895818,3.422114064675308,9.207940368345136,3.7355989961093012,2.577606745784789,11.262576965226398,1.0,1.0,1.0,1.0,1.0
21,1.0,1.0,0,189.2,22.986932512292782,2.1972141792166457,6.098671328381825,23.393027036688572,31.335303006290417,4.724234307983158,11.556665854064947,6.855551404044248,7.05737611367481,4.141173501956121,10.12316649181739,3.7502584845151787,7.70421391456689,2.2596323397324607,20.906232991870276,3.1532637607308094,7.535206565793103,3.573929835576582,2.0391502566797564,12.183976872295327,1.0,1.0,1.0,1.0,1.0
21,1.0,1.0,0,189.2,21.06690657889081,2.7453865675075217,8.138840493709369,18.447251999383138,28.665600485251364,5.064526018119704,11.687777030798037,7.432871021626433,8.786918604060581,3.5512953596903785,9.872614345227229,2.7150210520500493,11.229238627662392,2.523577743885351,15.34719380018097,3.6571909045596978,8.447079226358671,4.073709172269375,2.258585999426621,9.24471540619651,1.0,1.0,1.0,1.0,1.0
20,1.0,1.0,0,189.2,23.157421785093355,2.06605199427565,8.710122487829244,27.207845484540112,27.792341868439152,6.656926119397314,11.191047583311601,5.961679932186863,6.8360703556934475,4.175191772723635,9.592724415866094,2.72248310605036,10.001919263731013,1.970835453351811,20.126086507748035,3.6387435038197573,9.81205956374334,3.735605790993006,2.3169748147970144,9.52016786149215,1.0,1.0,1.0,1.0,1.0
34,1.0,1.0,0,189.2,21.971727268281388,2.7207797355950794,7.432622350428268,21.856232449890342,28.90213386439767,5.442523261789266,11.153920353737393,6.673841749939521,8.253041439512627,3.238436416117916,7.520386545345471,2.7256699692566793,8.995820545262704,1.9364069055342443,14.362523428314649,3.5615293458777035,7.834167214082268,2.966015018282978,2.02536778800619,10.50219287721518,1.0,1.0,1.0,1.0,1.0
14,1.0,1.0,0,189.2,23.118878861480162,2.174077085685981,6.426220791285751,19.795580629636124,33.3227536196366,6.899734087337537,10.388596029630566,5.990040230343158,7.562745765890686,3.8350730402150495,8.737803380207326,3.327960022069992,9.419837117437211,1.76636751702698,19.464885528237513,3.3464381392226694,8.499305483134249,2.8574794006731543,2.2560346374600164,10.847765422359673,1.0,1.0,1.0,1.0,1.0
27,1.0,1.0,0,189.2,24.73337260890776,2.764861716899556,7.130991591881476,18.967792771063117,31.563399920107656,5.529190891802031,13.41349566931702,7.099108982119168,9.062139195267488,3.3898573883407326,8.542241418777824,3.4996230296096016,11.23795853962623,2.618822096085492,20.367584367580847,3.640417616388394,7.266469234884595,3.393961741682179,2.481183192108506,12.634792985817107,1.0,1.0,1.0,1.0,1.0
20,1.0,1.0,0,189.2,24.00519434105813,2.6582573301505286,7.6409290272941774,22.831138940366266,27.115498495518793,6.78442675217375,10.637636758337296,6.789354424356593,8.53484588291882,3.1242327063733724,9.326440784154212,2.7928396441289767,11.367593059104307,2.3966199223867277,14.841927096132249,3.253511104409519,8.128729493889635,4.121878051823813,2.632975402415911,12.315435673695676,1.0,1.0,1.0,1.0,1.0
15,1.0,1.0,0,189.2,17.506013992615205,2.405701148387721,6.58179797664558,20.00966793502364,28.395509291354156,4.8811913898574355,11.875554844218982,5.283250422577218,8.592427024130359,3.254394132490165,9.814700657881366,3.201132980528406,10.060252779726788,2.3884483937535386,16.502576159487447,3.168630401828386,7.488198388952797,3.1540833832347137,2.7232648124331043,10.51513894443901,1.0,1.0,1.0,1.0,1.0
2,1.0,1.0,0,189.2,20.882381660164352,2.4349136684870754,6.550378497356419,19.14698600850241,26.256808272591222,5.482126533931122,11.020784930132088,5.219187778769426,9.445582822349254,3.407553246326213,8.142273483727768,2.807983470820668,8.685363702370049,2.5758950793423425,15.883679668178992,3.4354100032087453,8.262981692846015,3.0145301415950803,2.4713804558360235,8.695153390923235,1.0,1.0,1.0,1.0,1.0
24,1.0,1.0,0,189.2,21.92640666793242,2.5002113233486245,6.365741094303649,21.23711726511022,32.334409237578264,5.484963695856967,9.249519150897386,7.236609826997492,7.09975022557582,2.9824358569012497,9.163322567460387,2.9625195040965195,9.065323903441804,1.9707038653419644,16.400365073143274,3.6795900403231756,8.156735256250109,4.1806154971578335,2.38533654505784,9.935275573406194,1.0,1.0,1.0,1.0,1.0
6,1.0,1.0,0,189.2,19.194851772738637,2.7118349588318544,6.534952010367667,22.713464022458677,30.60995639142472,5.921624022232266,12.124580797382242,5.723265142520569,9.29230651208757,3.4998893920663923,9.315406936767928,2.8497841741611154,8.478272192339167,2.4691132774163895,19.4455393552042,3.65140810698929,9.351413900470154,2.847615113125874,2.1559687918017145,9.714091705917795,1.0,1.0,1.0,1.0,1.0
16,1.0,1.0,0,189.2,21.54998915435745,1.9409293419747529,6.794964884535674,20.588929884959214,33.44327313480831,4.640187679854786,11.90876788927755,6.6634694751155825,7.597271060778248,2.8558418896982762,9.938375196929911,3.754542556734531,8.097922666937853,2.523083457930899,14.20414477001067,3.323758083501831,8.81367813177722,3.2103285672190998,2.7606350717971004,10.120464366713085,1.0,1.0,1.0,1.0,1.0
27,1.0,1.0,0,189.2,25.845177710490727,2.7526184710754316,7.155546884089851,25.168377878211555,28.505661436318007,6.183511549333334,11.605577456159414,6.630114784229661,7.630551308687331,2.973836928507302,10.392632120565331,2.5682363257138103,9.548003280438182,2.283984721233012,14.572489139429784,3.8163585056286253,9.732899376411448,2.882312733678878,2.37301897900982,10.018986898216049,1.0,1.0,1.0,1.0,1.0
3,1.0,1.0,0,189.2,23.066440413293208,2.6591862120166136,7.969708733478285,26.64393066121971,27.951777556139806,4.6571890340587325,11.31481115684015,5.053010126953274,6.862305007286194,3.5511238597461228,7.652808045794259,3.0098325201312734,8.732980158882329,2.5733515194030363,16.487490966102232,3.1155742269953954,6.9721970633180135,3.4895891103850643,2.57298902311258,10.09286639326081,1.0,1.0,1.0,1.0,1.0
18,1.0,1.0,0,189.2,21.003500189741207,2.3249663797884903,7.616246447582125,21.280213216868418,26.558945676157826,6.826728952389622,10.418117458361499,5.100150397896875,9.417227776860187,3.1060280986500937,9.37012961998931,2.8805367653822365,8.353919060288366,2.6385817478047393,18.428943695419182,3.4366183701990196,7.126260237022409,3.449618192480252,2.7718150336559746,10.360857301998314,1.0,1.0,1.0,1.0,1.0
10,1.0,1.0,0,189.2,25.438035794309947,2.5593843369815685,6.860989239716013,23.80795068732696,31.153426173983597,6.238208511044227,11.88900413894217,5.695262730209464,7.7025336789931504,3.2935329452421422,8.006116516774922,3.308835942463775,8.16839010090885,2.5111338349659142,19.46545477605647,2.5998017686070938,7.669476697450589,4.045697587342356,2.0097571883705663,10.152788335421851,1.0,1.0,1.0,1.0,1.0
7,1.0,1.0,0,189.2,18.783738733161737,2.697856840750037,8.937052992796923,21.065505181896427,34.209624470397145,5.550752986829271,10.354324179562234,5.9201058568032865,6.614847518254919,3.6364297904847263,9.038290945808106,3.6480988816191315,8.725567357553647,2.092577854853758,19.545282208615,3.6751470733419254,7.295844325319135,3.1294621438702017,2.4022810979832054,9.711010058949721,1.0,1.0,1.0,1.0,1.0
24,1.0,1.0,0,189.2,25.233772161657274,2.635460001471095,9.017143834115606,27.344282642284913,35.03589656786309,6.657164172469806,12.31400662272395,6.862032734028751,9.142016612063259,3.03430026787828,7.303273703955,3.7967985295897053,10.675502901709507,2.5742281171872494,18.149020117225653,3.0983547442512798,7.982760387293242,3.899282268808511,2.1379406111154164,12.581119030680707,1.0,1.0,1.0,1.0,1.0
3,1.0,1.0,0,189.2,20.812940296526477,2.2322626164675063,7.689480971856,19.94169006276771,32.04403098398655,5.701514323256869,12.474256059559622,7.415284685742197,7.96833303766319,3.6776193132817907,9.342286338339122,3.477156138487146,8.01669643878551,2.0856688672607433,16.57485102264516,3.7667926453849483,8.632963985552353,3.908777707650726,2.1448859070388555,9.747804572814179,1.0,1.0,1.0,1.0,1.0
38,1.0,1.0,0,189.2,18.46805019233238,2.5512968590157263,6.146840648415592,18.700824500139564,30.74690071010538,4.7740677816849555,10.749491805736513,6.865427803769069,6.853834583685772,3.329656850518783,10.4898937270575,2.739821895232586,10.977679721982037,1.8253551358514049,19.033739740978564,3.797520508583295,10.1745142603206,4.001812115536119,2.8772439475965776,12.526105691323442,1.0,1.0,1.0,1.0,1.0
11,1.0,1.0,0,189.2,19.869046072110095,2.688553439379539,6.940793107585049,18.85283359822201,34.539628832118325,6.074407977011278,11.460870853563721,6.170259971674228,6.962728506190038,3.186206644052076,9.637932996438009,2.6126985190718948,9.06155874361799,1.8418882155736365,20.493146037078194,2.7746099605525427,7.297696536503776,3.0794397277161094,2.6560024902397994,9.843204150446365,1.0,1.0,1.0,1.0,1.0
40,1.0,1.0,0,189.2,23.500237746152184,2.326926713002592,8.6141458905083,24.076010132769596,26.200614146862364,6.6940377842243795,13.215065104567222,6.747442791191685,9.797931063830948,3.0042545313954245,9.900450835793315,2.9460260881241616,8.474415133359152,2.5385182241723987,15.879199845458329,2.6183472643837162,8.383845188359295,2.858262458789668,1.9269062240139478,11.46782603631816,1.0,1.0,1.0,1.0,1.0
36,1.0,1.0,0,189.2,19.15263900338149,2.830808761743739,7.523707870410303,19.652449201426073,28.836226872954562,6.59464863153472,11.993773824462313,7.091425377754073,9.357466632465364,2.8339534541079865,9.91696851947235,2.604692723385627,10.437945223824622,2.2363352101873195,17.172907823873654,3.8163694047468804,8.043474787230325,3.303866583485439,2.551941109248574,11.590361721401175,1.0,1.0,1.0,1.0,1.0
21,1.0,1.0,0,189.2,22.83981470232258,2.72146724963998,8.41494918162605,21.017621840955663,30.724474614738742,5.526972154296534,10.328913811367803,6.289889916433851,7.456919234775389,3.867731211645506,7.785947610031172,2.6006819346863193,11.052492231394144,2.21940460609331,15.097111853177802,3.1647520587636855,9.86959614734569,3.374648926475739,1.9540853137746275,8.64174428540165,1.0,1.0,1.0,1.0,1.0
17,1.0,1.0,0,189.2,25.305952303233724,2.562092003651274,7.5466433074315775,23.226454345279162,28.551566282047453,5.1900453656796826,10.29574517012794,7.150250152082085,9.46671615900851,3.0557771313881834,7.767840995899782,3.4290362843293765,7.806597940640428,2.0859764133986043,20.760605273565428,2.691980593400116,9.064613530285525,3.0639790777024962,2.3356462011659795,8.618734858556701,1.0,1.0,1.0,1.0,1.0
31,1.0,1.0,0,189.2,18.475008812499574,2.55096214277884,8.024871438776893,19.240113195857933,33.341822076305526,4.741696270431055,12.103903318962514,7.100272067465238,8.181859780077794,3.456611014434623,9.921540957322508,3.517248974924971,8.29802489143065,2.174946269982974,20.952173596743908,3.270094195198718,9.493916793078068,2.8825486113548218,2.397142336325533,11.640028223808224,1.0,1.0,1.0,1.0,1.0
5,1.0,1.0,0,189.2,25.274670018608976,2.433131261190306,8.864666494746201,21.199910339239306,26.29993908688808,6.693466090031309,9.785439262699333,5.935311247754109,7.586556233839114,3.372924230983433,9.085020786670796,3.1908232508274974,8.582268625409801,1.9984116101958693,16.78421516921916,3.7591546965684195,9.435715158410897,4.066144880397915,2.3773856633656245,11.666630863799675,1.0,1.0,1.0,1.0,1.0
40,1.0,1.0,0,189.2,18.354448779342814,2.313429210117458,8.564975759882962,23.242998859236007,34.33409431129819,6.028951465919458,10.341946646887012,4.969579361781296,6.737164185523472,3.890883856147116,8.507080163002508,3.7826378095377886,10.478624439487472,1.859625784205151,19.18925940588722,2.8249616965679945,9.61332712344617,3.2145857914915745,2.0742714146028387,10.331522208653382,1.0,1.0,1.0,1.0,1.0
20,1.0,1.0,0,189.2,21.307562026099507,2.170366890258682,6.993157613754676,22.434582064990735,25.45212382008023,4.913547263748104,9.849437691669733,5.3710904907007215,8.611823925342915,3.0197261770241357,10.064393351422389,3.454648514979283,10.252174166170168,2.348941748575457,20.095310305493623,2.6051482195964764,9.395950444969017,3.849388645989765,2.7888292038618276,10.517250939142519,1.0,1.0,1.0,1.0,1.0
40,1.0,1.0,0,189.2,20.225143951896058,2.06744419401921,6.631356045283385,19.22557863307832,27.209293909116923,5.3690902644344645,12.044356537722122,5.221721766652848,6.859045494921694,3.5561113058228675,8.034392172872641,3.2683792487400427,8.253320920288488,1.790263370285465,18.118448884232613,2.656584656887631,7.441731456453808,3.0110746755428233,2.4127569249953766,10.051383238242853,1.0,1.0,1.0,1.0,1.0
11,1.0,1.0,0,189.2,25.619780151555844,2.7517651457495567,8.082019943374952,21.452535216740184,32.83141326813312,6.613352375932227,10.136202285611304,5.1110347733531745,8.60169102724972,2.91545155141742,8.827515407530282,3.3501174447466036,8.157259685144142,2.0364277518519085,18.136830081540737,3.5427846360642175,7.337191131241248,2.990698668719118,2.070765250323537,10.331376227520657,1.0,1.0,1.0,1.0,1.0
32,1.0,1.0,0,189.2,23.372681870262035,2.8385854826885604,6.602841965608481,20.98232220400462,24.585375249979386,5.661878144309445,8.994354870083344,5.901194087796049,9.454066020314057,4.168845209439914,9.515820802552277,3.6686512141689605,10.02034389258996,2.5350770746998035,15.082131863856105,3.3369518411875805,9.78671336901137,2.8035989149495633,2.765276611048742,11.455590142614348,1.0,1.0,1.0,1.0,1.0
23,1.0,1.0,0,189.2,23.933619279951976,2.0077918945627653,7.196893881061558,24.184622062602386,35.75204104935402,4.810311618894412,10.041678882985776,7.025231443435808,9.24395098701559,3.762070716698309,8.62555688734647,3.063978421161486,8.573137365523689,2.240474645749414,15.43779251807294,3.7392967474780208,8.520563843709441,3.312311302396583,2.479303156699235,9.115047559752973,1.0,1.0,1.0,1.0,1.0
26,1.0,1.0,0,189.2,22.044451491565322,2.0888604084155857,9.095513588662852,25.00925967336643,29.533793319491174,6.433813292148371,10.329151698157746,5.590363472689459,6.561164951790841,3.283802702747611,7.3762514811109,2.7544605726392546,8.703927582271158,1.9071009696803183,19.56490325677306,3.1646063950107113,9.58908014048502,3.172836932606516,1.9860878365586678,9.359634898026604,1.0,1.0,1.0,1.0,1.0
17,1.0,1.0,0,189.2,22.232765763144045,2.283987315126233,8.693387458878664,18.46850415729944,34.40960018562927,5.134674847561742,12.272238686655765,5.777439767133033,9.659066554787897,3.2217288971751485,7.290436388510647,2.7452373252001485,8.866111773424779,2.427914176192085,18.98535342899694,3.2023145728736164,9.248606950738642,3.3833792518849735,1.9980867330749943,11.710551817765912,1.0,1.0,1.0,1.0,1.0
8,1.0,1.0,0,189.2,18.727365283255814,2.5102110565339735,9.047358844297465,18.524347267546347,27.318120292118383,5.326818606752649,13.140457808730476,6.172199149137404,9.06665235751131,3.5442517798244992,7.82119892154299,3.6147339826798572,7.909170249004593,2.4880162528815077,20.372796341710952,3.234850751238184,8.343232547239195,3.998638748003681,2.8349169862393917,11.84933226964904,1.0,1.0,1.0,1.0,1.0
29,1.0,1.0,0,189.2,19.29653701196408,2.0140667550972604,7.153292599259904,25.43109197729231,33.9263990448492,5.035498505716691,9.963187346973553,5.103590641374491,8.978037890072098,3.4070553014953986,9.495037321350745,2.9260144612718313,9.302261502630897,2.514499838196474,15.79388758866254,3.180593446134231,8.907412166181734,4.1944164897827205,2.7140455654448528,12.354886245153331,1.0,1.0,1.0,1.0,1.0
23,1.0,1.0,0,189.2,22.46198198954105,2.8165553831079966,8.92657228328734,19.756265693372804,27.451213048839744,4.8464871433036905,10.089816075557765,6.956514680752068,6.691543349614318,3.51986354019561,9.70096152053385,3.010855224666325,10.36791545529069,1.9509887871133635,14.21734475802564,3.32456033107976,8.75173923977945,3.9500128747507075,2.636348152489452,10.509537786886202,1.0,1.0,1.0,1.0,1.0
35,1.0,1.0,0,189.2,21.771657179150335,2.543205341589721,8.817637530677436,24.862585007202433,24.524406607100275,5.185171107042493,12.627174954837109,6.114639863794932,8.696881648306153,3.329456968583949,7.206578215637511,2.723854863758527,7.938482922636523,1.7811284332695814,17.836192250283432,2.918770513582869,7.714886328592179,2.809713890450588,2.709581908797059,8.695573313900733,1.0,1.0,1.0,1.0,1.0
13,1.0,1.0,0,189.2,25.493927299488387,2.0368619774721974,7.907014584067512,25.439091887693227,34.235427781696835,6.2363021569526085,12.62001960580373,7.089851439287172,8.483254777098342,3.2128105784154335,10.556561837592817,3.080133500489856,7.873275594622687,2.313945897158093,15.098358028953662,2.565895946396414,7.7228292712948425,2.966830892896966,1.9737469029430919,10.634974696218935,1.0,1.0,1.0,1.0,1.0
36,1.0,1.0,0,189.2,22.245675757907264,2.5636401479276887,6.446793121688364,26.279378424126293,27.28634881988401,4.980685269446787,12.480148075621226,6.579881923966444,7.994763581388397,3.1785500480144577,7.579598845010254,2.6336489316510483,10.619162613769147,2.3261655882454986,14.809319214366933,2.844317287197723,7.97171400861326,3.092782832552871,2.5500382837775097,9.46905117658031,1.0,1.0,1.0,1.0,1.0
11,1.0,1.0,0,189.2,21.03402810993718,1.9924991595046735,6.9541380467615905,19.076612903841635,29.832940543244515,5.133008084582493,11.22493262515204,6.347333810150861,8.501593929660807,3.9760787006202976,8.679490238394353,2.741422192362634,11.135959732693843,2.5123613610037365,16.762671926397978,3.0152762219530116,7.346227702559261,3.397848099485582,2.4561245502609492,12.669617782851684,1.0,1.0,1.0,1.0,1.0
37,1.0,1.0,0,189.2,22.152171839637113,2.573988513418529,7.389930730241225,19.114098228675715,25.642598455947777,4.759752447568731,12.00110552760703,5.261965988503729,6.655120249923041,3.1267491386046817,9.112526922786303,3.4431423664115273,8.17811144300857,2.004470988816273,18.17018210896871,3.7133629964239234,9.727077469854851,3.318742408512381,2.1188591574445206,12.165437318571167,1.0,1.0,1.0,1.0,1.0
11,1.0,1.0,0,189.2,18.3325636943475,2.5885225629241675,6.437676564269781,20.076321975169293,34.7665118216225,6.596980003447204,11.323703984284714,7.231076635007027,6.939431997277911,4.1653173305163085,8.320563909605044,3.020865576052488,8.719426974115214,1.9727397924577954,14.76609822988771,3.463012198051513,8.000714100641044,3.4714861371673695,2.283913819552135,9.91961566100393,1.0,1.0,1.0,1.0,1.0
13,1.0,1.0,0,189.2,18.41713284565368,2.0812342763797833,7.79195310499578,26.144108922244328,27.410018656703155,6.334391428665187,8.981320764907755,6.59377901563031,9.563075613037903,3.4340763503389273,8.848832962664979,2.915913910187874,8.665220888336416,2.2698483476374145,16.833061177686485,3.541392108283322,7.973971701494033,2.8636879112829927,2.8314190631036062,11.853246750266441,1.0,1.0,1.0,1.0,1.0
20,1.0,1.0,0,189.2,19.57937119465991,2.7698985125584157,8.932902791540908,24.72611731560987,33.529250830417375,5.338762846021812,10.437476140885392,6.621239619728815,9.556860178779928,3.959339271876054,10.750105721038011,2.7550103713584533,10.936975134737303,2.0681496409805824,16.623538482198274,3.407534444229084,7.532026922241544,3.888437563973305,1.9310498843206019,11.575657758134986,1.0,1.0,1.0,1.0,1.0
6,1.0,1.0,0,189.2,23.665728155989154,2.114841391406069,6.185634864206089,22.45148220694757,34.62206946665736,5.290263156211704,10.545609359245399,6.299345339570711,8.822934462035311,4.1727181863377965,9.403153337223817,2.874997290981783,8.047568043755737,1.7977564816580796,20.73112929301151,3.7180621748585816,10.384145823243923,2.9978608913570772,2.3400895549679124,8.691006675362749,1.0,1.0,1.0,1.0,1.0
35,1.0,1.0,0,189.2,17.894426271031257,2.844337897613349,6.448335497980109,21.078039490664697,33.6613121815346,6.1449224518359395,11.681135013081704,5.662395129441227,6.909025369538016,3.2691510319505888,9.32248632681662,3.003113084687489,8.433314507448994,2.0335961329073386,18.624897880300413,3.105437354946381,9.76327794324922,3.9498062305478943,2.108588839281267,10.903303418354946,1.0,1.0,1.0,1.0,1.0
39,1.0,1.0,0,189.2,19.381995978161306,2.2079144012056995,7.888802785035293,26.77832287665657,34.028959730922075,6.606504845901895,9.606485882389327,6.5260519671360155,6.822173768970697,3.1953350523878834,7.69823635264841,2.7313329467462264,8.53476874350846,2.2746730474682604,20.10358256201572,2.6676876359830413,10.37111844764154,3.9680796243955676,2.8062484573811632,10.550596351233619,1.0,1.0,1.0,1.0,1.0
18,1.0,1.0,0,189.2,22.318515634783648,2.7227135535358684,6.4232734944167165,25.6850800911203,34.27703133212725,6.423965626530804,11.381738248733283,6.78882930626162,9.029313669492439,3.2213163828082156,10.696527688062721,2.6684717820021797,9.479183995295172,1.8462411385841573,16.92925252543209,3.0038960536386883,7.835958520523842,3.4336301072374047,2.5318705229566474,11.807293038910322,1.0,1.0,1.0,1.0,1.0
38,1.0,1.0,0,189.2,19.09639842992684,2.546052896268694,8.994092143635221,25.11542015969012,24.392586962952286,5.678900487720044,9.822333920177808,6.076651594477263,9.48885566424669,3.5167403867986913,10.497262855209406,3.1561482295167087,10.225036035839985,1.900223311276197,19.516629319207464,2.606209553669668,9.370251510982087,3.5726513581499093,2.534557615475977,9.717208750523449,1.0,1.0,1.0,1.0,1.0
4,1.0,1.0,0,189.2,21.150164755843633,2.212967200117514,6.158582543002956,26.647307537265647,25.494534910183724,5.947025399071882,9.11705341559614,6.827259012512858,9.181725509699543,3.7396885619494826,7.913146345529162,2.9073788077769134,8.072998510325473,2.597045695598983,20.290560493674704,3.603229934359941,7.659278551111248,2.9016898971633096,2.21220604598673,10.474895173626013,1.0,1.0,1.0,1.0,1.0
7,1.0,1.0,0,189.2,24.050152495988854,2.170289667166736,8.81255238391361,23.086333326365292,24.130057180149663,5.378412542211525,12.796606716593626,6.107572432371363,7.116304364755527,3.438817635743262,7.968703698566678,2.830859811899074,7.723076060991161,2.2752610412208534,15.772115479802116,2.8507176765697144,9.945211966597325,3.085186246061859,2.1861869841985047,12.599963389133363,1.0,1.0,1.0,1.0,1.0
25,1.0,1.0,0,189.2,23.117241255827956,2.0797423841055216,8.259974427584046,22.424384635099067,25.863808424491484,5.217694707447318,9.427062661024372,6.81177147940326,8.791984246977506,2.9536211291536256,10.106316721794416,3.6664699236901335,8.305744261538303,2.145440936498237,14.627683139195113,3.4062535710923294,7.6193433679430695,3.4737795802569695,2.1493615631249257,12.52244647590052,1.0,1.0,1.0,1.0,1.0
11,1.0,1.0,0,189.2,22.403806560746524,2.826800072195135,7.841646444458222,20.28117367034238,24.73784852198051,6.777173209753999,10.430703618480687,5.353787938912257,7.605752497442073,4.148944552290629,9.321958825411754,2.944082947180623,10.353059875523119,2.5648201815743805,15.252332200135637,2.7264632326765263,10.24240151305738,3.580275719671709,2.0028653308395374,10.02687366361151,1.0,1.0,1.0,1.0,1.0
15,1.0,1.0,0,189.2,17.483899537526355,2.6906437771995804,8.585207849690248,22.435119803811588,28.818388032103762,5.854475896578902,9.697003937039085,6.054267614540692,8.75943505484076,2.9084310120694616,10.347157630736033,3.7383400753425526,9.148490359852328,2.5142242451030583,14.353220608532778,3.3749732250760247,10.112960388499067,3.388150386225232,2.616347261851805,10.638990461850725,1.0,1.0,1.0,1.0,1.0
29,1.0,1.0,0,189.2,18.138015185606836,2.499850119420077,8.86294942420521,19.027260006713277,26.535719285155736,5.708036255009689,9.352589246192387,6.179487378581485,8.598382886491127,3.180123923224066,9.060543624509771,3.3859706763266346,9.237783329260006,1.7756512345108688,20.03206785991647,3.15229969228413,9.942416364911848,3.777899413938748,2.475821177756313,11.38360586325908,1.0,1.0,1.0,1.0,1.0
1,1.0,1.0,0,189.2,21.812080550937836,2.4701069221236716,9.10285656665187,25.405945975351862,24.913687962049067,6.258630741906128,11.017165079689953,6.064009749481593,6.806656097744477,3.635003846644377,9.863065262376681,2.947985385964204,8.488088662631874,1.975416819452494,20.199664703538435,3.614230726135203,8.631380194271179,3.119865683165164,2.2834121938821417,10.360693278089464,1.0,1.0,1.0,1.0,1.0
39,1.0,1.0,0,189.2,25.245520031267734,2.8590505999499656,7.703856972946919,19.674103673068583,25.247974381092572,4.873441599981995,9.35401729459608,6.849179488567628,8.258884739226682,3.2619865436163282,9.396850297205983,3.6226256825938705,9.63177805153849,1.907587497375768,18.055798902382254,3.0726351089845645,7.76933167254436,3.831013618371372,2.507210071058413,11.005342580338958,1.0,1.0,1.0,1.0,1.0
21,1.0,1.0,0,189.2,17.81505587233583,2.771558644431462,7.007535286309997,20.61321815779367,32.221469943509526,6.93201245296756,11.668235452427488,5.631653700167246,7.105990093662948,4.178777462351661,9.606209396098246,3.2775067327104743,10.961249757603582,2.3333755947358377,17.97167175206813,3.4592035867275417,8.98134442351499,2.836572879899968,2.2878110519316017,10.319230049872115,1.0,1.0,1.0,1.0,1.0
40,1.0,1.0,0,189.2,20.71913560861006,2.479390971946355,7.239596120785785,25.05208710973262,30.777327942130533,5.0207712372333315,12.195724653773919,7.280590813343544,9.677760398365884,3.9080236630862157,10.137522798277697,3.7577641909119723,10.7947695106542,2.0032023836507,19.757617019371118,3.2054446816136735,9.939458303342922,3.131480779878892,2.1726682167453077,9.862907736307891,1.0,1.0,1.0,1.0,1.0
29,1.0,1.0,0,189.2,19.697738288296716,2.5819276679391083,6.143794253593904,22.678627498316544,27.413038732612613,5.453076817407627,10.884856185618544,6.311874466391897,7.753367680212693,3.38163228826183,10.782991538805724,3.6076490412269195,8.899664726198623,2.015243648549945,19.615130491155487,3.0481170483655182,7.6983081687109,3.4104674860077298,2.839576714929973,9.03145013502394,1.0,1.0,1.0,1.0,1.0
3,1.0,1.0,0,189.2,22.61169340350855,2.6611258643476536,6.841847694318437,27.34547136867809,29.846725161353504,5.12875479748163,10.854169731207925,5.575798975553038,7.658777616031969,3.4160257643929604,10.23954196406924,3.498586316139813,11.220111108923703,2.1970483501410714,20.67246215882804,2.6941710709400706,8.639092954786218,3.5545767461373963,2.856952102723472,10.33978849028675,1.0,1.0,1.0,1.0,1.0
35,1.0,1.0,0,189.2,22.526428463763327,1.9637169614624232,6.6259919841743145,24.496664891167146,35.83117797660535,5.983243461047038,12.391932825477054,5.011674659530134,7.930333507151507,3.3371737137021094,8.370364991502345,3.0121163799782096,8.560989610128589,2.12996886337419,19.67085730580259,2.8297628253592584,7.425128674348349,3.521190714492185,2.810708733477632,11.163785397951948,1.0,1.0,1.0,1.0,1.0
26,1.0,1.0,0,189.2,24.57297521310178,2.3876237390379385,7.818342222082236,24.87670410822582,29.599675687276214,5.700451373420796,10.165278364963273,6.655878554627596,9.129908805308162,3.596540168589777,8.096363423613079,3.169680745299402,8.943692452950382,2.524611221816501,16.88723234477018,3.305747730833387,8.058977809773854,3.0949935434335574,2.4265713409796783,12.57441881688907,1.0,1.0,1.0,1.0,1.0
26,1.0,1.0,0,189.2,18.834193665435514,2.1216180860146716,8.371183638073802,25.696805028376346,34.72894886484131,6.479011112941193,10.314637431920191,7.070538926173195,7.1712526519198665,3.910736422504045,8.75537428982977,3.1386237006818996,11.043681964291675,1.8135716243799254,15.461539358339817,3.3849270005658214,9.271739336003167,3.441912968412346,2.3441791938019407,10.750344545118162,1.0,1.0,1.0,1.0,1.0
21,1.0,1.0,0,189.2,18.88895863334618,2.1895052418202496,7.817306911342335,26.64584723961274,24.854753459941808,5.343533160191352,12.446642276116519,5.119340238792607,8.349178771851243,3.098457943813075,10.793525679205606,3.318583614336855,8.379030318952704,2.4272756955160566,17.422896881105736,3.3557414963618557,7.082164257563168,3.951076036055526,2.688320001572023,8.859388732834757,1.0,1.0,1.0,1.0,1.0
21,1.0,1.0,0,189.2,25.41147923072471,2.767950510638754,8.243651533680454,18.95788335559043,24.801287384715344,6.199183511593261,13.367691202164771,5.507831860428809,9.181642283009703,3.8723668765180195,7.684103120474923,2.965063242203858,9.45598433967973,2.3446177809119932,14.973391330212293,2.750850345530745,8.344811257027338,2.8454532251271365,2.233642428878349,10.88861035590189,1.0,1.0,1.0,1.0,1.0
22,1.0,1.0,0,189.2,20.845174889803076,2.530778943820921,7.407869457523474,25.399883495864415,30.465163393390938,4.774095074610337,10.726680704933141,5.688792298423401,8.898537565236865,3.5826967157277867,10.343945315221532,3.082705602322905,10.476496119321144,1.81666072013104,14.601272328938117,3.797327503384784,8.981171714246521,4.1041643552873035,1.947892304405426,9.351255530879392,1.0,1.0,1.0,1.0,1.0
11,1.0,1.0,0,189.2,20.081990149957864,2.3028757891692693,8.253850793853646,23.22242234033685,30.730996111392944,5.728122086020679,13.194417894214796,6.186924554138398,8.14640525470258,3.454991663188774,10.099844026195743,3.002012450682776,9.248705329365713,1.7744710091584728,16.776526169056893,3.0326414324187847,9.006747808778213,3.0828072949785814,2.28156786228446,10.104771710048281,1.0,1.0,1.0,1.0,1.0
31,1.0,1.0,0,189.2,23.356346656408764,2.759532315833913,6.928663489393807,25.76903393417512,32.63968982511302,6.277700974332637,12.535727592537297,6.389237552557925,8.428265591006845,3.466547050087849,9.410450807491658,3.5210833211862416,10.082516160121452,1.8085072259074901,20.459907196704577,2.7962167020198594,8.752665086844347,4.094125802180156,2.44848130968012,9.860047227664754,1.0,1.0,1.0,1.0,1.0
10,1.0,1.0,0,189.2,23.315242313170984,2.5493097831798295,8.380364917129748,26.152730494099913,27.241336398810667,4.872785679397367,10.068888084682404,6.567134247554527,6.794689678504756,3.126302420344929,7.566324877287031,3.366081135676072,9.669878026786808,2.4841059360195685,16.911433597435924,3.2956951579674425,9.288567017741187,3.120220653199489,2.264666305427375,8.51250809120707,1.0,1.0,1.0,1.0,1.0
9,1.0,1.0,0,189.2,22.73600025634632,2.3039381143595055,8.802595645702024,24.835590877809775,29.76106571711868,6.144210873251047,9.496419291375817,7.072488120886199,9.837965922398041,3.7208817682698685,9.098231985592214,3.8186225547410544,8.620201483248213,2.169547828179185,20.738432538193663,3.6691851154793174,10.237310294117586,2.9660155324866184,1.9319907012706754,10.870937278777843,1.0,1.0,1.0,1.0,1.0
39,1.0,1.0,0,189.2,21.4412710952223,2.8231629724237353,9.083835972844426,24.064430698647296,30.895885093050055,6.516567091712364,13.20621164153782,5.113168769261598,8.878681500633794,3.926600390552011,8.378427971710595,3.615387852679591,8.37813541120329,2.557378510271857,17.77002964540161,2.813479214224591,8.549091847686228,2.817684460035154,2.6111330691781824,11.360474128566748,1.0,1.0,1.0,1.0,1.0
20,1.0,1.0,0,189.2,22.857656712689973,2.46045013361195,7.158558078412996,27.147835765101913,29.93183006067322,5.717026495748597,12.53089658212781,7.116622040196437,9.651986813019443,3.320928600996522,10.366469787371509,2.6760902178550263,11.161514905847595,1.8288789975221118,16.693685257369157,3.103850070092676,8.076187770868314,4.100720397933519,2.808284822694757,12.258582945204587,1.0,1.0,1.0,1.0,1.0
6,1.0,1.0,0,189.2,25.433762771016504,2.3621343995727857,8.374095519839747,18.71498238274737,28.900810358561,4.875866489851894,11.277903231835035,5.586991645119548,6.840502266601539,3.1705659060425453,10.45645672267004,3.1369923483948887,11.390517167676746,2.282339773693947,17.22758422635224,3.310091323228548,9.457440567411448,3.4817357987850204,1.9370200586392974,12.550216882714587,1.0,1.0,1.0,1.0,1.0
26,1.0,1.0,0,189.2,17.609043905242725,2.628694865389472,8.129501760461565,18.91626342234047,24.640871895132538,5.384512333078772,11.795408323310339,7.206475576654745,9.44604250243613,2.8698522919643543,10.625284366142028,3.1848266975108643,11.077494399385426,2.297732742805032,20.00871629292403,3.574022688662328,10.076839419116343,3.6052472367539585,2.591511456665708,11.915147114181268,1.0,1.0,1.0,1.0,1.0
1,1.0,1.0,0,189.2,24.7872934044014,1.9781372494455043,8.41852884781922,18.906084296427213,35.80195247185013,5.43890667044776,9.80525900912405,5.183332625231786,8.748795078130078,4.12076061914544,8.903206836310158,2.664756684720809,8.984129629645397,1.8776711253135345,18.952223090323518,3.19672669556778,7.747570146905772,3.068778377589089,2.681871261949647,8.537150342320018,1.0,1.0,1.0,1.0,1.0
5,1.0,1.0,0,189.2,21.329804152984433,2.6396356092625735,8.108221407920189,25.80874988131695,31.830128396515207,5.499731713095111,11.402356924434622,5.728271421895982,7.184765060701677,4.054607724192611,9.296010286231926,2.9185984726191814,8.305609706298624,2.2410614154241624,15.723177333148936,3.496525945912052,9.541473018782229,3.1314832623475457,2.7656718590977207,9.295914062754443,1.0,1.0,1.0,1.0,1.0
2,1.0,1.0,0,189.2,25.42602156108095,2.280293415215059,6.346609416638829,26.372646234583655,35.90951360751171,5.171564971802648,10.328868276424549,5.248488811718065,7.734160480525095,4.003772757880314,9.308691819417483,2.8432053474395955,10.2392329689856,2.2504124662447818,16.50599136092904,2.7947412852800686,9.13503854226164,3.345184997831266,1.9261199924983599,10.653037572088842,1.0,1.0,1.0,1.0,1.0
24,1.0,1.0,0,189.2,25.361340051646337,2.4125431423687487,9.057158552668925,26.931160997010924,35.557301096638035,6.711985716630108,10.128135523113597,7.307430550339856,6.665380484256868,3.237928996539852,7.991949139721826,3.7211215944223683,9.43790964508711,1.9436852978384962,17.17691723966132,3.270990261582744,9.514416573173392,3.148576906511427,2.1067111926085547,8.919994248747646,1.0,1.0,1.0,1.0,1.0
14,1.0,1.0,0,189.2,22.070421621462035,2.1478823640428573,7.74503777428701,22.750956042412017,29.838748509164233,4.850955953344741,13.166282954026846,6.82158359998057,6.711633874577437,3.086643265216826,9.346786685037781,2.760907157624291,11.366874002312663,1.9860090802155852,16.87534919470512,3.521932944186023,9.332622782672281,3.312513422455003,2.3364464134148393,12.426991489534275,1.0,1.0,1.0,1.0,1.0
4,1.0,1.0,0,189.2,20.210247753609973,2.129736373539537,8.502180328878872,22.792097445815603,25.890158244481306,6.638253707062898,12.012529179660746,5.84695216097361,7.84900633960471,3.390474454434877,8.269479738209919,3.026963864492735,9.44053504378299,1.9714610185338974,17.279396969391883,3.648926802105708,8.844181734454617,3.6649245156552865,2.5778704888631236,12.18777564275772,1.0,1.0,1.0,1.0,1.0
34,1.0,1.0,0,189.2,22.64489143955755,2.367193133426545,7.765340648225001,25.97713190939554,25.70011585728505,5.475836038758498,13.325547203321676,7.075904237779604,8.10862534940357,2.8794665191860487,9.584747265223662,2.704967132787601,8.109098836598122,2.105948271112767,19.928510752275855,2.567263042314953,9.562369462766627,4.029573630500674,2.507062875816286,11.620492702406324,1.0,1.0,1.0,1.0,1.0
37,1.0,1.0,0,189.2,24.55222514929295,2.792363888401583,7.4705432267004435,19.59484273475616,28.580505748181775,6.013197389393269,10.411684991789471,7.3346642458985105,7.024476597846068,3.9847104351552094,8.814469991502486,3.8018076797976565,10.91788470782416,2.237576241591979,17.54804463319419,2.9429815383895424,7.436725376504957,3.4544248761607097,2.6198172830015167,11.597877297261034,1.0,1.0,1.0,1.0,1.0
39,1.0,1.0,0,189.2,21.185498937416355,2.1320035148884013,7.390905891770178,21.894619061168136,30.97651395351855,6.032601353008438,12.135501015195878,6.758461663617302,8.609306066966374,3.4823516998163346,10.2002453649253,3.7367026617246584,8.720105690930929,2.4881851121959935,16.82545574158705,2.635773441781685,9.349504398456741,3.708403324176394,2.015058402736667,8.594087624724823,1.0,1.0,1.0,1.0,1.0
38,1.0,1.0,0,189.2,18.848052974487324,2.525249612138215,8.722342691621462,23.51435341610885,29.56419990578228,6.00297214840086,11.189885531985414,7.124899340160747,6.849415320866752,3.1028694816093894,9.862375854317412,3.011127420429382,9.26355234743863,2.292252372012717,16.81258997379994,2.7496915494237473,7.7278229509857175,3.8667259596006507,2.5018865495982383,9.408392656762704,1.0,1.0,1.0,1.0,1.0
30,1.0,1.0,0,189.2,24.083961457022045,2.7747745883780954,6.181837141273652,24.427646353284615,32.74438571585278,6.205569298231188,11.956391718258303,7.292105056919018,7.898209309413856,3.349145006500224,10.454538118191174,3.121244350936001,11.173348929546432,2.624930379231983,14.167190935852629,3.083330334320425,8.717424067443535,3.0089177335522086,2.857131669634799,9.942116561058876,1.0,1.0,1.0,1.0,1.0
28,1.0,1.0,0,189.2,22.72625660077536,2.597913568492662,8.36193400930267,24.247340321592343,27.432124842494517,4.940797138335039,11.378889292272403,6.923985740377508,9.128509286514975,4.083745481445914,10.51421208989706,3.3858023212669384,8.303812088851627,2.2340491990404128,16.35110976058371,3.312365148865967,7.690078227439181,2.8546662732516044,2.3484950118967194,12.45594126407069,1.0,1.0,1.0,1.0,1.0
36,1.0,1.0,0,189.2,18.27597286261051,2.2921407422254543,6.412455006971112,25.318646515212208,32.159791075944604,4.929316830118459,10.528937808164043,5.0707575643708,6.734269294567244,3.7999951463018045,8.5272566197191,3.839305825361464,8.628882049997992,1.7831609702690792,17.305159587508623,3.709761084411366,9.025311073159928,3.1281236804815302,2.861648143127796,10.550916050482003,1.0,1.0,1.0,1.0,1.0
20,1.0,1.0,0,189.2,23.954612147438727,2.3570634955654324,8.815330671158348,19.72693849569806,26.70661165735183,6.224808041857001,12.489672818689568,7.397132320514128,6.928996308864805,3.462796288844809,9.78063690446666,2.5905421571590237,11.355170489919786,2.0786137744034443,16.72782881480163,3.300583788990355,8.143417995491031,3.5923273480012745,2.582973299056001,9.470746287708398,1.0,1.0,1.0,1.0,1.0
9,1.0,1.0,0,189.2,24.47322614090271,2.345461324711172,6.4233497571913825,22.84749932610004,31.689151725278734,5.09119924412354,12.18607674811906,7.225703179601454,8.905865460728668,3.9466473343323236,10.096831522310225,3.2824953985284857,9.290428066553421,1.8412772728198665,19.196792868223902,3.0320721500191183,9.947527500055019,3.630318935596757,2.243504056650775,12.4863940854654,1.0,1.0,1.0,1.0,1.0
12,1.0,1.0,0,189.2,23.030980484153197,2.191375315842105,7.593948269572806,25.65228053421413,30.338829845185803,6.239152749707975,13.176217002861598,6.93127474494261,9.442897757298343,3.4875821728961554,8.064799315213735,2.6490892055873463,10.027618129304088,2.03797691356071,18.14903262509015,3.0193841336447864,9.107250055332695,3.212927002610239,2.06463216533831,9.102807062438568,1.0,1.0,1.0,1.0,1.0
20,1.0,1.0,0,189.2,25.359816932350164,2.613724648356058,7.892724786094607,18.391352720614897,32.564133712688886,5.142223964636045,10.151272274789504,6.447492305653925,8.646129344052078,2.8499295221125647,7.635822825658313,2.6197996020767063,8.949146924164282,2.4016350106886972,20.63673427186378,2.773161101841007,9.806090293448237,4.174474279344207,2.66517858485183,11.315292131787483,1.0,1.0,1.0,1.0,1.0
12,1.0,1.0,0,189.2,22.61339331981204,2.871236090247986,7.262437483377225,21.96496432343956,32.268030398849454,6.435229227005393,12.86183493788097,6.802206273855794,9.777600980987232,2.8312248464297087,10.401110405115679,2.888237349429735,8.287350190934069,1.8892415143965882,16.405569792493896,3.203987223132609,8.835292024815926,3.8581095260947036,2.4211495432308348,8.791914428462213,1.0,1.0,1.0,1.0,1.0
16,1.0,1.0,0,189.2,22.301582723423238,2.1887029987747297,9.04228938686469,22.97620853383663,24.80362331418836,5.6559451711142845,10.651602540363655,5.595776569525312,8.151300178453532,2.9109858749416784,10.313602865490955,2.9765894027749216,10.169644385271214,1.7996663461320963,15.480502361214969,2.7986338970404248,9.505024638492355,3.4945363551394046,2.517511492247033,10.732086372401357,1.0,1.0,1.0,1.0,1.0
25,1.0,1.0,0,189.2,21.078922340804468,2.5549092970857274,7.5974199087367715,22.62198361331714,29.46737338589977,6.3796318844701725,12.048335252203573,5.016800312170908,7.380231557967157,3.253356798616216,9.404423418286594,3.215557604728296,9.77790819125303,1.8390813837276156,18.43613165819868,3.3638058501445784,8.751722543800254,3.8215773547264877,2.6201890300934503,12.110970676069833,1.0,1.0,1.0,1.0,1.0
36,1.0,1.0,0,189.2,20.347607424114425,2.017662267757509,8.397086108604059,21.64020925783472,24.629122357339284,6.8141160454988015,9.245236208746874,5.842402465969396,9.795380744200862,3.3708818833505227,7.849650522420841,2.7284951101166666,10.978439720280653,2.1971572030890214,14.751832386369674,3.0964329149153613,9.23311210940337,3.1096179138476554,2.2775071897223724,10.947071796551144,1.0,1.0,1.0,1.0,1.0
11,1.0,1.0,0,189.2,22.893463909667076,1.987731932508314,6.584719625086305,26.24869865877683,34.225104013366106,6.4768613818821406,10.186257200151008,7.161379927884403,9.382114067275497,4.021150950596602,9.716065146276106,3.0930128420673606,10.044600578127852,2.4813213572512196,18.9309164082069,3.7930995213719356,8.376951539779403,3.7430088344313024,2.2465167381830256,8.617309491824745,1.0,1.0,1.0,1.0,1.0
10,1.0,1.0,0,189.2,21.21602973944173,2.4846950620446715,8.958546120808355,19.817553173701675,24.811100006509555,5.958950216013995,11.391477832867302,6.012694599376151,7.377655483820993,3.8358144465787003,10.58774274781929,3.217497830694071,10.267493612732038,1.8299749033365509,17.374022975249847,2.6542102445281,7.549392386445938,3.3172210622951206,2.029453381626909,12.378800341909841,1.0,1.0,1.0,1.0,1.0
4,1.0,1.0,0,189.2,23.08034116051578,2.1222694818106977,7.525344042982628,18.521711338308467,28.81680377424998,4.818910003009332,12.207869863739498,6.732812668160004,8.216798355192145,2.8122374217992423,8.705348036305478,3.7813434183758163,9.58984936218965,2.0085264918472703,19.99452526254146,3.5261139289489694,8.12273254449591,4.0434037279504995,2.6785666416935032,10.5063650772469,1.0,1.0,1.0,1.0,1.0
13,1.0,1.0,0,189.2,20.019103701117857,2.4803995198259803,7.316478243060696,25.07389318940909,26.67042447334019,6.499314848902696,10.198692129680039,5.966904153973228,6.638600996735061,3.5936767732039714,9.383255088524713,2.7227893304482027,7.816332191449883,2.4164092935840493,20.42955090831988,2.6213515793407702,10.165094028986696,3.466428479480488,2.8656463940699086,10.305719814133136,1.0,1.0,1.0,1.0,1.0
34,1.0,1.0,0,189.2,20.478345189038308,2.246147344988145,6.376011027392032,24.715070815158395,32.654837660790584,6.4167401627653415,12.76109217531174,6.988153050432603,8.426518804100892,3.802454675030879,9.797198798505972,3.784428339595161,8.267196938829388,2.3693085585598648,17.140269334631643,3.4900519295101287,10.036494358579837,3.5170568504762314,2.102936523272442,9.282110977279057,1.0,1.0,1.0,1.0,1.0
3,1.0,1.0,0,189.2,25.799416767439276,2.361477632887199,8.254870826338122,18.648229103729552,31.039685969916167,4.68404346851382,11.551087544744737,5.792961682404313,8.930686149464217,3.7435079493418977,9.523974167732371,2.7226021252298787,11.010092217553535,2.098387746487261,20.999374827925774,3.552891877680846,8.36951873848014,3.5557713913383955,2.3483042291480642,11.572775911687854,1.0,1.0,1.0,1.0,1.0
7,1.0,1.0,0,189.2,22.721196880211835,2.648703728664264,7.231323775842167,26.91332556078382,32.243885407891,5.874548979352866,12.609469836768875,5.503677081033774,6.66446136801476,3.3191814981640295,8.823725378929405,3.5353243220384503,10.819291785484644,2.5890732797940026,14.912690694269031,3.6231923802257597,7.035591750148328,2.8185784517947603,2.2343431359680674,9.464009294677838,1.0,1.0,1.0,1.0,1.0
10,1.0,1.0,0,189.2,18.123520575371618,2.1611356899295426,6.397129874415323,25.842441313431394,25.403656519573047,6.675421889260999,10.150352551796274,7.420097263506195,8.622983550504054,2.8837334880214556,8.589774240330028,3.327211409001793,11.32747077898237,2.5132493644832397,20.950158306103546,3.020512930662667,7.68263949274206,3.68938374617352,2.624306433115337,9.54936560018829,1.0,1.0,1.0,1.0,1.0
15,1.0,1.0,0,189.2,21.198237885341435,1.9496121190431708,8.083881311180217,23.685327286610175,29.011494032344615,5.061033192561741,10.56836877988031,5.53690778576914,7.467914084349517,3.287624942428601,9.935631970650046,3.0776997066752774,8.492297654928556,2.2076030373871776,18.822805532426674,3.559691236356208,9.661936250246915,3.3627433807914486,2.24444614078929,9.861691001841905,1.0,1.0,1.0,1.0,1.0
9,1.0,1.0,0,189.2,24.942517437465526,2.3983931331461608,8.135788752454552,23.930043502437343,27.357418024021804,5.657846560452986,11.660161465462123,5.103909752157053,7.304027810700276,4.042712071292943,10.682425933328398,3.324648406286027,9.113065899579837,2.484931554588144,15.358389823281549,2.758127317078962,7.141970000394213,3.256541547666491,2.672467549958459,12.641943317635748,1.0,1.0,1.0,1.0,1.0
3,1.0,1.0,0,189.2,18.510597058024082,2.5358745232432196,9.037996473092853,23.756617370559233,35.67845326589887,5.296999950045737,11.918570460302242,7.271520195208087,9.17632417912029,3.933078138013378,10.062814615384672,2.742660533693339,10.29885077605406,2.249975107543759,20.689895554691965,3.280952153517282,8.49972213754479,2.9981597090314662,2.6486823440608913,9.435971579288092,1.0,1.0,1.0,1.0,1.0
32,1.0,1.0,0,189.2,19.249344468144592,2.020328414077975,8.548812676222564,19.92147485457568,35.38506720854883,6.693752288474514,11.713264216517334,5.8390424204192515,8.729878412981572,3.1296932245726885,7.799040415470042,3.437274456140791,9.605880865742888,2.5674881530944136,18.27366683353823,2.775562325259868,8.910098936646936,3.0411045371384295,2.811262733064055,9.495201430658007,1.0,1.0,1.0,1.0,1.0
19,1.0,1.0,0,189.2,19.837026790554393,1.9713702675509495,6.088540706952297,21.761407899021812,32.724124866761294,6.555581344615426,11.417935094160306,6.882537901759124,8.506526598531002,3.209763397430229,9.673473738568134,3.5991104269151926,8.438303426344076,1.9370561599600207,15.487962852789577,3.1795366293128127,9.802105636967575,3.2336351196476087,1.933952182090134,12.642567449411096,1.0,1.0,1.0,1.0,1.0
7,1.0,1.0,0,189.2,19.551397514685068,2.231552347430076,7.2200667286630145,26.509582218948083,31.701119277056225,6.639628148738837,13.219513293226008,6.086014838328038,7.86595569331735,3.534709264586783,9.614466864307978,3.2548800778342457,10.128478344140715,2.235126764116151,17.9824708815097,3.285645349708947,10.438072710029308,2.872122853766574,2.685110416838436,11.43976979738934,1.0,1.0,1.0,1.0,1.0
4,1.0,1.0,0,189.2,22.793252049392805,2.7190399719438245,7.1899080895147565,20.927132139619268,29.89019642929313,5.171674017722484,9.038118599787252,5.603025955719877,8.673012998519495,3.246862985962543,8.947735938828583,3.051571603392082,8.100650206964517,2.252578778318473,15.333686179667973,3.835282126897329,7.639038147246527,3.75789991469496,2.3782450296235336,9.871268711296395,1.0,1.0,1.0,1.0,1.0
28,1.0,1.0,0,189.2,20.69780151605052,2.4961016694983513,7.506667722571852,25.3159364803622,30.3612437510363,5.719195266999997,10.746623126681088,6.32297211548214,9.08940133355816,4.127143514251745,7.943162160917315,2.618319615058816,8.936708567764843,2.340211196812292,17.79368241096319,2.5676853885219653,7.901044331122882,3.059937497291749,2.7595295128467723,11.602274860410065,1.0,1.0,1.0,1.0,1.0
16,1.0,1.0,0,189.2,20.508776584597562,2.272789960022373,9.099870525381348,25.891586255115527,32.82080901157644,5.802197937819352,11.583488505694369,7.2041141168509935,9.778534214188232,3.17062794703132,10.07035757056957,3.0382582746241753,8.509077938806138,2.1144466065844503,19.059451230969824,3.1552506701890444,7.819785015124696,3.8858763457819476,2.589707800238927,10.523239930848622,1.0,1.0,1.0,1.0,1.0
38,1.0,1.0,0,189.2,24.2716416895235,2.1269582189232294,6.1462176544817595,19.51283240151351,25.10759003770737,6.851000478904412,12.260624745704348,6.649859464612629,9.69541733916901,3.09744913938319,7.620735630001444,2.7115321204605722,9.984055305929399,1.9958550237855468,19.78764490537764,2.7907810824816783,9.896486583143071,3.4328619579413684,2.3130548158613156,8.59037840889039,1.0,1.0,1.0,1.0,1.0
38,1.0,1.0,0,189.2,22.633109190948232,1.9828853988497577,8.013254568433824,22.185591303344204,31.893670596211237,6.25747194101615,11.344624658187659,6.54289370610745,9.074548471672609,4.188637965532739,7.927697598193898,2.7055240674014396,9.761291059040818,2.465410177041775,19.98668795777868,2.9797014685358545,8.205493261449966,3.75828252447735,2.3995206447745874,8.776666633902341,1.0,1.0,1.0,1.0,1.0
25,1.0,1.0,0,189.2,25.645782854829587,2.8438525826346255,7.610346670134582,22.58085349181847,33.42128544695988,4.753245683732926,10.740782712577131,6.445165642147497,9.268179850104449,2.938914122738529,10.054087769956478,2.785202253557827,11.035139645760939,2.0812611421201694,15.40437786904138,2.8517872512034654,7.732198359072519,3.1656344964548064,2.3177115062276474,10.944477566869054,1.0,1.0,1.0,1.0,1.0
33,1.0,1.0,0,189.2,23.64403937758613,2.4837458443325757,7.748429172938567,20.63827726475008,31.423944527727443,5.941193318484336,12.126078058040576,5.6086339702605965,7.8039534768882355,3.8158952595265516,9.809840107719962,2.9412623442303922,11.147793639633395,2.2687914849727653,16.473699174034333,2.7576810087743513,9.487557855267534,3.6001795046760505,2.0373240267452237,11.167545393478598,1.0,1.0,1.0,1.0,1.0
0,1.0,1.0,0,189.2,17.983453957074182,2.791700397187691,7.87490384323636,19.99427863869408,31.699710921087853,6.7222897842649925,12.508861336641575,7.258069114204414,9.293014802336272,3.090128195746708,8.270428232719398,3.106477881069596,10.62013387740571,1.9048082888540472,15.768489468029706,3.39278633300032,10.334768938862847,4.191717554314202,2.4499907053127576,12.416557986085241,1.0,1.0,1.0,1.0,1.0
34,1.0,1.0,0,189.2,21.144169814187048,2.51729618967628,8.315885910082043,24.70329251659744,26.13992831176672,4.671764730035954,9.490883558283462,5.64386583908773,7.874794693765031,4.137908977282894,9.39436218793984,3.314357384683211,8.231840066427761,2.1110288313415038,16.893840028950606,2.6924961351057437,7.820546550382357,4.105114706340306,2.1775413830377732,10.32375875933806,1.0,1.0,1.0,1.0,1.0
2,1.0,1.0,0,189.2,22.154677208949355,2.1306708910053547,6.334620182587825,19.057704855102347,31.814119180609403,4.849308019073719,10.490543906155136,7.362697872169505,7.58507297718792,2.938103789589672,7.537302905671937,3.7530375765082775,11.211246218208617,2.026207957016367,17.5531155338154,2.927750800906516,8.836181257195092,2.9468968310027286,2.7687045155375904,8.942550783314593,1.0,1.0,1.0,1.0,1.0
33,1.0,1.0,0,189.2,18.39073607411099,2.514923071870824,6.487479912630048,22.12474217613048,26.17751193424259,5.103690022125871,13.438659144833224,7.311418086121318,9.383117670545502,3.9003988562711314,7.426875783236552,3.1934463570813487,9.867097360650302,2.341804892831417,14.811454650732987,2.884648123127278,9.929321701762671,2.9173170689462844,2.113713987443184,8.484039601526629,1.0,1.0,1.0,1.0,1.0
39,1.0,1.0,0,189.2,21.62657758691597,2.7073677319735556,8.055961628743827,27.050483026704132,34.46027687118733,5.236421767902774,12.001009664712086,5.157298459642216,9.636568004344417,3.102743167295546,7.773122942402209,2.9478374991525094,8.631221164632723,1.9000572941422464,19.316911373116415,3.812239950962601,7.150226796627719,3.4158641630353124,1.9568641501916662,12.401848301829972,1.0,1.0,1.0,1.0,1.0
28,1.0,1.0,0,189.2,25.01393452625193,2.7223020316428728,6.466881249148737,20.604514965025768,28.198815496265933,5.7583859966956465,8.960221575163555,6.800810521313685,6.597081283462544,2.8176667969089633,8.17811386456767,2.7228459069163993,9.67948176969957,2.338547469358615,18.613592975609542,2.756024147643592,9.783060610398113,2.990367397017516,2.72964175167219,12.079731207940828,1.0,1.0,1.0,1.0,1.0
15,1.0,1.0,0,189.2,20.705542580132978,2.7373624212395433,6.921034296002634,26.09561932456624,31.756739841520353,4.9778483858153715,11.87024447409641,5.113742818422509,7.89229828462908,2.832697098520044,10.22975218224202,2.7836921000882566,10.070663124616692,1.781146445284939,20.055082967995666,2.8668767269550615,9.683283810121841,4.107554978597345,2.787721022830785,9.209290720276343,1.0,1.0,1.0,1.0,1.0
21,1.0,1.0,0,189.2,19.85491867060937,2.454023520941394,6.8685249610513415,20.545969074441757,30.244819995669733,4.656686845728361,12.899213617976434,5.038057653947348,7.983873363713459,2.925808082990021,9.041643402957583,3.812901483643934,9.252606579649576,2.4799190953310983,15.512713617962406,2.7005202098355134,8.556621403512185,2.8746365487293346,2.5466762508401315,11.304407215834841,1.0,1.0,1.0,1.0,1.0
3,1.0,1.0,0,189.2,21.96418636020943,2.6566161516486706,7.958732704965837,25.433004214039254,29.391557579180994,5.643559053684149,10.874493044132526,5.399672388087715,7.384155286140167,3.8902216491162456,10.099533635330413,3.8314965733722914,10.596571661675192,1.98343656492484,16.078256863442068,3.5684545793414273,9.697238170620713,2.9619131228137388,2.116257808604515,9.037932118431895,1.0,1.0,1.0,1.0,1.0
3,1.0,1.0,0,189.2,18.842265063093304,2.2119430430739,6.104141317568247,25.297903661628627,35.679729080192025,5.497170000465479,13.112784639050506,6.57270876925887,7.755081833388371,2.927042712463355,10.10322800060267,3.3968201488558485,8.424692691865866,1.8149511187720844,14.065666961030242,3.790984350800824,10.282707622501086,3.530857578548609,2.658385400791815,10.121119422499604,1.0,1.0,1.0,1.0,1.0
16,1.0,1.0,0,189.2,22.66686925136422,2.65363668956316,7.45768869538005,26.018202740749118,25.607645339499086,5.740821633411565,11.111500422509883,6.57850175123087,6.716924656417391,3.179423712953814,9.078129341860318,3.790598998642097,10.508170182430414,2.565979917102257,19.92062789469426,3.012756687730501,10.300669733023538,3.544749515106246,1.9542573783479116,9.169989511859969,1.0,1.0,1.0,1.0,1.0
5,1.0,1.0,0,189.2,24.154327928842918,2.755243643703729,7.883712309501888,19.99344608374497,29.092202159895322,5.447960002893303,9.781769824812727,6.113040890448923,7.0134202501464955,3.7582171527376933,10.105091135300043,3.757382132243594,8.167791948560943,2.5190121884083143,15.71251835429693,2.8402363283582677,7.1087825330906504,3.3705716909991796,2.206504879301335,10.176784340512297,1.0,1.0,1.0,1.0,1.0
8,1.0,1.0,0,189.2,22.85974232139832,2.809998922199066,8.92200250736077,25.80932072207788,24.908125535773856,5.771012893888493,12.061776579796806,6.773258174420343,9.349346556490545,3.857804945692221,7.375600147444924,2.787820082304956,8.636311458516507,2.3537200897169384,15.370209924294956,3.738442046239257,10.097269288300396,3.0393534677542617,2.620127781136403,8.969439433482389,1.0,1.0,1.0,1.0,1.0
12,1.0,1.0,0,189.2,18.43373840484706,2.2514725784547576,7.861306973216255,26.240176146526633,25.11330894686256,6.384419085155309,9.458898220062185,7.198168927122129,6.587704422204998,3.996690334595378,7.977366937710336,2.929255959952913,8.22214860199534,1.878193674556202,20.458432954321317,3.458701538245874,7.484235482830849,4.112182999794153,2.8263745178946142,9.22852572654908,1.0,1.0,1.0,1.0,1.0
38,1.0,1.0,0,189.2,20.154314303283158,2.654684480829229,7.725086745819929,20.877567047509537,31.565082585586104,6.081668021888318,11.68427157813483,6.402591618502688,6.849806761696245,3.181631095782655,8.658800047199456,3.6296428440207125,10.070625136938196,2.224192523175662,19.223593328221806,3.0654140348392236,8.646275725397011,4.078428763798316,2.241595051009408,12.187848289081261,1.0,1.0,1.0,1.0,1.0
25,1.0,1.0,0,189.2,20.723750247833056,2.5453546625675725,8.588025752534273,22.409235775443552,24.532581422645624,6.408813040952815,9.959904704489324,7.1696022416468415,7.668293077788266,3.947991717863228,7.619693857691388,3.411046309684972,10.069972379892558,1.8479123285028003,17.748417105651722,3.515998293951849,7.707857018637204,3.0087821162990207,2.033695432418967,9.013340128333462,1.0,1.0,1.0,1.0,1.0
27,1.0,1.0,0,189.2,19.320091428585958,2.4702514262193587,6.968953954521072,18.753230598555426,32.21516116732285,5.583172742232,10.49116897448696,5.95355448836053,9.644035545433411,3.4453523831916195,9.384795292434301,3.1433954886447033,8.07435838639266,2.111907687455647,20.171901606022455,3.45637899868228,8.879488078124734,3.561427682725249,2.213035005891561,12.163676203626572,1.0,1.0,1.0,1.0,1.0
38,1.0,1.0,0,189.2,24.128814690223294,1.9261282168019962,6.497308609309987,18.362255231421635,24.333520235772685,6.702437767213334,12.46908504010126,6.374614900727306,8.408912013538115,3.3518238599802386,8.51137872856824,2.768795872105158,9.848191107304308,2.3905289375111303,14.112125858321544,3.4647077324368625,10.037337093214141,3.13031007564086,2.80775108962033,8.76623372286541,1.0,1.0,1.0,1.0,1.0
37,1.0,1.0,0,189.2,17.873975020115434,2.019156980531911,7.4876785509988295,24.352851465459405,30.156238180110396,5.557847354470438,10.17006408953559,5.717865257413078,7.4824975768325395,3.0673329506892544,9.1636209555676,2.9975093815459113,9.984624463446291,2.421672531879264,14.116435323395011,3.2835446768129795,7.812289880633733,3.357863085137965,2.25412347073365,8.805299623624364,1.0,1.0,1.0,1.0,1.0
31,1.0,1.0,0,189.2,22.645726459578853,2.339643869839395,7.9234313792069235,23.659952754432314,30.539476684004416,6.843054027344039,12.291762946272149,6.763232971034982,8.842835243819382,3.4398791244353597,9.265583972493918,3.194582425447886,7.600631559733628,1.774702669625733,14.988948240837951,3.4816108349059065,8.4569613617966,3.9512416224231943,1.95375358104095,11.305397489640535,1.0,1.0,1.0,1.0,1.0
27,1.0,1.0,0,189.2,19.848425378565267,2.6868750671531116,8.513663770620004,19.39636742316433,27.907061436619326,6.193449728463951,11.804405446599084,6.161193220380009,7.159636621087489,4.017535447028691,7.79898512241449,3.308141431941248,9.614030202388426,2.119162042556005,14.44714621657524,2.726551456746957,10.117195924861065,3.1297950795512572,2.683153857145429,10.460565984588298,1.0,1.0,1.0,1.0,1.0
21,1.0,1.0,0,189.2,22.929912646976426,2.3848441780164245,7.045948070493515,22.247580772441715,33.974659491927255,4.945383379895674,13.250007515667642,5.943867429955326,9.661147664316605,3.080296301713611,9.780712214022117,3.122311845803424,10.279612994870226,2.604822235740691,20.661015277591215,2.69206986165429,10.281511582046166,3.082201161145226,1.9944244043777324,11.419711888537268,1.0,1.0,1.0,1.0,1.0
30,1.0,1.0,0,189.2,21.37978155292722,2.3188294120098165,8.860679727072782,26.542339632429858,30.484543325550824,5.904635277772203,9.528245160036054,7.076094579863553,6.88693588955322,3.5340735950679525,8.731549107657631,3.2889826176442543,9.487972627638324,2.3874179343232966,20.644500372101678,2.7192442321795456,7.225747694598506,3.3312906332498886,2.2413211828136737,11.181629655326294,1.0,1.0,1.0,1.0,1.0
9,1.0,1.0,0,189.2,19.51235704504997,2.3719918245366194,9.060952730300166,21.332230208937236,34.9745572548902,6.340711221553616,12.912954742434476,6.273764436858652,8.965023905695155,3.1896276735967755,8.750342312246481,3.820131314296317,9.007372202827714,2.5164235901947563,19.039304158288108,2.8636584294445835,7.035865026582516,4.00718987331459,2.822860964501965,10.076344146723018,1.0,1.0,1.0,1.0,1.0
19,1.0,1.0,0,189.2,20.996246330148495,2.182339638431468,8.92123060937381,26.70583412904522,33.36210179872287,6.029053184980775,9.918951896695345,6.127460016149412,6.661395929945561,3.55505343945145,9.795394050402946,3.0481835544600586,7.6407186142952614,1.897061073922334,18.477477302822262,2.8654509015992913,10.169192095088285,3.3527127080561603,2.3645180392691234,10.799794992484395,1.0,1.0,1.0,1.0,1.0
22,1.0,1.0,0,189.2,22.898574676435793,2.1229068266986864,6.341668216746902,25.895734943627268,31.159615264646096,6.637539984521913,10.068402739229855,6.527262961304033,6.819009061691462,3.483648385127609,10.641877335702102,3.7447832639304006,9.507507344071776,2.595492445285025,15.488633815103018,2.6949301816538007,8.028050214217387,3.5603976734363227,2.0140081403785057,11.316586502060748,1.0,1.0,1.0,1.0,1.0
13,1.0,1.0,0,189.2,22.510209748640346,2.291686084520628,7.465219786730617,19.892227790919904,30.041186168343145,6.954537210110769,12.797824058759735,5.722011096366471,9.374086883435648,3.639203886122522,8.731029472805327,3.038296720782238,8.428405379036706,2.051363340132913,19.479280906686487,3.098328546057413,6.997480496707991,4.108152349729503,2.556369560752979,9.178352474970527,1.0,1.0,1.0,1.0,1.0
15,1.0,1.0,0,189.2,22.82244997527059,2.8591816060226476,6.607029602368496,19.613278717103352,32.20542881303396,5.280386242771509,12.863205445301935,7.420127065099263,7.841848448110442,3.7863648491697144,8.931018892144934,3.3677126459985147,11.010308464046634,2.623565182083146,19.76327573876622,2.962488515833167,7.506183173877317,4.011215031208155,2.272459616066133,9.1030541190173,1.0,1.0,1.0,1.0,1.0
39,1.0,1.0,0,189.2,20.89766061616227,2.220700186711774,7.399685613811886,22.601121209906314,30.63682418624293,5.435901501666481,9.08678058222315,5.279153584233694,9.403726752909584,4.023382080782981,9.715908017343205,2.942325334206444,8.699015317715892,2.4316755770186216,17.20595343670602,2.782556459096868,7.528361952955779,3.7799968311371455,2.3700882441156614,10.140163948676458,1.0,1.0,1.0,1.0,1.0
32,1.0,1.0,0,189.2,19.350898778306824,2.378534666929402,8.772407404187112,25.96485677728273,32.05835144358352,5.121303842759316,13.211897964658158,6.233678029781394,9.409084404106101,3.738416522668935,8.644486936716008,3.362190013201064,9.643385843308181,2.025968744910828,14.762701853632406,3.021179633681557,7.1022516179232165,3.62105694475006,2.0820783769220745,11.702951175764596,1.0,1.0,1.0,1.0,1.0
25,1.0,1.0,0,189.2,23.429547779586255,2.0447081581945636,7.569416311866496,25.55199483629066,30.001019393690168,6.31843533658919,11.305108178426917,5.336578569094835,8.88122578082793,3.2665433715124617,8.615231342329697,3.224177982962266,9.388643324223699,2.3388781600352018,19.313220977483674,2.673692761694129,9.70563811453214,3.2707060538434503,2.2020401732432,11.897027205524783,1.0,1.0,1.0,1.0,1.0
36,1.0,1.0,0,189.2,23.335048607109172,2.3898713332426924,7.474476846771923,20.111530486089904,29.00003731052837,5.654607394065383,12.702805575797203,6.895784193119684,9.68118317126075,3.9716022362961416,9.883892004338385,3.819959505471292,9.852814706101395,1.7883956151253113,18.627163930192413,2.5984398218525273,10.169614361537347,3.225622860446491,2.5906142688909566,9.192634622794435,1.0,1.0,1.0,1.0,1.0
32,1.0,1.0,0,189.2,23.588431155361,2.3249424350901187,7.185917193611537,25.282496920997733,26.373339220923995,6.140059968979241,11.673491132157498,6.761266454286891,9.780501223076715,2.8134287090038734,8.763950563775714,3.646754804893689,11.052024628555131,2.182092852012171,15.614526371144883,2.801331000592373,7.515510941624217,3.8479840149127655,2.00162853534422,11.307112141067684,1.0,1.0,1.0,1.0,1.0
32,1.0,1.0,0,189.2,20.748512474392033,2.7855999113035907,8.823387744211132,22.9414615533542,34.03973546952682,5.31646304205341,11.392938255078242,6.9473047788117075,7.9224316782702315,3.5606541425508604,9.841832175593959,3.184310331639944,11.130354171715625,2.165680547377989,17.86331158834256,3.523761250093452,7.23661707053715,3.551111481477162,2.2866283965912264,10.8423239429066,1.0,1.0,1.0,1.0,1.0
28,1.0,1.0,0,189.2,21.572017452207387,2.3570699869556364,7.931418390159849,18.566589787917557,27.913829659273837,4.941965676346817,13.063099960970412,5.9281264144654955,8.251648013020768,2.9324316875934193,7.42663181060768,2.9895025445523,8.900548397162849,1.9533651683363424,18.867557555034136,2.786241787675906,8.213533156342498,2.9550151322532585,2.4554892786732205,9.807403522621021,1.0,1.0,1.0,1.0,1.0
5,1.0,1.0,0,189.2,23.611638773335006,2.0903580742695334,8.627200823373663,23.21262728196004,32.00153092971527,6.302952763830904,13.420929094810658,6.187759882097399,6.942672385542615,4.035196451894936,9.971851187789479,2.8802439061890905,11.272262298219,1.9330616243401098,18.019748777036387,3.564687247558436,9.055768777401736,3.0826410789653766,1.9354795217947753,11.600838299311885,1.0,1.0,1.0,1.0,1.0
27,1.0,1.0,0,189.2,18.182352203752227,2.263885893440184,8.355255321873734,23.012857037132832,31.637059253796302,5.487138736505645,9.749797084473826,5.769851301138785,9.429628537366693,4.186595820031239,8.325973138475128,3.413578481705947,8.784533750538404,1.8511583565005452,18.218363378086703,2.926586223787871,8.699063158068801,3.56130382215657,2.7889270239207917,10.94757851550007,1.0,1.0,1.0,1.0,1.0
32,1.0,1.0,0,189.2,18.144301966167276,2.844076099299714,6.32648909053732,21.58166461976739,30.518679957576968,5.871480601830643,11.338753068833203,5.7621052648103595,7.7394338440774275,4.080825322586308,8.099773710268757,3.037282129148003,9.800648020801127,1.9837980875838803,15.440540846553883,2.6897700917605114,9.04820474074864,3.739717954370998,2.794549163797908,12.63908049008993,1.0,1.0,1.0,1.0,1.0
20,1.0,1.0,0,189.2,24.273860825612303,2.5597325636679478,8.779723958720666,26.58862753937368,30.14468575338654,5.149063847122544,11.558889585171606,5.846195572153799,9.47578152573693,3.3851477067400015,9.976542285130474,2.6260756450090277,9.899458953443228,2.6082786816027435,14.285833349487593,2.611085465309612,9.537620118910453,4.19582077881086,2.2996878046601674,11.998904775445062,1.0,1.0,1.0,1.0,1.0
15,1.0,1.0,0,189.2,25.278587332535377,2.2399301168317205,7.903366979549863,24.498749992986014,28.83648647540907,5.9369305906602685,12.896667621493451,6.345985719795179,9.540961374801048,4.195691291541653,9.483837183140151,3.130828456848814,9.952521308557406,2.411408972282426,19.735318884706434,3.1209491331099795,8.023110264000966,3.025278740603239,2.202723084758517,9.663584168746434,1.0,1.0,1.0,1.0,1.0
12,1.0,1.0,0,189.2,20.485142060678644,2.384273212196673,7.9147009293303,21.682041399282916,24.825685908433847,4.7060001504814695,11.650534863852705,5.868822451084607,7.305174107300818,4.194190268790709,9.707983068515357,3.4308782816077135,8.243236644417884,2.4160825811418833,17.041359288270463,3.732284800199473,10.380505771001506,3.433641416284972,2.38009534166961,10.61576032302415,1.0,1.0,1.0,1.0,1.0
14,1.0,1.0,0,189.2,26.024267168672523,2.658088692673547,7.100389828775617,22.879751831980585,25.40969099923489,5.573449877256331,9.621596557127349,7.3459916830021,8.871386123107087,3.8267100105093563,9.193484476202203,3.7700118333127595,10.576976927774057,2.531899750208627,14.566272021742046,3.4097920149807788,7.595969315135241,3.6740750629497967,2.555546588540504,12.642099249688277,1.0,1.0,1.0,1.0,1.0
37,1.0,1.0,0,189.2,19.81523328062602,2.772078544536735,7.682641204625629,23.184511659034442,25.734320585823305,5.441085666964049,12.642410407053138,5.951248626156661,8.131525515010633,3.0237930256233345,9.92316897537215,2.892904374124213,8.082637778295531,2.5052543120317448,15.349584398925742,2.8770112499999705,10.170283283193433,3.765799069462787,2.382380058553887,10.643431572211224,1.0,1.0,1.0,1.0,1.0
16,1.0,1.0,0,189.2,17.852621758099552,2.3670169042044926,8.534908189138312,19.65511137939723,26.606762727054598,5.627093661075006,12.444209226287628,6.706652975517733,7.512543618407416,3.2178024363176685,9.578161970390045,3.474934836666264,8.997544567721478,1.8323883430718595,17.863438222959537,2.8588969088638145,9.295817811923573,2.8607454673056085,2.0821686108706805,10.641628314811829,1.0,1.0,1.0,1.0,1.0
9,1.0,1.0,0,189.2,20.733175061966996,2.141333974937689,6.994379961871164,26.827072525290856,35.13094799912372,4.915764382576352,10.48374861152894,7.015000664640754,8.4568534323676,3.5001544701041505,8.562740279487393,2.995964627872477,10.06335785997982,2.100138546165561,18.558208640308525,3.4223030618920705,10.165341436347708,3.2752404279656178,2.748204043148293,9.940802534857678,1.0,1.0,1.0,1.0,1.0
7,1.0,1.0,0,189.2,22.695402652314083,2.2142298639759175,6.6486452069588005,19.790258496847425,28.960565317868287,6.115633787343421,11.830584465620243,5.45674898322029,7.882736771229343,3.7265371474709013,8.755385837945965,3.5311709907709843,8.697705862783677,2.44391833269026,15.937058399997733,3.3737328422170054,9.056779324820546,4.056594439340177,2.7628987850248694,9.865792139463085,1.0,1.0,1.0,1.0,1.0
31,1.0,1.0,0,189.2,25.54537916954222,2.0343831427396757,7.75506552432473,25.902225900820547,26.13838575795577,6.129497238530134,10.479292881610661,7.073415638881587,8.520804678170252,3.1609383855549207,7.609518354265649,3.4962596674982303,8.544249892203725,1.8604236382537918,17.932658256609383,2.8420001903174983,10.00700546424965,3.6158685147530623,2.0430660527844133,11.653616655004297,1.0,1.0,1.0,1.0,1.0
14,1.0,1.0,0,189.2,24.932802848297406,2.813195456722362,8.119395525899389,26.276908732573965,33.14143742403517,6.849891521422814,11.160978770285759,6.825588595660919,9.243483697998867,2.989426901462104,10.284747304091876,3.1573787017622252,9.331856421833834,2.20283424691643,16.650576709162586,2.970602902875946,9.945964097125502,4.09475738595539,2.3632593050016397,9.138885739841538,1.0,1.0,1.0,1.0,1.0
1,1.0,1.0,0,189.2,25.06400809325277,2.4495138331751956,8.025517881286715,25.976816532465474,32.633998516963416,6.916835501722218,13.414978454737087,6.237637908674464,9.76422708344176,3.099819446381566,10.294166230835433,3.0495030960452016,11.36854185983842,2.196023763631618,20.604669229762603,3.2642101816651214,8.81268412035494,3.3917016486925604,2.077032235406325,10.652645771500994,1.0,1.0,1.0,1.0,1.0
33,1.0,1.0,0,189.2,24.611136397413457,2.0685498882017233,8.920079045646766,21.994807346242993,33.76217128728886,5.9723156752404645,10.792198354587295,7.233914965709699,9.309389206229929,3.9234778307422684,10.67532339789491,2.5628895994027436,10.01426749994669,1.8274146494393406,15.877972976558256,3.379720912037174,8.152198833073374,3.560824880661106,2.0524546126110494,11.849795639239028,1.0,1.0,1.0,1.0,1.0
13,1.0,1.0,0,189.2,24.29510375651969,2.711062672599439,8.707179346638952,19.346545409714473,28.30884568455651,6.844090667612698,8.962331277228861,5.118353823052342,8.846904324913739,3.7581395815240994,9.853162362694714,3.3231743036491346,9.717699746232073,2.4086235893464627,20.05633269842434,3.076186569138654,9.141917932950896,3.7410010649843666,2.101142083840155,12.13909197970501,1.0,1.0,1.0,1.0,1.0
25,1.0,1.0,0,189.2,24.262187778860692,2.6035297862774,8.238623377199122,22.97000984596598,35.34922444870494,6.92600186429775,12.709658830925793,7.058627277352281,7.503245735052075,3.5580558691038817,8.168128261649805,2.626507125040675,8.960798520418493,2.087510434824617,15.79418844398435,2.8021508913581097,9.686900603720996,2.9240559542660938,2.6903467675574926,10.319114310560998,1.0,1.0,1.0,1.0,1.0
37,1.0,1.0,0,189.2,19.72708986035291,2.3409850502426464,8.65159771366014,24.251393566981086,35.4697249720239,5.348109163075411,9.663375538198126,5.169276056647036,6.767573356011138,2.9349576854621087,10.339552354159208,3.3532359564607606,8.648085507702133,2.2502749953803853,16.671023616910873,3.5212732930903794,7.318715675506506,4.068059141021715,2.385146950047569,10.115219647234156,1.0,1.0,1.0,1.0,1.0
11,1.0,1.0,0,189.2,25.592137349483668,2.414695276373408,6.099416300559239,24.091803831604825,30.929107802252556,5.480918155056359,11.94097027230641,7.356473637702582,9.722302334433401,3.323918993875553,10.149358474503279,2.705095704133074,8.492129571449915,2.4697254355758393,19.73821078571188,3.170731350415314,10.006940348036311,3.894834288248617,2.7751985979592564,12.117610586559376,1.0,1.0,1.0,1.0,1.0
39,1.0,1.0,0,189.2,20.026521892645942,2.459010719491385,7.3721787855059775,26.101581732449628,24.638398888416255,5.340453377009932,12.690104598319305,6.248316316525999,7.6660388108086615,3.2465857454531135,9.561752735987898,2.944931064254028,8.331286903513869,2.5957803062368314,18.175828445001166,3.4865218469256294,8.331267216000757,3.994540374980912,2.0526421432308153,10.549339941760987,1.0,1.0,1.0,1.0,1.0
23,1.0,1.0,0,189.2,23.040738177867215,2.770476518082339,6.9851350151792335,18.39357945873393,31.878787836039326,6.1272452289835115,11.235243352320598,7.0428532173185925,7.84267974267061,3.9113029825154157,10.251245858288044,2.957262712777261,8.198499983067705,1.8086042534396747,20.180762658978765,3.397778700611815,7.235880136988124,3.2729886565377533,2.7760920726883125,10.668569800357217,1.0,1.0,1.0,1.0,1.0
4,1.0,1.0,0,189.2,19.245963119749945,2.527480304802893,7.137927713081245,25.830628021718173,32.317054982449484,6.265795684767702,11.456168482411636,5.52685490158069,9.445899695791539,2.856487548751466,10.414253809980163,2.834782098866302,8.068378737575607,2.04465380985714,20.953207269026986,3.1514582186984286,8.769477803504843,3.0433537584927026,1.9260013005699588,9.324047168894388,1.0,1.0,1.0,1.0,1.0
10,1.0,1.0,0,189.2,22.984428441842848,2.819831610221818,7.154129705865981,26.820219353337023,33.689873647389405,6.355051651013639,9.042115009203071,5.686874017364095,7.1467177162425095,3.40179012119476,7.936640046680391,3.508894783299702,9.951405758256987,2.357697357296361,17.037922766135974,3.1104715337163236,7.89524025097059,3.3192567538847673,2.8142633244627615,8.853996021604726,1.0,1.0,1.0,1.0,1.0
29,1.0,1.0,0,189.2,18.294777393015597,1.9764618084048493,7.494304717843736,20.76769463612806,24.462334623218386,5.561652786133229,12.202291452624097,5.5297291274179905,7.858850013230661,3.7135608319666518,10.788117559212804,2.671089948866394,7.6145788455733525,1.962599022591376,17.295768146369706,3.703773368524338,9.402136718721708,2.8817183325284774,2.6775993147377055,8.609497218852143,1.0,1.0,1.0,1.0,1.0
9,1.0,1.0,0,189.2,17.947341588361777,2.847525432816933,6.14971608288478,20.32462188917008,29.934514439848787,4.742989563901399,12.397763344998223,6.403648208664068,9.49994519216956,3.142195251740257,7.439157013132332,2.7287623022933145,9.421240782942878,2.465989922854103,16.016752812739096,3.789207139677914,9.112226081171743,4.026617025125766,2.745597751884149,9.778424558188123,1.0,1.0,1.0,1.0,1.0
27,1.0,1.0,0,189.2,23.08822386065108,2.804933983325129,8.315565637902859,21.286377903137904,24.193582817446476,6.953969895896544,13.330002962456748,6.840101547598359,8.851162683033516,3.976878999092242,9.661723568445442,3.685666555605847,8.688496777769828,1.941801511576467,15.755141372347097,3.1977490496755787,9.046770829688567,3.527043896589907,2.0534382784688905,10.289826677997578,1.0,1.0,1.0,1.0,1.0
1,1.0,1.0,0,189.2,24.14133440614963,2.5339701577047107,6.711563681212552,22.90156103805463,24.759939248903706,5.505358784869701,9.721228460125058,6.494982472036685,6.761478915962407,3.3432456182849135,9.78954723437894,2.802340555416577,8.673137803189197,2.225667166702394,16.927547554553435,2.9178730765891157,8.736131337517188,3.1411539968762794,2.5598140675855126,10.409136944794822,1.0,1.0,1.0,1.0,1.0
32,1.0,1.0,0,189.2,25.951051396333416,2.0943760455822273,7.977180579828716,26.062438124494335,35.91280834747604,6.2039262758861256,10.538696228066522,5.92236065547757,7.630239894608785,3.1887197785026133,9.253528817764183,3.670771610268532,9.771607357423811,1.8803055140903469,19.1149438413947,3.7654852600214386,7.409053184763378,3.2651162640424762,2.4233126420581934,9.17207431955415,1.0,1.0,1.0,1.0,1.0
9,1.0,1.0,0,189.2,20.094685232932243,2.085887932656894,8.433622728631503,19.27554044632232,31.861503956160362,6.748577770797375,10.30848257343304,7.3286968278547775,8.711342838304352,3.155196125039235,10.627764635941318,3.2123289251048632,7.6478365491239035,2.478510473703791,20.484387655447964,3.7784340775318586,7.681673486035573,3.6368716500494873,2.687685339356286,8.754263020857735,1.0,1.0,1.0,1.0,1.0
17,1.0,1.0,0,189.2,25.093861236166443,1.9798248947606685,7.319497747673134,26.669865521505237,25.762074456929824,5.263150205475433,9.994560008856624,6.912831292151922,8.425080346844034,2.801583280124096,8.30827728186601,3.1440028575959538,7.681029067978002,2.294186798537313,20.117854033778592,3.0494961078899396,9.302391940114763,3.926476855578514,2.4797658984151156,8.932786424192098,1.0,1.0,1.0,1.0,1.0
39,1.0,1.0,0,189.2,17.87416673393551,2.2099013659903584,9.058307072453506,23.193207682292748,33.88930647779948,6.333450943102025,11.501001246160811,6.860981008786862,8.104780715865473,3.616389417802917,7.51462850860062,3.5461067169790796,8.727999759980095,2.3761457500351226,14.732731041010172,3.587754090970937,9.484852927025342,2.9357620574685406,2.4634155920058665,9.047301704281036,1.0,1.0,1.0,1.0,1.0
27,1.0,1.0,0,189.2,25.442158727257485,2.2359833682117354,6.180335114649319,24.053944656740434,27.349006571969934,4.958252005427738,9.185282448964664,5.815754134065387,8.684842684862643,3.0322764675733227,8.345279241503599,3.5389622788078605,11.288652927564437,2.306930098954703,15.355563560853907,2.666490085517139,7.469214392273779,3.043196280681399,2.131323267051301,10.960361950608593,1.0,1.0,1.0,1.0,1.0
21,1.0,1.0,0,189.2,21.72922023855238,2.4414020674804777,6.531279589550306,23.944391604283794,25.847094844335285,6.031180222250783,11.430735121920847,7.216348178304086,8.117019459210406,3.6099849001554594,9.184966964909673,3.403998117185262,9.047987722030587,2.0210147021735994,18.863297320677155,3.481354462956775,7.10738307200901,4.145541163702776,2.626787946732734,11.086584754028454,1.0,1.0,1.0,1.0,1.0
37,1.0,1.0,0,189.2,17.846469378723032,2.175162496297442,6.872652707308739,26.984553664437847,25.705942156515007,6.765536616384021,11.587172863783312,5.07879768483836,9.106820235477116,3.1562915367027524,9.501886173684422,3.690479876449245,10.182625794601764,1.804498063022056,17.041680986045705,3.409502547744939,7.361908939793727,3.5480922157642527,2.822830266053001,12.608856383026241,1.0,1.0,1.0,1.0,1.0
20,1.0,1.0,0,189.2,19.465279160264306,1.9874574932864482,6.92281752511897,24.304335912167886,29.281458475900813,6.268158221566629,12.601812217286705,7.432429221145064,6.79956899876659,3.3134476428416195,9.932119807606266,3.632994776897219,9.546055028256905,1.900630450959383,20.51637058383049,3.6969652826779362,9.317597180470642,3.2318688694338427,2.7727203140935477,10.17908167555472,1.0,1.0,1.0,1.0,1.0
37,1.0,1.0,0,189.2,17.827469856597126,2.208973826503481,6.376108688981741,23.965354126934145,27.449065920284557,5.110763542743217,13.20799164798183,5.238111586501989,6.721506751318954,3.8514681460588887,7.53622359650155,3.4370478999946514,10.05513408989253,2.407430461477089,19.479769230547745,3.220861634592682,7.899062856721178,2.9642027888584432,2.0929808487690575,11.932548108528039,1.0,1.0,1.0,1.0,1.0
31,1.0,1.0,0,189.2,24.224159357071635,2.278551467159436,8.538373997519603,21.29724637028321,33.40697460359798,5.054086244403299,9.158850805569308,5.1778346773348165,8.771466127400876,2.992614846411264,9.801619778334576,2.841292458979652,8.400933846361491,1.8582623084998824,15.51730193283164,3.1928838603035543,8.221209048041175,2.9917381519755946,2.4938285868937413,12.017749092543756,1.0,1.0,1.0,1.0,1.0
7,1.0,1.0,0,189.2,17.362536911037864,2.6884385840111062,7.570258093933715,23.579813147767005,32.39524594285572,6.664916366111522,10.92875809042067,5.562170694514889,7.005982833284438,2.8146382527397478,10.619644809574682,3.690117545874477,8.610725615752411,2.047686242691096,15.002230013173907,3.142870772874013,7.8950814671909555,3.7593976560144116,2.0177757330066504,12.449214028142377,1.0,1.0,1.0,1.0,1.0
33,1.0,1.0,0,189.2,24.26602618256645,2.7276888325464523,8.80041078168141,26.068014953006433,35.19236835562322,4.758803781130423,9.545214440282942,5.402516724640484,7.9078343785280145,2.880548780880545,7.6860554627366815,2.709787678228537,9.270155061124015,1.9138977615167234,16.93462603920164,3.2424936220778764,8.909921134435947,3.5235818267900063,2.6062634415911172,11.363928422461024,1.0,1.0,1.0,1.0,1.0
19,1.0,1.0,0,189.2,19.181116524503615,2.0766688093583543,6.921829106626388,18.830931143825744,24.257782986780686,5.440548727223214,12.345104131203604,6.411803579301764,7.414597657634136,4.137606011524009,7.540995550506771,2.5717680187465177,10.287438935358987,2.0920683964909994,17.22328064217454,3.590910626942099,10.135223056129027,3.8692428608625495,2.014657744268816,12.536380847521267,1.0,1.0,1.0,1.0,1.0
23,1.0,1.0,0,189.2,17.504595083491452,2.838168560773533,6.281800131832562,22.436818976617598,27.61569060476194,5.203408659098897,9.758177249366113,6.473376178211826,7.837814390476973,2.985564419891532,10.432146106368194,3.692413499115363,11.2287235913977,1.984765568255427,14.283766643330926,2.6724284555685514,8.827091019815175,4.069226665463912,2.505936221039146,11.175219086018144,1.0,1.0,1.0,1.0,1.0
38,1.0,1.0,0,189.2,21.029522770118298,2.3605236416779376,7.645446816380013,20.65121532346687,26.970075853168684,5.122609364253908,9.738434486753127,6.771190428371473,9.238997260392146,3.089102151261279,9.561467763183897,3.258053774313271,10.565823924506528,2.3543710817190533,18.760488224054654,2.833451898893432,7.431703691142959,3.2900821473834636,2.396432353268476,12.098466192343583,1.0,1.0,1.0,1.0,1.0
7,1.0,1.0,0,189.2,17.643645806131218,2.2885066765119157,9.067963213700986,19.41262999385856,35.56689448401385,5.774338998653027,12.879227968572797,7.278903925175231,7.198246174595702,2.9070517979425055,8.362193918411503,3.178420642078049,9.415700668960287,2.430513281035434,20.73438566811457,2.6841588984974507,8.424585737509966,3.4342581775828043,2.316096904727266,9.370944100644762,1.0,1.0,1.0,1.0,1.0
17,1.0,1.0,0,189.2,22.660969759411568,2.270849344392443,7.804845764283914,23.29470374848991,32.59752168491402,5.588679317588642,11.425862552279865,6.932390058351668,7.053196191279426,3.463098770577393,9.893256443318286,3.1110111434801113,8.010872821958761,2.0068099883056747,20.640243710647447,2.7900138250821733,9.868471580304863,3.7761283509788637,2.6702272786024173,11.159844348765606,1.0,1.0,1.0,1.0,1.0
0,1.0,1.0,0,189.2,22.59805894154905,2.3941059270435043,6.6595189890804525,27.276633250014708,33.97847171331413,6.860824532783239,11.350874007969985,6.949782974974803,9.19363111644011,2.8586789017754484,7.789926247646362,3.4691882756160797,11.145376694690476,2.5241469265387955,18.804749402150367,3.1256656931252165,7.017747800167978,3.4820496997845947,2.6346723314622613,10.365568991788393,1.0,1.0,1.0,1.0,1.0
14,1.0,1.0,0,189.2,18.00686960155621,2.6265992815549546,7.914277308921795,22.240910797474896,33.987684817785926,6.823352702176651,12.671796023218814,6.392455045974343,7.589453008024432,3.433583630221421,7.681177226692364,3.5666722684239645,8.24625103974815,2.3645946299071166,20.999140312886166,3.4324546225735215,9.514659687564137,4.101940470290944,2.259299166779585,11.391548617783041,1.0,1.0,1.0,1.0,1.0
3,1.0,1.0,0,189.2,18.465152762251712,2.7498714530296446,6.369664482708486,24.73716033054572,26.409205874991198,5.690715732361546,12.961566195979618,5.862102856787358,7.842354005505923,2.937966442329611,9.210173078012406,3.8287349184353383,8.053777853265565,2.30178850059416,19.362480467623495,3.663243503117311,10.235107216370805,3.0297629544606215,2.0101556329597243,8.866095802533547,1.0,1.0,1.0,1.0,1.0
8,1.0,1.0,0,189.2,20.263276204211255,2.234431208146515,7.498099858976696,20.679115426319992,28.43917960418234,5.3115196098260755,9.461407049216987,6.71348287119135,8.195163940656178,3.9363552285140044,9.844861884757607,3.3406286152740963,9.540700490668828,1.7866964009988493,15.677878094094972,3.1171149427750944,8.049057033319075,3.8082337321646134,2.0280580669581947,10.502291519122693,1.0,1.0,1.0,1.0,1.0
33,1.0,1.0,0,189.2,18.034563121431038,2.2946782820751284,8.1974994100676,25.671500596915912,28.832063012625753,5.776261123830472,12.172414176205638,7.198319478411362,6.927057716792917,3.680097057808941,10.668157458220866,3.465847263860903,9.777393454915355,1.7913241129114756,16.152592942369644,3.2885415451928184,7.111742685464835,3.511030671622714,2.591976970648689,12.093199359718142,1.0,1.0,1.0,1.0,1.0
10,1.0,1.0,0,189.2,17.6557746464115,2.687213600962561,8.99126676021552,26.285113245659048,31.42631170481667,6.255439900704536,13.168025182865929,6.66146139965379,7.075540721242826,3.4142503559599824,10.00689050580048,3.834441239685549,10.43178888275996,2.4592379998132214,18.25542215892302,2.646976871262684,8.278360884349555,3.858497972201731,2.763962913222175,12.640157626479903,1.0,1.0,1.0,1.0,1.0
30,1.0,1.0,0,189.2,17.876628605977967,2.025388123083896,6.704250700461114,23.071999717552153,32.862630380660974,6.563076863246723,11.21458142780562,6.2289022791722894,7.438601206277432,4.180121729415197,8.480354073026314,3.140582133576542,7.845256710498717,1.9625839340505846,15.492078596293384,2.5977312506691876,8.088099497033431,3.8467905049513114,2.719106122325466,10.673416604042476,1.0,1.0,1.0,1.0,1.0
22,1.0,1.0,0,189.2,18.438621490039974,1.9814516410860197,7.298230090893627,19.995924360987456,31.04950857798403,6.739528723480081,10.432266800290034,7.414867646864548,6.95834046249135,3.2286485727248593,8.461804863426789,3.123473616097087,7.9334250964293,2.593292368307204,20.850550864114318,3.7954291809772145,9.268865053282546,3.304714666526509,2.8134339818963006,12.269094184083416,1.0,1.0,1.0,1.0,1.0
31,1.0,1.0,0,189.2,23.43073474654995,1.9220924280061868,7.106650695073113,26.109910505351735,24.461613299789278,4.9408855235311835,11.965680711719523,5.829156829512054,9.030734951167888,3.615641703295174,7.695340820073827,2.738639233387218,10.100917226962748,2.3459894695706636,16.702664465957938,3.074586639530821,7.97447038560912,2.995160757001525,2.6258738668195236,11.957562826159815,1.0,1.0,1.0,1.0,1.0
25,1.0,1.0,0,189.2,22.071416775293233,2.7190772393577323,6.923057852996423,23.35628489890519,32.37666409117472,5.095804198111424,12.955658037746085,5.587685359548629,6.673091127816151,3.645527776751993,9.98714446729049,2.601829577670449,10.662182254905105,2.346686694847412,18.379394247763905,2.685703318018888,8.238262384457503,3.9831194115474258,2.6711144472693955,10.474639305597272,1.0,1.0,1.0,1.0,1.0
29,1.0,1.0,0,189.2,21.177146383301952,2.399046861450973,6.915444161320694,22.278708489050132,32.306369264908504,5.841278039042729,9.389227082975728,6.2885065787257615,7.7524597498660865,4.092925116674972,10.389433096481103,3.2230856275006112,7.990459117492107,2.3993401544522355,17.640928961378382,2.814009712594536,7.5509072114228175,4.036968559631653,2.471931664938798,11.851042138836377,1.0,1.0,1.0,1.0,1.0
39,1.0,1.0,0,189.2,23.91239707264959,2.510475311199486,8.737174633720429,22.558813146897258,28.760302612294485,5.5804379352117435,9.431227049325503,5.9486835182768525,7.293965663270257,3.2525140815544242,7.399483724483386,3.1348826281516775,8.352444257247248,1.836049639784161,19.140156121439812,2.9500332087040433,7.953539706930562,2.8979565459108008,2.843616524179535,9.06008903220565,1.0,1.0,1.0,1.0,1.0
16,1.0,1.0,0,189.2,18.89115493767495,2.066191101613811,8.742276263001065,24.762421888003598,27.820895900797147,5.0688211721555225,9.15010570872241,5.920807333144605,7.39117353491822,3.471262765843684,10.699552488313412,3.388987598221991,9.377962248769487,2.5367482815127222,17.18855283564482,3.6132222081078065,10.216785401115253,4.168500074777562,2.852335395119513,9.170042616681968,1.0,1.0,1.0,1.0,1.0
9,1.0,1.0,0,189.2,24.153645374972985,1.953055479293422,6.206710388865392,18.874187156544615,24.763039342724998,5.315803761610202,11.803921582331771,6.951007608473632,7.747537946199687,3.286624351844981,9.49355541351611,3.0712568211205586,11.378307574935285,2.199857764767356,18.88654450968965,3.027675391328989,8.770751784709724,2.9221630073596945,2.094689177148124,11.131938129508427,1.0,1.0,1.0,1.0,1.0
24,1.0,1.0,0,189.2,21.78183744286249,2.2460137874650483,6.904540061206323,20.86170532169438,33.37456568132833,6.915510577291918,10.488922315531283,6.642767935707505,9.565618111818711,2.894799467250267,8.905521323760494,2.887633764838373,10.814997519007148,2.171441206045205,15.828251444474237,3.4079104914255987,9.270489270554771,3.7541192831582877,1.9236497697717978,12.181538925539138,1.0,1.0,1.0,1.0,1.0
15,1.0,1.0,0,189.2,18.964444831131424,2.3293664418279643,7.832194209695127,27.101586674787992,26.663858309745983,6.732044561956212,11.943162004170219,6.248721617390028,8.414860190448131,3.3248918640548903,8.923658524518823,3.4353384204915467,10.974091847919723,1.771396369933984,17.02720844587041,3.4438049792020693,8.923590969430032,3.7901899345116985,2.1535538048350755,12.460024741031944,1.0,1.0,1.0,1.0,1.0
37,1.0,1.0,0,189.2,17.58253787342016,2.695944507369173,8.39418825938367,20.309490586756112,35.80618810097513,6.488843769090563,10.17943080877354,5.791737242581129,8.916286956276867,2.8527256508087984,9.573483158510124,2.9828664230266675,9.160533681221457,1.8067571768877098,14.429368320405484,3.462064889306655,10.25335035159712,2.9706566373031884,2.138980364089264,10.682002393257957,1.0,1.0,1.0,1.0,1.0
20,1.0,1.0,0,189.2,20.40963386784456,2.1434824328849817,7.298540437396776,18.776758560886165,35.78298748708455,6.046482553691352,12.43511397417257,6.04356377104502,6.819833961145418,2.9876511825603806,8.963141367040334,3.292348188535921,10.054493655743045,2.4164325692011697,14.159226825199545,3.657819573059432,9.448480211864995,4.142194328171591,2.7749866627524065,9.768954432843143,1.0,1.0,1.0,1.0,1.0
33,1.0,1.0,0,189.2,21.148639375214007,2.8316745601696147,6.4733312483891545,20.18912668823467,29.986102025321152,4.815704547282576,10.381325210379885,5.462030662025269,8.797224540534376,3.172220095020048,7.308204723439159,2.914618480057584,9.654666506593683,2.202915860013441,16.77142075219758,2.69876852760935,8.041458778222394,4.0101996901392765,2.168189822871289,9.788791920073702,1.0,1.0,1.0,1.0,1.0
18,1.0,1.0,0,189.2,20.400925641442115,2.189604696133626,6.815160369827663,20.14494521872651,29.282844017989532,5.220114307446307,10.67618159909165,7.1230234311154055,7.462182949974625,3.7470583829108253,10.603139472630573,3.227962005639516,9.858163101781141,2.01557281057205,19.240559612628807,2.826825277553566,9.808074163423058,4.077167749938081,2.876271290374933,12.107187238649553,1.0,1.0,1.0,1.0,1.0
38,1.0,1.0,0,189.2,21.390397292143906,1.944211397658023,6.0897806948674535,20.75149366087759,25.82996129155178,6.026123713258809,12.68984525888018,6.099288427226846,9.833748658020246,3.523553305850977,8.823074810843444,3.3936059060361288,10.796241275625432,2.3099875918594983,18.975314201918685,3.348703930864754,9.35439031695136,3.091619944626566,2.8258218244636564,8.664520392594524,1.0,1.0,1.0,1.0,1.0
30,1.0,1.0,0,189.2,25.555166344045983,2.3907848019923943,7.645423422730687,20.346690117690404,35.427692465866926,5.346410453737681,11.919721852433621,5.099103015961578,7.296121854377758,3.6348209277859516,7.522493246475714,3.1642717202774255,8.516832927990283,2.365196184222742,16.27811919068795,3.2956826218456885,8.054427962840133,3.6053836755619777,2.3207616867699854,12.62601566503597,1.0,1.0,1.0,1.0,1.0
16,1.0,1.0,0,189.2,24.15366163266962,2.4974039947881734,9.10330888447395,26.929254398614507,28.227423099791295,5.513001406137827,11.810023127412007,5.577637134049513,9.000516986646288,2.8108628287738813,8.987091859860852,2.6037031649873557,11.373596356842954,2.4545364770594262,18.975559800901276,3.045039681899444,7.084434139153152,2.8058805849762734,2.1866049470566935,10.695337968844866,1.0,1.0,1.0,1.0,1.0
37,1.0,1.0,0,189.2,17.402346084985783,1.9649037602305115,7.480705059036531,20.375673072873322,31.147479523959202,5.390224672108843,12.90626319967384,6.44259456036589,7.729903416275682,3.5574982663134658,7.5368879414268894,3.729525797394971,9.883796261777228,2.3546149510285774,17.88750373898183,3.052682662992554,8.773806779038125,3.127089188658991,2.2797561491498066,8.83331882887523,1.0,1.0,1.0,1.0,1.0
37,1.0,1.0,0,189.2,20.52913552198066,2.1327726346682616,8.55475629348038,22.76121651877222,28.537362894172592,6.43479497858754,10.423384462107471,5.188648509447685,6.797175706089416,3.4464227973644532,9.710557778769166,3.316770742604165,9.064011116683904,2.019846038463595,19.768667108630787,3.466680764517984,7.349067723170221,4.122862804593705,2.4606372080244303,10.41809268763311,1.0,1.0,1.0,1.0,1.0
7,1.0,1.0,0,189.2,20.416937501153196,2.7613190226159787,6.430905028630266,21.51525431297925,27.375170211438054,5.651611690019552,13.211344575686427,6.574212604640671,9.47632967736111,3.7202795529662227,9.499873460910164,3.6793707502395394,11.035461677099304,2.255098293009206,14.258410355155231,2.757168873303373,9.767329147349573,3.9924685739724888,2.0461440731091223,10.46189784076146,1.0,1.0,1.0,1.0,1.0
9,1.0,1.0,0,189.2,19.09820967633091,2.735269523681771,8.420235336716907,19.683339400762435,27.36746322229692,6.589074375674216,9.242478958775154,6.89752577400971,7.574507966096874,4.046426202687266,10.158309824964011,3.2059136131243267,10.988216917481136,2.4253138764284055,16.562399945799626,2.7789667523814963,8.695508634420133,3.692368448352015,2.4932609623379123,10.520093948036545,1.0,1.0,1.0,1.0,1.0
0,1.0,1.0,0,189.2,18.07067713299021,2.6247602434001287,7.415988395273986,24.968106645943532,26.20140445113761,5.754128975789238,11.318988525870319,5.905665162208249,7.991214348704099,3.57936050207545,9.099587972012603,3.761391013910742,7.750555834916668,2.2618780466127397,20.70374725701239,2.99111154385551,8.82240543912502,3.000809232641524,2.0173322211217255,12.37269172141733,1.0,1.0,1.0,1.0,1.0
21,1.0,1.0,0,189.2,21.319322074818,2.3771458213553376,7.3682283933824,25.536694585330288,31.041418492373175,6.398360962299545,9.160779805880292,6.734918260343495,8.615215342770284,3.680828774519034,8.426299310239584,3.717539815378369,8.331035748880355,2.104184806334054,14.911628173341512,2.7816309084659117,8.346512174880374,3.416153660012203,2.269238849726186,12.00549000663936,1.0,1.0,1.0,1.0,1.0
18,1.0,1.0,0,189.2,18.80365519112959,2.1739185672807286,8.811824878158346,26.01605177440464,27.224656305176286,6.4297447871464275,13.04412390626634,5.091458755615756,9.400424661966095,3.516005489276823,10.593302193305112,3.186904038462247,9.041844569845992,1.9414139097097172,17.61321185293534,3.395115565114242,9.85998532922334,3.714213686788084,2.1800260272721985,9.723999868055744,1.0,1.0,1.0,1.0,1.0
1,1.0,1.0,0,189.2,20.633374538404695,2.848794914643183,8.799388175962969,21.98712924457616,35.96203383006527,6.595136508817521,10.285087622491382,7.429707414176098,8.467905056281243,4.0140725242712225,8.237065452733097,3.8382523195900315,10.326368962036721,2.5148419953762065,18.800502846782436,3.6360282885860453,9.56987281985178,3.740331729310247,2.305651648027153,10.907542437638456,1.0,1.0,1.0,1.0,1.0
9,1.0,1.0,0,189.2,22.944731312761075,2.1667722378343512,6.966229640587568,24.35775427236951,30.314027975968028,6.566633594081392,10.714004402749941,6.7165023784609375,9.328597361114355,2.9099404441646,8.449242382192347,2.8319423378812587,8.444656544682054,2.4858299904827375,17.075370782574975,3.7551287257285346,9.546429838503014,4.1265317743279635,2.3528439119738307,9.322095299008483,1.0,1.0,1.0,1.0,1.0
16,1.0,1.0,0,189.2,24.64883184505343,2.7289023677084545,9.046678925471696,27.003436837778622,30.769822873826566,5.483393389113767,11.16713545882932,7.373942220611533,9.666437868843119,4.177758984306336,8.212978708217916,2.715765904691127,8.533840397797043,2.268508121245311,20.201531565930342,2.9432596215732016,7.674459516539183,3.952238214350139,2.016622674806935,10.173637887954635,1.0,1.0,1.0,1.0,1.0
10,1.0,1.0,0,189.2,19.96568558792332,2.6722196130705127,6.948573101412461,19.728662294503046,29.415338480632986,6.551240087691867,13.31009942791405,7.12727132287888,8.64549159540997,3.0688968053929253,9.157897194927783,2.6386282860725503,8.256336690007998,2.2164413405029793,16.34250657664063,2.856351886663486,9.675561886162617,3.843757177015936,2.4916413144546836,12.43773006795124,1.0,1.0,1.0,1.0,1.0
38,1.0,1.0,0,189.2,24.243961745947253,2.5132478744166473,8.732309358835446,26.71493532569662,28.686491059749542,6.637112974024061,11.297920566476114,6.519069048949132,7.592282523963435,3.5831089144534953,9.470776622714608,3.4661352610763765,7.6868036374447675,1.9197879138235405,20.665228276444005,2.8541315883317635,8.772386740193202,3.10387990267835,2.5401672485951594,10.19883414937402,1.0,1.0,1.0,1.0,1.0
36,1.0,1.0,0,189.2,23.52642551329003,2.5081030895488836,6.713573186341536,18.83453735769595,24.755481819051816,6.788712725571069,11.60955306827367,5.4725740558459846,9.1874028500671,2.8433039269858713,7.372166877440169,3.7469638785704777,9.23513349670863,2.2200586443518744,14.322188572447207,2.952643775534006,7.902496493538592,3.4266410653758492,2.517699168438555,12.319792091570072,1.0,1.0,1.0,1.0,1.0
31,1.0,1.0,0,189.2,22.360116128143794,2.2545579991248137,6.293124771095631,25.60998097855291,30.76453493407582,5.031848760505458,11.252618115931162,5.670129068365412,8.16038360881857,3.469234502753338,10.465351884319718,2.628299613449905,10.945570354751698,2.2807818535484614,20.24602147826166,3.3570491136885985,7.866366178898778,3.4559097099603493,2.4824778582902227,9.780517367858684,1.0,1.0,1.0,1.0,1.0
2,1.0,1.0,0,189.2,17.61699034958838,1.9590079993812621,8.892542102462336,20.59523160868084,26.092816874065253,6.52205403785911,11.67871677681753,6.2238777562511265,9.193058307338646,3.727928224119942,9.21789116540671,3.6577925492979753,9.688248079084321,1.793332573896947,15.106862368321428,3.230733886033339,8.469256345669635,3.0043437408450653,2.2650990129363104,9.15073366831082,1.0,1.0,1.0,1.0,1.0
33,1.0,1.0,0,189.2,24.091476931048298,2.189997938366748,7.65948395421255,26.756140991997565,29.898035912326904,5.997507188816171,12.868935596421402,5.975540567970134,8.382910676647313,3.2010549111514335,8.27153313744635,2.752885942564577,10.841989534156948,2.321011297909712,20.051773950771523,3.5014331488049844,8.935639738198736,3.1309640769938145,2.411735808244475,11.67259601707106,1.0,1.0,1.0,1.0,1.0
29,1.0,1.0,0,189.2,18.42396372502102,2.085669764467406,9.081723287635285,27.35396574498428,29.14112378833855,5.7295971474120275,11.7741883472595,5.944080469565732,8.18272850601776,2.9529684799530678,7.5008576308081665,3.4696588021363244,8.417275148095372,1.7844001664830382,20.718599740273657,3.365439360436247,7.860472761780724,3.305475148003922,2.245206042965553,8.741623496953626,1.0,1.0,1.0,1.0,1.0
24,1.0,1.0,0,189.2,19.578918204330478,2.4569955329875235,6.773036915957983,21.282257377947893,24.297662310840533,6.174617423838434,10.337655313016546,5.083527474081662,9.724825111957658,3.563817311805524,9.14401373377135,2.870307469468461,8.012892712751553,2.2609636167878704,20.621480571063167,3.1766301166137976,7.375829145725057,3.502110245902787,2.7340996886707756,12.13776371193265,1.0,1.0,1.0,1.0,1.0
35,1.0,1.0,0,189.2,21.57883851367621,2.0248555632891927,6.665017203129634,26.967529426293307,24.087627622208178,5.673857301901168,10.992866299678614,7.152210409262517,9.637834400318495,3.04581054971044,9.932401123372015,2.914120923398483,10.343928559833456,1.8369807806317053,14.171795291385095,2.6930886796590006,10.370526447286933,3.913350857174708,2.240618342498914,9.660032607129821,1.0,1.0,1.0,1.0,1.0
40,1.0,1.0,0,189.2,24.241038636590194,2.506159210798423,8.535913418630777,24.51315427918866,29.55697433906562,5.72290518219048,13.060746998621564,5.324561313426986,7.599195512745834,3.4067800177871224,10.362602292723,3.0568237372512126,9.773709215664782,1.9904181957697222,20.289774132534244,3.3498075539850882,7.833281973329749,2.907638993219975,2.3156839367390263,8.685005124324965,1.0,1.0,1.0,1.0,1.0
5,1.0,1.0,0,189.2,22.13437991849355,2.2699056098565067,7.343067485917358,22.266412383661994,30.93861948318103,5.255352042234231,12.892004614256232,6.085004764414227,9.788143434286575,3.7391403166846016,9.256569324485644,2.6905188663185022,8.139977007405152,1.7727603688398819,19.96144899211244,3.5804444351577036,8.278293484110613,3.4887228677549307,2.212520390973132,10.318628729865814,1.0,1.0,1.0,1.0,1.0
21,1.0,1.0,0,189.2,17.930925865161484,2.575407539332136,8.812797630441532,19.575051130255904,31.475737102542794,4.8668424345348384,9.336199993441166,6.39617720905768,8.190226741142546,3.7496137739391595,10.65331452476817,3.7653914022624124,8.26616269082097,2.082793773755744,15.27783087626177,2.880734347655693,9.691576691523037,2.8303180191682262,2.1433506969676968,10.43535843782408,1.0,1.0,1.0,1.0,1.0
19,1.0,1.0,0,189.2,23.27445785090975,2.6005389073938168,7.062760854261157,21.82652862748299,27.12193599153187,5.417168907111734,11.00594034203959,7.333798646744463,7.252187344187844,3.4934517730151984,9.750444887131602,2.7623175617487536,9.497609481527324,2.5458202575419913,15.03777568897936,2.628659009845034,7.319864720138035,3.498309688448779,2.3640524371279175,12.036175554784984,1.0,1.0,1.0,1.0,1.0
25,1.0,1.0,0,189.2,24.633688090402874,2.373464111435725,6.962007268366752,23.037688370105332,24.799007373341173,6.072090346294231,13.121907246388973,5.507922248308738,6.572480835427001,3.5137234497677303,9.18544907630891,2.893005048526452,11.128936894137802,2.098914666849339,20.70302243319756,3.4027559424245855,7.893784380515282,4.115180083850436,2.2287372241930843,10.94965654698517,1.0,1.0,1.0,1.0,1.0
16,1.0,1.0,0,189.2,19.485976764374385,2.3084922074537975,8.171901742301507,24.802322941917932,30.2229508735326,5.9756728899838185,13.39920902439521,6.669814277200229,9.242386362390228,3.050005777588451,7.760515409938925,3.835612992257797,9.884394414942392,2.263141476301829,16.52580546772318,2.9860974796312796,8.398844917314568,3.153851138552557,2.4656461668611023,12.715889820916615,1.0,1.0,1.0,1.0,1.0
30,1.0,1.0,0,189.2,23.847535558145157,2.0994535788464357,7.507333888691504,20.89042868001774,29.21379499488765,4.908438671990228,10.91736316254802,6.386249792845554,9.187356285584666,4.197658881939407,9.438913570394543,3.2291742026668233,10.05032060102327,1.909740066281591,17.71500274075045,3.7467854230678017,8.242567129448476,2.9777218397374154,2.0715484513416196,11.208871020851898,1.0,1.0,1.0,1.0,1.0
22,1.0,1.0,0,189.2,25.372917447217606,2.270497929454704,6.856994364433993,24.698993216730802,34.91652662993164,6.739660282904675,9.252200043592245,6.535925611660746,7.664387538054736,3.7527707364934786,7.377246751369503,3.3920417774383353,10.866559657662762,2.3655217901113774,19.61313532482599,3.745813123381595,7.421624393538624,3.421880620281127,2.149375133098151,12.524046456199894,1.0,1.0,1.0,1.0,1.0
24,1.0,1.0,0,189.2,23.994263269666444,2.1713724305370214,7.332888414172687,25.8866769866621,32.54594346002634,5.662847197632608,11.614562792697962,6.6378957974597,7.925165303232816,4.120899605017708,7.2319052748672,3.5365599630563676,11.331924946701472,2.470409830995573,16.996195641493344,3.3395548604152063,7.50454339854095,3.2905045910289314,2.3812252192886416,10.13577027514529,1.0,1.0,1.0,1.0,1.0
35,1.0,1.0,0,189.2,18.850740638441277,2.522687771770459,6.658067861130115,23.922482101489308,31.32008874540984,5.5275281750662035,10.40134319847696,5.37327676978765,8.451592710003512,3.557304845738546,10.294804101354472,3.6341358803287047,8.524274448141625,2.3235422682602938,17.871630056924502,3.0095127337459626,10.073730795238934,3.7542133088189766,2.0083820737771596,11.578957318854567,1.0,1.0,1.0,1.0,1.0
30,1.0,1.0,0,189.2,21.517679701271167,2.6368849698379577,7.2656174457926745,24.16871430100734,24.951475148766104,5.959512779960162,9.96724783652439,5.533039110652507,6.639671333665616,3.841558280566204,10.013778418266504,3.604173518157893,7.87656987144496,2.5321366638538665,16.72292647873884,2.586019070578713,7.4458873957699305,3.0889207585175797,2.7961209264682556,12.309716517115474,1.0,1.0,1.0,1.0,1.0
25,1.0,1.0,0,189.2,23.926706843474207,1.9291541846202227,6.704526787045655,27.08486964154144,28.730875002689984,6.65278697998849,10.008482519175002,5.75262628968285,8.639440429352053,3.1556251478637276,10.775859212239954,3.489604239984377,7.999904607331063,2.001382612671298,16.245189201348317,2.6346912736748798,9.633399131709197,2.9369128600201466,2.4221811632798596,9.527579906526482,1.0,1.0,1.0,1.0,1.0
18,1.0,1.0,0,189.2,23.793175190398397,2.6292815854264324,7.732297956673285,18.562515347063506,29.12070736510057,6.3677770634279405,9.20569306310581,7.091337893686031,7.414212965014491,3.8392916065562406,7.981012480564101,3.511020983423292,8.413608318986892,2.6262191791681273,19.471110103250275,3.200887625240888,8.576272358136935,3.8026919786069193,2.7803669839609593,8.726312726957786,1.0,1.0,1.0,1.0,1.0
2,1.0,1.0,0,189.2,25.37950322255376,2.4964547490033193,6.319394291007126,20.195624814674044,30.07580466879102,5.964633109953086,12.814839849626228,6.739686454042214,9.09944655367479,4.011054951602043,8.595240262501576,2.8803621430225816,11.1139936379233,2.5624927409131186,20.613715176120657,3.7801545213320042,7.358011265503736,3.137601479340133,2.1638385814945464,10.49035874702587,1.0,1.0,1.0,1.0,1.0
0,1.0,1.0,0,189.2,18.538090466174744,2.4382037439845567,7.110741316165652,21.26776248181591,35.39012949258559,6.493669495142558,9.275924137754282,6.2311893755464745,7.355449078304696,3.787550300290417,9.303736591454879,3.591010595430352,10.928672767152214,1.7950249562900082,16.97139725285239,3.181448705078882,8.330095729218153,3.876736715850422,2.452975820963667,9.038958198620335,1.0,1.0,1.0,1.0,1.0
39,1.0,1.0,0,189.2,19.651957196104902,2.290530490223436,7.747692573195886,20.56858120388513,27.631259322139705,4.963819849690164,12.874785164576696,6.286905972288645,8.58811881296326,3.796828049579176,7.3326828478597745,2.6542284389747963,11.088693443716915,2.2932650982970904,16.398774469542836,3.073303023793411,10.085498919702932,3.8681600438318258,2.868805434006412,11.466256083967789,1.0,1.0,1.0,1.0,1.0
0,1.0,1.0,0,189.2,22.845492128529422,2.831175729801177,7.138289483805196,22.897811710306794,30.04884168835638,5.832790066796746,12.781851633234428,5.7317311679508425,7.786703231834931,3.124082994103157,9.53342259883554,3.0905285010387664,10.518046913276647,1.7982006007308045,14.672185815151941,2.8477528819907505,8.463942591533916,3.132721656356317,2.317747496170701,11.07579466814858,1.0,1.0,1.0,1.0,1.0
34,1.0,1.0,0,189.2,25.034189523410127,1.9336492703537207,7.299191424617999,19.784124557969538,24.91772974513844,5.281009468105984,11.997006483281918,6.490218580175894,8.068135314005023,3.005484593964024,10.208601991879581,2.761198110289066,9.278004061758551,2.2450642572412987,17.4823480287396,3.06592153560513,7.068106381454828,3.2622115411931447,2.369323978382144,11.143714033290872,1.0,1.0,1.0,1.0,1.0
8,1.0,1.0,0,189.2,18.617269674740772,2.2545326143370485,6.390379845131265,23.191670665788955,24.693416886444787,6.470713587048214,10.1565224456923,5.967895688779834,7.588296920171766,3.084389008149606,9.770424676087108,2.9116390083307127,10.02628715886609,2.018296552273293,18.846033051632457,3.813394872412086,9.878774383495044,3.6851309740964733,2.29377285177217,8.964441831192786,1.0,1.0,1.0,1.0,1.0
6,1.0,1.0,0,189.2,19.593525535058326,2.4540978106022675,7.886465815986192,20.209385987449124,31.996521787067348,4.896127988097168,12.395395736610862,5.5583361724726545,6.917904118607281,3.5368649075811525,8.884809473345724,2.7941465821737164,10.119355932443057,2.5384936356668595,15.025485309026195,2.599557522236731,9.630558305295098,3.0218921846717963,2.8306296741561026,9.744868922886479,1.0,1.0,1.0,1.0,1.0
3,1.0,1.0,0,189.2,21.44379386613306,2.013991444778912,6.610378340396744,26.80358879756446,27.71078899379511,5.251348300804955,12.763823779769893,7.149939824527572,9.735923681768767,3.053198855367432,9.354854491654496,2.6521255032922344,8.670959613353284,2.096536003858353,17.78647156777175,3.7431281885434537,10.324457155744682,3.0234558205935733,2.8243641156441925,11.216819343747595,1.0,1.0,1.0,1.0,1.0
14,1.0,1.0,0,189.2,24.55186399509459,2.8666977376027853,6.838460092801748,25.24817232919048,28.746680498860204,4.756074244044405,10.196503459525687,6.058945411941087,8.713269860870863,3.3181032169723013,7.731841484616808,3.286820047089872,8.910895617618584,1.8760307134467606,16.93358873571837,3.0650457731137197,10.390973039929412,3.203470011172598,2.6265505339662654,10.216457379043634,1.0,1.0,1.0,1.0,1.0
7,1.0,1.0,0,189.2,25.143990907110442,2.5576549852639574,7.668999833441807,26.986970194158335,25.811918251911308,4.794141929411836,9.995891961841073,5.424566706967698,7.461610629328453,2.864275733245274,10.576615197667053,2.989389714611825,10.436952829749815,2.3839243739555664,20.800770956890773,3.2185376715184995,7.054925264714133,2.99855077399945,2.874758518482327,12.690357529794719,1.0,1.0,1.0,1.0,1.0
19,1.0,1.0,0,189.2,19.346799250093234,2.4847705642827784,8.786914123232823,20.32114073973448,28.246250173516415,6.683364516306567,11.146195575805024,7.385174321234645,9.23529968635568,3.3029592768732163,7.722853566531924,2.966670300921037,9.364959729407568,2.345292192298191,16.143513603818878,3.757610728781685,8.067332035773301,3.0296601375753776,2.079297959494569,11.342769574930065,1.0,1.0,1.0,1.0,1.0
9,1.0,1.0,0,189.2,18.99891961788383,2.7515442902639244,8.921935889314028,26.796293020130413,33.803915066274165,6.801015815905498,10.435507403484868,6.264349386258531,9.753256750107022,2.8156134226392924,9.929528331515376,3.1282515791110566,10.406914367031462,2.035646687466309,15.515948127548587,3.705793208958948,9.902374369694668,3.305567764615619,2.293146900252767,12.093025530192808,1.0,1.0,1.0,1.0,1.0
28,1.0,1.0,0,189.2,22.419122031064703,2.552019484425502,8.53595869288907,25.43999416537758,24.103248374391516,5.623544909583745,9.156610786841435,6.525382912913768,9.074335924553656,3.2387221278342757,7.737438899814865,3.0399605878290687,10.701725105103707,1.9451691679360776,15.32156910717046,2.6582432130583613,9.454092484969763,3.9732210030989075,1.965333530388333,11.35892053544887,1.0,1.0,1.0,1.0,1.0
21,1.0,1.0,0,189.2,21.656013560638883,2.138441708578578,8.917888942239395,22.65253848684719,28.556906095443058,6.717744206451246,12.344715156871263,7.374351544438637,7.183216538868828,3.506641670774663,8.917952854798706,2.5657108220309013,9.80943825123793,2.0371168665973776,15.84176718387683,2.5855288111912014,10.32537436981739,3.203049495314,2.3428165623652903,9.00156560583057,1.0,1.0,1.0,1.0,1.0
14,1.0,1.0,0,189.2,20.7300522672548,2.7965481318414436,9.11486178206049,23.74491264022758,24.964339491207845,5.680137036487838,10.637168769749856,7.1707803914754455,9.182053497812834,3.7262780221353813,8.21911958310337,3.5910507639318014,10.401983696891664,2.125967973532374,19.85035835936496,2.656887392933424,10.265963424658592,2.8195531248537717,2.7161292874290472,9.775617306234851,1.0,1.0,1.0,1.0,1.0
36,1.0,1.0,0,189.2,25.306631159394936,2.407236054819473,7.593553087983552,23.435112582851733,29.44137758024715,5.521231962463048,11.44905647136327,6.705245411920697,6.968488186861765,3.0473700164753557,8.97240150086656,3.0725137884227447,8.204900289093324,2.4180889905985703,18.044586807121544,3.033793108362696,8.723885267812555,3.1720233323384024,2.86567107346316,11.992988403755739,1.0,1.0,1.0,1.0,1.0
18,1.0,1.0,0,189.2,22.919897728572238,2.2117521202904955,8.483641865782843,20.089439226909942,25.494145349051706,5.2029901935914005,9.72980037387931,6.243314477835378,9.097870880590937,3.5416035898135503,9.098417108440843,3.239280376571115,8.911134938440371,2.391865578398517,15.503075292197973,3.7774883627543803,8.414394126940689,2.9122241074549935,2.415110254195221,11.302974934437675,1.0,1.0,1.0,1.0,1.0
10,1.0,1.0,0,189.2,18.47572360457479,2.127303492755176,6.404993402673631,21.317817871354798,24.990280751281855,6.907215567015433,13.024045864755614,7.057190898300088,7.821117549480472,3.5881904599243173,7.292537390353072,2.741820578778438,9.592996557384122,1.7786365295298117,15.764601878003726,2.9230796125960286,9.107399923810792,2.963542580232359,2.2728729503832876,10.205991081972371,1.0,1.0,1.0,1.0,1.0
25,1.0,1.0,0,189.2,18.983976962456257,2.860384130344531,8.240374796739792,20.36650011509693,25.07515490445143,5.036398294341434,12.148658412271399,5.527318833053889,7.211272720316551,4.113796690248076,8.84238389703173,3.1730296094943724,10.952582683054244,2.1171497756307365,20.21766732274982,2.585140122441546,10.13333560579317,3.0096718215453038,2.776737776969782,9.520894846258932,1.0,1.0,1.0,1.0,1.0
29,1.0,1.0,0,189.2,23.417067548331996,2.7977007544554824,7.29943845565457,25.885476818089657,27.199058920610632,5.935194370402787,9.502406307624696,7.145868030959125,6.679488168533557,3.6628984425578137,7.586500344167657,3.2069018320357316,8.141530782588152,2.5466038925745047,15.12862596002678,2.8776500927980053,7.639753473217366,4.0125769358423184,2.605458438775043,11.589300104196807,1.0,1.0,1.0,1.0,1.0
31,1.0,1.0,0,189.2,17.710390245733826,2.4082681245247373,7.440949167237947,25.858653918592072,31.52477555797494,6.7655490174298425,8.988238793282603,6.190779154229617,9.059100048977378,3.4095797004157764,10.627647844052479,3.817364470279239,11.056490837023293,1.9575539335307393,20.2433588606745,3.5766341727783173,7.305937094869499,4.038888674073175,2.172476145838841,9.835126330721103,1.0,1.0,1.0,1.0,1.0
36,1.0,1.0,0,189.2,23.03676620286891,2.41274819422139,6.582366906252612,20.909840216873345,28.960815777466202,5.367154751748174,10.33955883462255,5.2890384470515155,6.5675599749874225,3.9410332325874533,10.535223551545048,3.553951151828531,8.325183046906927,2.422748630980554,17.978447620050172,3.197312745998645,10.165680009244403,3.833148622445689,2.7783033487018978,11.640509546319912,1.0,1.0,1.0,1.0,1.0
11,1.0,1.0,0,189.2,22.536222990593252,2.3576293393678394,6.23905149728574,23.71342946080487,25.660302421848968,5.530424003533954,13.148998132331096,7.210651341758223,9.260623507802,3.528220148933522,8.05128168240734,3.8141050552223548,9.053334372728212,1.9285976136005933,20.527531269755496,2.6533803000111393,10.324937139314883,3.045229310707932,2.150196609818403,9.453254058065047,1.0,1.0,1.0,1.0,1.0
8,1.0,1.0,0,189.2,25.71490943966815,2.267875165285773,7.877837190669846,18.800392668879496,29.879976137189107,5.15531261713211,10.220372562266059,5.916004849326279,9.274250849124481,3.0831323155224797,7.846146991591628,3.16944388414459,10.755295648430867,2.637101889414165,18.22047402254859,2.60908956327947,7.2379592485305135,3.8869351973382984,2.549942169816432,8.8825005932127,1.0,1.0,1.0,1.0,1.0
36,1.0,1.0,0,189.2,22.17494304875947,2.73776808995507,6.55314882120994,27.020313072572243,34.86048306278795,5.405139397304928,12.536561678660762,6.526448982504193,7.624880323146858,3.845513124451632,10.397850581021565,3.4553647560145424,8.02402389637903,2.4334104745750427,16.581445279990117,2.7826842622263506,7.26210090169801,3.6272947572285497,1.9831041530913591,11.197589126209326,1.0,1.0,1.0,1.0,1.0
36,1.0,1.0,0,189.2,20.164027789307482,2.2018350658515295,7.543878786897055,25.896103166217227,35.691773929069676,5.01752730532553,10.281770774449159,5.017719817297267,8.481166746530347,3.2960938794322296,9.510993148255325,3.8034565622092398,11.043262177561383,2.5605329342023464,16.169342384648075,3.45843595938918,9.830566319790309,3.008574436898403,2.2035208595101983,11.89712748934694,1.0,1.0,1.0,1.0,1.0
30,1.0,1.0,0,189.2,25.59498050320365,2.3839084575447114,6.680704185213352,21.170337690451067,31.38395877901483,6.133626685845955,9.73056550920169,4.981762509747473,8.83642622505879,3.416638140485389,7.261426942315763,3.402111398714326,9.610474151523022,1.95263593815772,15.917199345456796,2.7227870518959962,7.452465181420005,2.847971206818728,2.491767930484399,9.05843582937392,1.0,1.0,1.0,1.0,1.0
2,1.0,1.0,0,189.2,21.429805865976913,2.2720446477512115,8.293836672065495,19.199276348270875,26.78212591872352,5.48528277652391,11.328194361876047,5.3790300313057084,7.318221312931501,3.003054901265492,10.137645973267489,3.057299728750386,9.448210732254372,2.329141950426943,20.80965446483034,3.7141469551995225,9.187292282560499,4.143908250608824,2.6272350662914987,12.236681657172968,1.0,1.0,1.0,1.0,1.0
1,1.0,1.0,0,189.2,17.557674856583137,2.5468124002026036,6.865656824664759,24.752649619165968,30.49750325347589,4.755070821518067,12.117799519705573,5.740910979586479,8.424615197166819,3.9395007084053653,9.968529240979192,3.732452743636472,10.797342244718468,2.6156712992991027,19.690050610161208,3.122633963305157,8.89201035591793,3.1620322462616817,2.8397515389052983,12.550378522657942,1.0,1.0,1.0,1.0,1.0
26,1.0,1.0,0,189.2,25.53112338235274,2.094778435055049,6.576365920310652,20.773601046156582,32.13879330912053,5.10698751872843,10.26819819692594,5.2858071126187465,9.568942233031134,4.01508686441054,9.894636848390569,3.2912865832502285,8.567623598045364,2.2541565707739024,14.350277637406718,3.5701171245240846,7.531749384258172,3.1594491720137996,2.4210414625769965,10.740889074805471,1.0,1.0,1.0,1.0,1.0
13,1.0,1.0,0,189.2,24.000626685900407,2.7813717201999664,8.120907140745338,25.055090824286673,32.73836825777939,5.8847062628792175,12.516701074251145,5.216276081359553,9.35422553909191,3.439995041014262,9.323610531735513,3.4280870224008155,8.396547025103624,2.253807357179871,20.75160189563612,2.602213129939196,7.642248405898197,3.7318678806453662,2.8040505119532635,11.14158478629855,1.0,1.0,1.0,1.0,1.0
10,1.0,1.0,0,189.2,20.977853151471173,2.6922936236175055,6.493090942678745,18.871197202995802,29.397918847601304,6.663322097937086,10.551671138384512,5.6247082740997225,6.845776355771161,3.8177633824375197,10.365983638534201,3.8050719255963346,8.048313889220417,2.621513333212701,18.692400047761996,3.6371231244007634,6.9781096838735595,3.5046711379681623,2.4881724567646377,11.291723868847692,1.0,1.0,1.0,1.0,1.0
21,1.0,1.0,0,189.2,18.32970467415479,2.0982075309123465,6.713135898514198,24.3429366846165,35.291281743102296,5.367974869513051,9.746528925492036,6.324657160760891,7.322765903402132,3.896218110472571,9.181209808933374,2.6530820917895164,9.646965780202509,1.890302850089896,18.511914353002183,2.9211543338947292,9.57379051716628,2.934643560647785,2.7635911892203473,8.553318944820026,1.0,1.0,1.0,1.0,1.0
31,1.0,1.0,0,189.2,20.636443550804753,2.415773417896769,9.057894050613635,19.61079852108888,28.9135570077623,6.451894002998896,10.817810763505367,5.515119027567604,9.803324113797235,4.022595580773715,9.446081167767762,3.541099311904023,9.872750248374814,2.2681265905672703,14.672821258967305,3.0664518038609097,7.635496878212193,3.495207995090043,1.9325232456976826,11.176727522061437,1.0,1.0,1.0,1.0,1.0
2,1.0,1.0,0,189.2,19.65755540655034,2.4533719365812297,6.161330434411774,18.51677117059742,28.365603318351237,5.118841227140148,12.841496786101683,5.928994596249831,8.816819228797486,4.100076204378761,8.597193336608258,2.8628583939469685,8.502490733092273,2.039325095149816,18.711035189679123,3.286539703201022,8.77682352078799,2.8190572806157115,2.756821119003133,12.239480665369747,1.0,1.0,1.0,1.0,1.0
13,1.0,1.0,0,189.2,19.17652186371803,2.4678231764548735,6.779118530870647,22.993616473208945,29.3535210365628,5.569893306025544,12.998656592319431,7.266659847691277,7.112305535199064,2.87787007118908,10.246246434799641,2.566357312806514,9.186583475417224,2.232665029754214,14.716759129699158,3.4488540051398404,7.000903424217273,4.1876299680540345,2.478471656266661,10.324500631097477,1.0,1.0,1.0,1.0,1.0
9,1.0,1.0,0,189.2,21.646831746740418,2.609566260601261,8.441509914249046,19.157454156936463,35.01671382037151,4.777527350698376,11.98453755453175,5.646884214912125,6.734012272793103,2.982873059980912,8.535832320310783,3.5272996384012845,8.011496739773428,2.3145316662796254,17.00129662132192,3.782038719562424,8.17217637136139,3.9941241171903377,2.3725590680067987,9.69523366485007,1.0,1.0,1.0,1.0,1.0
15,1.0,1.0,0,189.2,21.870281916433914,2.640277873067985,7.950026070411448,21.234724262520384,24.984470128089438,6.14913559774432,10.889389280510944,5.611541144514211,6.648452846426684,3.4770669359515938,9.6098554568763,3.134333588772867,8.607240703766616,2.0103709841361876,16.47015092147564,2.61381992598227,7.3540609752791335,3.6151540839537826,2.6511672328149394,8.74977970212541,1.0,1.0,1.0,1.0,1.0
17,1.0,1.0,0,189.2,25.88612294214021,2.5795567720490125,6.191526167909548,18.582903492298612,25.140802724754643,6.825497301792487,12.564965355486814,5.640355522948327,9.518400944985242,3.301981834941396,10.569370875473078,3.49905432439531,9.197362322038366,2.115651148043229,17.910921450583427,3.7452976528217152,9.352572950413975,3.457931449246036,2.1002341525640453,9.467165402493983,1.0,1.0,1.0,1.0,1.0
40,1.0,1.0,0,189.2,18.80607624193999,1.9646820445932858,7.722404194181182,23.29916595818695,25.824147235249534,6.191727248543138,9.523240989295145,6.990985313519045,9.174881602304922,4.143384228560701,10.548557497007291,3.3280951962960965,8.355409641416694,2.35049972401398,19.65781637024185,3.7078256079399114,8.139603830060718,3.888539154788096,2.7686141824145714,12.44646142199583,1.0,1.0,1.0,1.0,1.0
9,1.0,1.0,0,189.2,19.1743440329988,1.9830110636231864,7.347303682180687,25.805395516759376,35.5126181168915,6.534229161720753,9.911764602550297,6.593899574974264,7.255522862281459,3.860596587945362,8.640391040243276,2.727541732912005,11.216497030458155,2.141633005929234,14.442334521317107,2.8800641318011513,10.07597643826832,3.7431789522096937,2.505214296756013,11.700951790681556,1.0,1.0,1.0,1.0,1.0
0,1.0,1.0,0,189.2,23.317127072985866,2.7137787751236724,7.655870717046475,23.038686905709444,24.47444167307723,6.152164502209012,12.553851326720354,5.1103822349481804,8.038636746264533,3.307126579688706,8.508149403165529,3.393821914795737,9.123439793960605,2.4845401679132593,18.514454518866607,3.6050464298301996,7.228507238331256,3.298041107141204,2.5974567639379598,10.540990059625685,1.0,1.0,1.0,1.0,1.0
31,1.0,1.0,0,189.2,18.08191556069153,2.81564957359678,6.642073362993636,26.85028623508676,24.100463737342615,6.0085798675119335,13.285617292262561,5.976050355906845,7.399580415502355,3.6065423029949883,8.79740922831665,2.6453011241417514,9.157920630699135,2.5576340566733022,18.877683935723518,2.8305482646502127,7.8736669761440545,4.06735430816162,2.0293799013725695,11.179294799430288,1.0,1.0,1.0,1.0,1.0
12,1.0,1.0,0,189.2,22.410385942971363,2.3950167690701067,8.357435188943144,20.353769434516348,30.38385670659681,5.187301605374251,12.279997152667857,6.080774115778343,8.821743724996965,3.57072924218987,7.540354987925505,3.12222756448607,10.382490830117366,2.2529858768008655,19.7801911612022,3.5771054564968257,8.794956134521234,3.489600275007902,1.950983710509643,8.683876870722194,1.0,1.0,1.0,1.0,1.0
24,1.0,1.0,0,189.2,21.351051810161298,2.282961119422105,7.753219059171264,21.19012929520854,32.00185728817921,6.309760575964491,8.972561452147701,7.330960678423985,9.773473334356902,3.0562355659192995,8.857669188373404,2.6240774949037413,8.634107596660252,2.0037529399131535,20.419765460276988,3.116033432554868,10.022512950948718,3.9988354226048513,2.1457642287660974,12.204664826552435,1.0,1.0,1.0,1.0,1.0
26,1.0,1.0,0,189.2,23.349403637826825,2.070489974467026,8.05904817793665,21.04395450054606,29.64269401793533,6.336961749516074,11.069040498566043,5.728939702430165,8.229309548114978,2.897193476245088,8.53471311708762,3.055447352833387,10.908159579558555,2.6280175333080344,20.104728854864724,3.1299789083235066,7.40545281481672,3.1675411921794376,2.3620368697495904,10.291742835270334,1.0,1.0,1.0,1.0,1.0
35,1.0,1.0,0,189.2,19.304337353792942,2.336557957172184,7.724895033120375,25.256917775803778,27.267083654491643,5.349156069064353,11.166122560593033,7.196365802280441,7.897454611690779,3.1521662711151137,7.28682189458117,2.664161180887298,10.267731576586284,1.8713669460063491,14.181300432886887,3.0908618557301177,7.127083569466401,3.3170481349256846,2.443126038647255,11.640538730034109,1.0,1.0,1.0,1.0,1.0
20,1.0,1.0,0,189.2,18.33260880782065,1.9485353273386048,6.936380841540945,20.797123521112333,27.76773800792139,5.205097947186834,11.558312968256674,6.772034549162079,9.682533588797474,3.111891127722316,8.867370971795072,2.7916872377229947,9.747019536595808,2.1424542263527933,16.72323803593256,2.891475448510884,8.14966446071762,3.1346157191989263,1.9377171909148316,12.155281188847692,1.0,1.0,1.0,1.0,1.0
34,1.0,1.0,0,189.2,20.73235231047574,2.1153108401636973,6.1574253033133015,19.167262052173786,31.841290520017928,4.686991149913234,10.588110620443745,6.544325137766426,8.829870887580238,3.0227065017003865,10.522049682842079,3.179348705242251,11.203683996878677,1.9091189474831882,16.95786797545552,3.119920118799664,9.924312235867426,2.9396205636819333,2.6117183123721404,10.882705462831487,1.0,1.0,1.0,1.0,1.0
13,1.0,1.0,0,189.2,19.80861393931961,2.624929416043362,7.2781866629007475,24.903019732754867,35.78746146345006,6.934918135631764,12.40733796036881,6.761358677573442,9.57203579806455,3.6695274691437056,10.524370000885229,2.6771590055403873,9.674950555241074,1.9074964078984704,14.959945362383166,3.5514369382297684,10.027865094814477,3.971876253978322,2.162795448025082,10.394292457256448,1.0,1.0,1.0,1.0,1.0
1,1.0,1.0,0,189.2,18.097066783588637,2.025017197530332,6.183364161087302,25.48001383867337,35.725516479428066,4.763994358971502,11.27670507926556,5.695090238626805,7.375104771509836,2.97134482267837,7.328154963634299,2.871230759372324,8.92217673735468,2.4136688528851726,17.84568773342724,2.9209225824996787,9.531267942643002,3.872709336410221,2.755543806903898,9.865415526481835,1.0,1.0,1.0,1.0,1.0
26,1.0,1.0,0,189.2,17.626737201563934,2.065081073433334,9.000624470273857,25.1231719534397,28.462787517091428,6.4071394603149905,9.266674080652223,6.7595459810331615,7.017696695650302,3.4232698049613424,9.092447974450948,2.832577902466335,9.152786005870052,1.8344052759720215,17.775237865347677,3.6503065236303684,8.533906157713732,3.053349693903151,2.5050789340836235,9.483611017074914,1.0,1.0,1.0,1.0,1.0
36,1.0,1.0,0,189.2,23.484955157299606,2.1489899503017442,6.619902361555816,19.740701928015355,28.1849755127845,6.2753425426301845,11.725721882796751,6.439369440295781,8.217477790777108,3.2161432703314983,7.853897524022672,2.6615620356101535,8.154297838299001,2.0729155536213133,18.818488361155186,2.910535733962448,7.474577901475603,2.8205061307389316,2.5372509351383585,9.179075621401378,1.0,1.0,1.0,1.0,1.0
26,1.0,1.0,0,189.2,20.225522633449827,2.875609358099714,8.650186591917574,26.989115483151185,29.22788505116823,5.816067667514212,11.184146160691979,6.267764359022521,7.874388997950298,3.8884458261775703,9.148978537435273,2.9106481047910413,10.858163177188903,1.8865441102710858,20.75894506581906,2.9947154935480316,7.562227695697852,3.160411333670256,2.7454482631638375,9.7435371169026,1.0,1.0,1.0,1.0,1.0
12,1.0,1.0,0,189.2,18.53780916328688,2.381673007865826,8.253500102619599,19.497711796940006,35.9805081274388,6.923706494187769,10.144511945277067,7.018588386318731,9.292928544154975,3.4317686697537546,9.625881909975403,2.6592167275436753,7.829646002985467,1.9275536187285198,14.061744369516163,3.2345353759031443,6.978542620704715,3.058027191671659,2.4477219951582,12.090685384553712,1.0,1.0,1.0,1.0,1.0
9,1.0,1.0,0,189.2,21.340761080462105,2.070419260987331,6.758527356872028,25.73237121222414,34.18260907137919,5.161643138410321,9.615738151660093,7.039099944825885,8.608552121813824,2.807050170995585,8.206243724207868,3.379863678138701,10.409118451917863,2.377516648532695,17.637396020060088,3.7484434666944098,9.209949098295896,4.0105437195006495,2.084405121019796,10.384177200007906,1.0,1.0,1.0,1.0,1.0
8,1.0,1.0,0,189.2,21.149935525189573,1.994810184976041,6.5577184785845315,19.87565375744716,24.900676166777785,4.892016789870216,9.059767567504839,5.032855312561211,7.2011121542238685,3.7417666546053887,7.710149112662643,2.998833538828081,9.767114937978079,2.077769547112347,19.733186251767265,3.1287908603143326,7.285677216280886,3.8195197415484037,2.1675407326839498,12.552224589040927,1.0,1.0,1.0,1.0,1.0
6,1.0,1.0,0,189.2,20.308102956229646,2.481530915982805,6.4118136446869105,19.41553035969953,24.66868778474148,5.254477518205298,10.699307216234756,6.890377047191793,6.959509158180365,3.3060818702673207,7.509137507348937,2.5611143173176547,9.028407224281173,2.42951971195051,16.19614658569726,3.3936507576652675,8.555934761688702,3.2048430641038093,2.3507952298482233,8.503320571020415,1.0,1.0,1.0,1.0,1.0
7,1.0,1.0,0,189.2,20.43461293499225,2.8218411659665237,8.337879421016844,23.93037213442194,26.326652005471647,6.777146707873941,11.381642469509647,6.3666589937142035,7.522235934422598,3.2616330918122918,7.603977347031685,3.46594149246625,10.744710945190196,1.9533120495634835,17.08691435549177,3.010014877539053,7.892016268844271,3.5969721468362783,2.83792979582056,10.772390225732245,1.0,1.0,1.0,1.0,1.0
3,1.0,1.0,0,189.2,21.96691109251586,2.1998954385496874,6.346213091859603,21.571465245020256,29.82612402324546,6.436542067393175,10.42811212346938,6.640515714741076,9.43393943713578,3.5344711654247707,9.765891624569285,2.9222243132232326,10.398540683119567,2.446466458671523,17.398959335704134,2.882433664794957,8.278935871863206,3.1301851056346575,2.309031416474269,9.279774019052653,1.0,1.0,1.0,1.0,1.0
12,1.0,1.0,0,189.2,21.79394917468522,2.873956978976621,7.565249362542088,22.20951965289817,26.789556495613567,6.9332275598006685,9.460232864147484,7.079110976433409,6.5975694229184345,3.869928013182914,9.782970719983645,3.726125847918915,8.81323249211078,2.0313668936715716,19.356526560359942,3.4748759360773693,9.215994663604903,3.854369308900223,2.6673107597509285,10.920948326275624,1.0,1.0,1.0,1.0,1.0
2,1.0,1.0,0,189.2,25.727717878784034,2.499548673327926,6.550017830544606,20.131872101791796,28.100792060707015,5.02215085250615,10.109708969802412,6.5923596873186865,7.367203939716619,2.815533701104013,10.79880945012283,2.581739801815007,11.360863235251982,2.2386840618746655,15.8893951459673,2.7522663619281706,9.957203094754982,3.516347171811865,1.9606785077882374,11.255601051378486,1.0,1.0,1.0,1.0,1.0
15,1.0,1.0,0,189.2,19.823149713706083,2.204314343002219,7.429194344198963,21.985759884412847,24.570644420789808,4.977714035274998,9.710301674386988,5.671656447081858,7.712904115590809,2.9399877228057805,9.89746298501691,3.346546667562909,8.170588329400854,2.1157110958573453,14.7884949182884,2.8798548399679427,7.383593123992235,3.470116848989527,2.494475271850947,11.473982658809907,1.0,1.0,1.0,1.0,1.0
40,1.0,1.0,0,189.2,25.06743174961804,2.685222777399148,7.409298961574568,26.26181639450629,27.699667124137886,5.105500144988123,12.317259739623728,6.5310807638396335,8.618042892844567,2.9062320693157946,10.626758648280918,2.9863588640626757,10.796194153920508,2.1733678147185227,14.093585685633812,3.298237294552761,7.147334233436974,3.6612179036637524,2.095870522861387,12.360976344112276,1.0,1.0,1.0,1.0,1.0
24,1.0,1.0,0,189.2,25.0720072940808,2.774017293341241,8.73972476335479,19.838996025355897,28.536714611435958,6.086822771791197,9.90007751186109,6.1346565790360845,7.176449892510797,3.793832512396595,8.544318364612597,2.783500748034579,8.189599741587905,2.225641789466181,16.603510387331745,3.031555057283062,9.746579030412677,3.454928309765563,2.481166400632597,11.06073669352856,1.0,1.0,1.0,1.0,1.0
29,1.0,1.0,0,189.2,25.95540960060609,2.0188399451581662,7.006906145754254,24.048130000136947,25.253993819300018,5.535976878630081,11.962459049359657,5.913642751185501,8.33489817906335,3.8954238043305613,10.301652186903537,2.9619296231123236,8.389417369062725,2.0397366257648804,19.47527234124762,3.6896646324492526,9.438996117990778,3.2262115177392117,2.6576262222280373,10.057012251887066,1.0,1.0,1.0,1.0,1.0
37,1.0,1.0,0,189.2,19.21566045386078,2.4562801172364286,7.38869232194103,21.03125101827051,35.34115850599086,6.921372815502479,9.179650917792136,5.5005952797107955,7.423231403260513,4.1045822909346965,10.472764534475516,3.0197690423719954,8.375900459126733,2.531651349459027,19.355889076737494,2.880627218729353,8.588855928767327,3.535755860470499,2.2939706319740054,11.279791299074764,1.0,1.0,1.0,1.0,1.0
25,1.0,1.0,0,189.2,25.12658939767096,2.6560413700195205,8.093947299913074,20.08320626117578,24.176921193251452,5.880692373801235,13.244496471616412,6.334071235273412,9.469420621199703,4.07700333326873,8.206849420238683,2.9074571085265895,10.099844586017966,2.011612867411668,14.809996706571159,3.0333206119800176,8.184356112941535,4.069801134461567,2.2734520676450525,8.87088908569275,1.0,1.0,1.0,1.0,1.0
15,1.0,1.0,0,189.2,23.460702121824156,2.1177095023200088,6.240353764338278,26.897412599281978,29.949353765787954,6.6252497064192815,9.788291370220794,6.647504401609928,6.631773609300113,3.2489035853148787,8.886549035587375,3.4245095742467644,9.318850982891353,2.366498911366865,19.34101022833905,2.8405218141535222,7.536752546540318,3.4879263525836683,2.5273900981245614,12.184102031357726,1.0,1.0,1.0,1.0,1.0
7,1.0,1.0,0,189.2,21.63068778946065,2.5992514698543534,8.94122590552935,21.06734044501833,33.74750509235478,5.160516680089539,13.075842398302926,6.243591742772001,7.001758020819736,3.09572500742022,9.14142549163423,3.1777844402856803,10.378196044998319,2.637347355591286,14.351220086053097,2.9336399599703165,9.168494992567716,4.054996017326242,2.8450174793955663,8.828236519250265,1.0,1.0,1.0,1.0,1.0
24,1.0,1.0,0,189.2,19.007833618791743,2.027238197236978,7.820721696341873,20.06580548438121,33.44128201469655,6.637167548639195,13.390730613183312,6.755718417704853,8.870738021729064,2.849610861674933,7.792680253039693,3.722153661616347,7.994409155631907,1.8480731578131497,19.718835055564075,2.736104714861461,10.148749541939553,3.7681324597753934,2.734109047604166,12.543612423978393,1.0,1.0,1.0,1.0,1.0
22,1.0,1.0,0,189.2,25.498412856851743,2.085655215489363,8.78275189878644,21.383893360891978,30.82056844126373,6.537456062000744,12.28542400308296,6.782490442017,8.361746760557205,3.076901835992781,9.738397597382018,2.5626704685498716,8.509380990281699,1.9023570458504375,16.44441498002136,3.0811142785781955,8.758225755467135,2.926720320898668,2.4978694922078284,9.345574206180732,1.0,1.0,1.0,1.0,1.0
9,1.0,1.0,0,189.2,24.614269233835746,2.2199114100210733,7.8931332337828914,24.963313754336887,28.95601248805097,4.961230384706209,9.381644328230513,5.896554060508771,6.589001711054823,4.104066698525677,10.215731633768872,2.6248836106102265,10.244046132282184,1.8784586670577668,16.021942573327806,3.6357509100802403,9.106841215835168,3.4771293133067234,1.9474242191175504,9.611184749335942,1.0,1.0,1.0,1.0,1.0
24,1.0,1.0,0,189.2,19.754277303896735,2.4042569663461477,8.938386471075276,20.630488796583347,30.44115235924513,6.352824014347701,9.699448170386793,5.459883557820319,8.26517009919525,3.949310969355044,9.42027968914014,3.078424626665863,9.128987014638644,2.3453750929241752,15.114449165599243,3.781459645842587,9.511124613941416,3.17872441469852,2.0570893944309336,11.866570890714977,1.0,1.0,1.0,1.0,1.0
33,1.0,1.0,0,189.2,23.087258902365253,2.3273920523816183,6.275423418772641,27.32371103344643,27.414523224898772,6.366282297992108,11.282406228515843,5.3371184100435265,8.431454992386806,3.992796639965767,8.712911465243467,3.0706938437547846,10.921319903503855,2.077655855228975,19.030986216573325,3.775389139215632,10.193848105039487,4.099848002544551,2.456673937701392,9.33989227559292,1.0,1.0,1.0,1.0,1.0
27,1.0,1.0,0,189.2,20.461787093465375,2.8286007155707455,8.785903369262444,21.833850234008295,35.71101331428422,5.290355399577239,10.058003308571099,6.088788153838666,9.02943060586805,3.299102900718741,10.151770490480121,2.8302985238972416,9.38267202370999,2.591662197780443,17.91048160124504,3.4522006048581355,8.737087454475061,4.156943625766868,2.509599037951947,9.246524883359651,1.0,1.0,1.0,1.0,1.0
5,1.0,1.0,0,189.2,24.59267312745372,2.506552919893536,6.185146505133392,24.733804522663437,24.69176212815857,5.783305429552831,9.766796035466173,6.809052879576043,8.380825769693082,3.707875983373448,7.601603330823194,2.9224154899248234,7.750212907133177,2.5240812311222522,18.969207926420985,2.9063458053410374,10.250305574490474,3.305287496911831,2.4017794972966136,9.60902008472648,1.0,1.0,1.0,1.0,1.0
22,1.0,1.0,0,189.2,22.671908503637805,2.7828570154093866,7.614443267876704,27.255863955075544,32.75510647740395,5.264856655883555,9.350737545874667,5.012867171112157,8.11089755620636,3.3707582038209623,9.389396883411768,3.687457295398257,10.526448922056087,2.303640942984597,16.91572171075648,3.6279176113815037,8.47258680981594,4.009424622136123,2.804451191552091,10.345892017868076,1.0,1.0,1.0,1.0,1.0
35,1.0,1.0,0,189.2,25.585632952981523,2.341827208857205,8.19902478337857,23.613061953322774,33.58832578346558,5.055603340011077,10.760247106048455,5.944189751438983,8.09798582664859,3.1172360549317037,8.63100367108988,2.816673504432659,11.321666197199592,2.497859263278902,18.263525132106086,3.204770293161099,8.84435939177539,4.059925407607965,2.211710231506333,12.062751425019258,1.0,1.0,1.0,1.0,1.0
6,1.0,1.0,0,189.2,21.139468447438706,2.038886956933281,7.087826089922712,19.878163891550827,29.510854911675814,5.790919782371719,10.280247343637928,6.489308115657854,8.107724598007653,3.2991310767256894,7.701971585283518,3.1485406516904852,10.881616217684526,1.770526496551707,14.414111044108418,3.274062165161491,9.216767311171534,3.5983998852023378,2.0013157910057147,8.999026252899755,1.0,1.0,1.0,1.0,1.0
32,1.0,1.0,0,189.2,22.17437878212472,1.9468137906286835,7.842765459710377,24.68330715541772,25.280005532002043,5.083901115804528,10.754300171669511,6.816989644466578,8.965752351066612,3.8749923650489153,8.337461270485496,3.2128989715606098,11.196793796046178,1.7741695605708838,19.957550653690678,3.790240691456276,7.955931190359571,4.097172857904818,2.513273962663043,9.811315877284054,1.0,1.0,1.0,1.0,1.0
3,1.0,1.0,0,189.2,19.044163283927684,2.730572947272911,6.665473616138069,25.76344054042498,26.636183145370204,5.507890510743884,9.247487681024714,5.725517879776436,8.098479357303669,3.888587140681294,8.415467429613315,3.2166989699216715,11.18310136317404,2.5795009601904457,17.460793998485045,3.7739319666481705,7.748037088330303,3.9279026518459164,2.4708499727865587,11.89346767421213,1.0,1.0,1.0,1.0,1.0
32,1.0,1.0,0,189.2,21.97325507061839,2.7571457512999795,7.05649903346032,19.5966760853702,31.098411332349926,5.107894530735933,9.727933790610747,6.249351055109977,8.853934166533058,3.1948668741629596,7.307308150295941,2.824813230706885,8.236154900586975,2.386774706855698,15.434789258342061,2.6842676339047733,7.5344808052535175,3.4298843669581376,2.2924425887752515,9.524285626308266,1.0,1.0,1.0,1.0,1.0
25,1.0,1.0,0,189.2,19.266324097794215,2.0882986270114454,8.650762171312161,23.982993476036146,27.542751460010336,6.951602319786516,10.035427059401657,5.764898355976118,6.672421535342543,4.103865018285613,10.428883579473965,2.9743593128638266,8.92035232005159,1.822694437059006,20.10204696485665,3.7338482060390734,9.378785647005882,2.928691662043735,2.736379341566208,10.473048987688994,1.0,1.0,1.0,1.0,1.0
12,1.0,1.0,0,189.2,24.89419550163667,2.710589124009758,6.950207169773674,24.607940201597867,27.45301383293488,5.429066243879696,9.51879852725161,6.83773394367543,7.051309763666433,4.1752770518887665,8.79168694359066,3.640456226570374,10.40044481206388,2.1969549171501646,18.676860483967335,2.9874304727172625,9.313845464158927,3.0593571050420634,2.8152195708560286,12.405886220340117,1.0,1.0,1.0,1.0,1.0
29,1.0,1.0,0,189.2,25.959596325009215,2.198063261588385,7.382593483050065,23.20490622761812,28.633400561733854,6.643128912135071,12.10110289103421,7.105714672871058,7.908510050024235,3.0804023541986707,10.638887801041038,2.7301536223065694,10.818206027081885,2.5711715199045244,16.38460742174227,3.532565658047931,9.846597419651701,2.825449006720693,2.539130986074135,11.161343515695613,1.0,1.0,1.0,1.0,1.0
9,1.0,1.0,0,189.2,24.44385825446361,2.26869106546111,6.392477336268122,26.629819569618032,28.388366781794016,6.737766595106607,11.408951030568781,6.8312117855524335,9.137643770850836,3.5319428147032337,10.185446333206674,3.623373451677267,10.804391841621722,2.3392050701512,19.771878357696963,3.7654151088324244,9.617821625637255,3.9975304307145088,2.1053820846840092,11.162445946912866,1.0,1.0,1.0,1.0,1.0
13,1.0,1.0,0,189.2,17.62615277294637,2.250031257203325,7.169473729733377,19.651336394372784,30.977898070966045,6.780015349466131,13.245199174360074,5.305837348665273,9.6144491990481,4.055391828290693,9.309499691160855,3.3915422790782994,9.703549662132373,1.9085958065693491,14.592856117403796,3.5675338254235145,10.000690072975289,3.4799062530269813,2.5938924107638854,11.64020719167079,1.0,1.0,1.0,1.0,1.0
14,1.0,1.0,0,189.2,20.032913378100538,2.6006316582247466,6.756406518307555,26.19106687680609,31.392232187136816,6.044233786417416,9.843090407056891,5.646947921599858,7.127068699411395,4.108237591532399,10.18943098206183,2.581362937344732,10.073282911273694,2.5971472866880494,18.165575408048472,3.5911437100919033,7.428022652929831,3.2493948314637335,2.352684646036818,10.6236375917155,1.0,1.0,1.0,1.0,1.0
25,1.0,1.0,0,189.2,25.376640519971453,2.4439293903344295,6.801621842320667,27.092890395481778,33.170099348163276,6.454265201914717,10.437851669309811,6.7589704284942345,9.211190508192123,3.766261500878091,10.399920683908169,3.433269894301315,8.422859509992472,2.5191939802699252,19.947816964267624,2.775743972620502,8.274490470261041,4.068363458385284,2.024947300311366,9.230119201172021,1.0,1.0,1.0,1.0,1.0
11,1.0,1.0,0,189.2,19.91667205202536,2.6038684041391424,8.87211666695851,25.294527145561112,31.779534890471773,6.098517556012819,12.242138812987694,6.576583615209404,8.160303078775879,4.048739753337684,10.587100722637375,3.423408055382302,7.658782776839401,1.9535494125650745,15.407193308376339,3.404102488161749,7.205319328673266,2.8746499142418167,2.1015903621532006,9.105294579225127,1.0,1.0,1.0,1.0,1.0
35,1.0,1.0,0,189.2,22.232591477086135,2.525356064774915,7.635646326555019,25.599638028710437,28.63145053429505,6.083263263731385,10.076948279959767,5.1937140628819245,9.140125972861297,3.3272599237947453,9.86253354750697,2.85082468098893,8.343408351103413,2.0207760853410064,15.848983823871082,2.8099058453874317,7.7609328540465805,2.8033161939470443,2.1253600261246928,12.463386126485153,1.0,1.0,1.0,1.0,1.0
31,1.0,1.0,0,189.2,20.585608010827222,2.5003398764855715,8.854995624783689,22.91016938118427,31.8399683148922,6.54150861525424,12.943461445391248,5.07524322703933,8.358779127867258,3.8250562352292254,8.149590328652915,2.7685675369471983,11.370699380118095,1.92903065579868,17.490552023082742,2.989821357007474,8.459160427984568,2.91316445849787,2.8504055711631153,11.283284133789929,1.0,1.0,1.0,1.0,1.0
1,1.0,1.0,0,189.2,24.457783616966797,2.695010559411789,8.073411022629424,23.172398044057267,34.12851812463064,5.395000926937417,12.724645323519367,6.310012643176095,8.23782029337277,3.8991247597934566,9.991755990596113,2.625084610205507,9.137874183941992,2.08374166999911,19.19283754867246,2.8195516922700694,7.118856912708633,3.0840175389519486,2.1858350350154474,8.859731367464583,1.0,1.0,1.0,1.0,1.0
4,1.0,1.0,0,189.2,24.777288097205286,2.0382714618020823,7.551949807947421,20.366815334864537,24.575585651921326,5.850997480337578,10.400856491850183,6.97692799486715,9.350869421270877,3.8830890281420354,9.196947140192623,3.067647098273653,7.712120117677223,2.507413989817621,15.60060645417864,3.3519902442604383,7.563956379481498,3.059338006118996,2.1829043715643053,10.914294900281785,1.0,1.0,1.0,1.0,1.0
14,1.0,1.0,0,189.2,25.58483334309241,2.700369562136371,8.140891624896879,24.01181110218277,27.323821925421562,6.432945615503925,9.442668400521093,7.160912870105516,9.403869983548098,3.5149822798828527,10.430459808676975,3.173685417451571,9.1851388793675,2.0002269093717433,18.752155238123635,3.4078848321208044,9.343977531469095,4.018309067564412,2.079757556823455,12.526426104756668,1.0,1.0,1.0,1.0,1.0
20,1.0,1.0,0,189.2,25.394604347960218,2.8157477127969823,6.870592383506168,22.534332143959148,26.979816494010514,4.790478266407611,12.71074358414612,7.392640953801963,8.578427049806338,3.226343522267661,9.56131606217296,2.869741409576925,10.171089129210731,1.7864680014338568,16.73165580742094,3.421336693931855,8.300073366909057,3.2489743391056463,2.5965221462849235,8.969227085100927,1.0,1.0,1.0,1.0,1.0
35,1.0,1.0,0,189.2,20.300780445388153,2.033163856287538,8.259215291290067,20.57472473292951,26.390882606339932,6.8759318895887835,11.363055075069063,5.4644475946683535,7.541727458937856,3.1491133833783183,7.5762090254259125,3.8392567987811677,9.167411724390318,2.05463705757992,14.585056787888863,3.7528774311733937,8.372311380326337,3.5758754724854036,2.3208570092220193,9.850587181647162,1.0,1.0,1.0,1.0,1.0
3,1.0,1.0,0,189.2,21.717668899811617,2.322131489630349,6.1032584696650325,23.000740946367717,31.55037223175999,6.625275600505814,11.296814109766848,6.664224902114069,7.4201137289201125,3.8778301795682903,10.099956390071672,3.1605555067180044,8.078072090670489,1.7637085335357874,20.88094643524767,3.4397965695119783,7.14052558099244,2.9538690427485634,1.922009507096686,10.892525602055752,1.0,1.0,1.0,1.0,1.0
25,1.0,1.0,0,189.2,18.073555079857037,2.7555782600875336,6.944385366566373,21.725085027471625,31.67919779365772,4.836430094713122,12.95796226132439,5.65371080136182,8.264666578662549,3.8264760067922268,7.874967932149591,3.079372094387318,10.147784506841793,2.424166543481487,20.28461872037698,2.6900477727368965,8.20334576095272,3.185162982569522,2.4153689270754617,9.054847092306025,1.0,1.0,1.0,1.0,1.0
6,1.0,1.0,0,189.2,20.566019962717768,2.4326936963279304,9.063399175125358,21.347811922435945,33.430485862702355,5.886454696717432,11.58428647230362,6.4760889094704055,7.753004094984768,2.8695267710167687,8.923416291340695,2.8310067916979462,8.685696174316563,2.4049294314112166,16.658698574520855,3.187587822688352,9.479575447366544,3.2081613899946326,2.2425976994368355,9.269482825781166,1.0,1.0,1.0,1.0,1.0
18,1.0,1.0,0,189.2,20.5891202487783,2.160181472394972,7.139126778134896,18.405247075918197,33.44464169525,5.107797738648237,11.771319997092379,7.354550083707997,8.827156289973242,3.906296578672743,9.132588854765547,3.3460579342381367,8.125219305249828,2.569919415531501,19.169079382781774,2.820058137874419,8.82831487832498,3.5222401608631975,2.300492964993068,9.270842449534387,1.0,1.0,1.0,1.0,1.0
2,1.0,1.0,0,189.2,19.511846493785914,2.408946713230264,8.899713454428305,24.234355541713697,25.34781087379812,4.72056068707486,12.135119841735099,7.0210075383434525,9.263683622152561,3.397932431998503,8.962060360669796,3.624722863722343,9.193829696796232,2.564545604796333,20.320197776963614,3.399012728299991,7.002068231065039,4.032738484020196,2.155836077564138,11.554500841693692,1.0,1.0,1.0,1.0,1.0
16,1.0,1.0,0,189.2,22.533911325917675,2.664639249282162,7.280712466724062,21.477714140096285,24.55400950221882,6.860888407022893,9.92937307485785,5.426647421131435,7.611322633949033,3.5165913761180967,7.772478037835721,2.9769074060060445,10.11819977322189,2.0686370793225173,15.686758633219284,3.646800033417418,8.248240728092913,3.8496389819009775,1.9783433482266204,10.5445286925994,1.0,1.0,1.0,1.0,1.0
28,1.0,1.0,0,189.2,23.368963142662917,2.377175361004114,6.314464154450009,21.061638428560556,28.67665406394927,6.664321668126298,10.629307497510478,6.158046977378888,9.332974268815441,2.8984782174121024,9.667250548611433,3.020280681153552,9.662576747984684,2.14716247238748,14.616163532428985,2.7681373044487496,9.94002809736775,3.146321341164965,2.6894852138908747,11.343757285377352,1.0,1.0,1.0,1.0,1.0
12,1.0,1.0,0,189.2,17.51117029362222,2.0653244719618633,7.228539520604611,24.354889387273847,31.054053655199695,5.292438278103945,9.183971108028341,6.664226771186995,8.754505891935132,3.48468613547242,9.05462817269996,3.699581913234207,8.55845487288941,2.3547443782792947,19.07138744437302,2.717566686632924,9.162163115944905,3.6478547833437807,2.7352531602963492,9.670749498445037,1.0,1.0,1.0,1.0,1.0
1,1.0,1.0,0,189.2,18.119730305172382,2.86957306879933,8.446652419108958,19.93571501136621,31.482136813672902,4.777383592219582,10.498412122707943,5.53209937123177,6.842718981890685,3.797214742351072,9.114080473913457,3.0208941985433633,10.350886003097333,2.0448283282158433,15.868189426558676,2.8122636215138956,9.437394839111512,4.099758046900898,2.227109872257834,12.107246318979422,1.0,1.0,1.0,1.0,1.0
31,1.0,1.0,0,189.2,25.758965739141598,2.561414044725909,8.436294314848563,19.750472897749226,34.25063584844215,6.445799975759731,11.407143107711624,5.883951415019449,6.957747163435804,3.852685852675909,9.382063820427957,2.9275781367306934,11.35794552537854,1.8778587468065309,18.532649047826702,2.76612506004286,7.726243229253101,3.5336090462468728,2.086920552165005,8.793742209397767,1.0,1.0,1.0,1.0,1.0
33,1.0,1.0,0,189.2,23.445529125248108,2.3198046380671067,6.90467841214712,18.800127448847913,35.71077653778966,5.6971611888914575,10.130350685718657,6.603557431995294,7.493404380888821,3.5069246857467555,8.602915358405134,3.4220304467407576,9.327078162859888,2.5222834545066473,14.065281686600292,3.351434203842331,8.881262199286098,3.8114673377149466,2.1012973654372105,11.652273920949662,1.0,1.0,1.0,1.0,1.0
7,1.0,1.0,0,189.2,23.42706841801287,2.652589043161454,7.961792939660573,21.629144989991147,28.722635043734567,6.168719932480319,12.63459855598493,5.458969360896078,9.261087902838588,3.0903328436784947,10.213014971637984,2.7916860159433403,10.321062711641014,2.02708941566739,15.037320827308124,3.479887961885926,7.391302352965607,2.9695069671345795,2.1843031674735323,8.732575142219638,1.0,1.0,1.0,1.0,1.0
17,1.0,1.0,0,189.2,25.69989438772122,2.3392302865829664,6.333912726705456,23.668384620233958,27.92720788732599,6.154507537876721,10.729960959182113,5.233962480549442,7.8069069810615925,3.6151912435135376,7.877140398446979,3.7141281157911488,11.051140454939894,2.4510909435040453,18.114387125049902,2.964354943259574,10.081530621138866,3.889228615358002,2.4963739649186767,10.422726283878935,1.0,1.0,1.0,1.0,1.0
40,1.0,1.0,0,189.2,20.613554823194942,2.028124132865993,6.663311762874784,21.615564116001742,26.716901673891527,5.093488378987547,11.221102763590215,7.141214515463828,8.13601546876719,4.145821079376048,10.522793199884049,3.5918105033451355,7.93821464634827,2.3354855673292643,15.85266062664834,3.3648301449260916,8.269321286321725,4.144027445894251,2.0163774717272513,8.504953532389084,1.0,1.0,1.0,1.0,1.0
20,1.0,1.0,0,189.2,19.2589835404324,2.110864986813488,7.932661709415585,24.201743516561095,35.37577659680353,6.145098221105218,9.522782979602262,6.7729207758318735,7.861263602969517,3.5872162763433226,9.859759299808132,3.457891080410994,9.890323341284605,2.0649174727669726,16.3214292556942,2.625509688701349,8.84527886224306,3.694529677108666,1.993363092325716,12.353695455597835,1.0,1.0,1.0,1.0,1.0
27,1.0,1.0,0,189.2,23.98634451665287,2.622039913539447,8.321101547981225,24.279114463359015,31.758170576870395,5.075815204161748,11.329312319442662,6.412863891914136,8.722668822781113,3.0155355920352083,9.900271453441517,3.182117420723131,8.004800012622654,2.235937236579483,18.029200052899746,3.1112770259971594,7.157250111563631,2.8156740490027965,2.275359668491824,9.091921018441607,1.0,1.0,1.0,1.0,1.0
7,1.0,1.0,0,189.2,21.207059537438578,2.0704184186769408,6.204457512849883,22.386766273461628,35.52372980996432,5.038943786692279,10.8640267553231,7.074128597275748,8.090988888919926,4.0563510186821095,7.961763492290681,3.3577988889176265,8.314482776148104,2.570741124828238,18.36078775090237,3.2101977387867864,7.097097829232769,3.641281578342235,1.9855430095889228,10.119590839998088,1.0,1.0,1.0,1.0,1.0
4,1.0,1.0,0,189.2,18.77211417284587,2.7478045324260694,6.166982049966983,24.564738572612306,34.46756815452455,5.06535788929957,12.358152246618134,5.554960547210149,6.9242414348543155,2.9376700536623352,7.852817737323131,3.5098987921349263,9.139862369394102,1.8581203412763752,18.28082665820482,3.329814685248951,8.637876295575936,3.7988828706722857,2.673326173198135,11.940333689211164,1.0,1.0,1.0,1.0,1.0
19,1.0,1.0,0,189.2,25.017107595241995,2.62079738460683,6.714654546088532,25.893407411002624,34.78250237150815,6.0964744114957234,10.647819248322623,6.182184765413762,6.963320531875043,2.912298645467181,10.162970759657169,2.8572178308690055,10.175531888574543,2.075137992935447,14.192964395154537,3.38606521088456,8.485278617811595,4.022316403538256,2.7177617889299803,11.82212132237428,1.0,1.0,1.0,1.0,1.0
24,1.0,1.0,0,189.2,25.1274562750168,2.294377795843568,8.841081493004307,21.278851502028495,30.422312799595826,4.702841494542492,9.886366783646766,7.274147310429507,7.266200014465575,3.8268836707128364,9.0388335367858,2.6712370725886805,10.650030901727913,2.516351339069095,17.926632275260918,3.8071764036282705,9.300661671481079,3.307642313905396,2.7158795111057645,9.768258891584773,1.0,1.0,1.0,1.0,1.0
11,1.0,1.0,0,189.2,25.18866760227413,2.175600110755013,7.037947631387465,18.796572658131094,29.96440365860545,5.261048159019748,13.08361289500355,5.019847304185619,8.104183820619928,3.6381436531657165,9.83184704422856,2.8861615828864573,8.948454889939068,1.8576101794308915,14.640496742270374,3.7357085769011884,9.20797701946127,3.851624171414678,2.7009542639146837,9.992065155967932,1.0,1.0,1.0,1.0,1.0
5,1.0,1.0,0,189.2,19.963561428435565,2.4509238221766423,6.523954760037729,20.00658765069025,34.82371301377857,6.8043983214851025,12.322600955545806,5.297836136562866,6.671029940451559,3.2958397471590826,8.207157152230463,2.9163779100477734,9.12776898598517,1.938660203574377,15.622479407287708,3.6948973572727626,8.75487226523492,3.0454788436451214,2.0808767619955204,11.496053936742381,1.0,1.0,1.0,1.0,1.0
39,1.0,1.0,0,189.2,19.744439501194083,2.323082811508924,8.459831368883371,18.895943381339436,28.768529977683347,5.793012880371805,10.452552661285878,6.5036391209112105,6.886752648928914,3.852165933274646,8.27020710643407,2.633766672844862,10.31850568427055,2.3303087960555993,19.824874578599218,3.2491720164315723,8.252894967639282,3.32987914617155,2.8585716521936213,9.833103150380563,1.0,1.0,1.0,1.0,1.0
39,1.0,1.0,0,189.2,24.73700983338134,2.532988819546642,7.270488024288949,21.328872681697614,29.994549483286377,6.431086199557376,10.690320882605798,7.304227296390994,8.577312976602446,4.062000164119254,7.588064217731745,3.7570544780989397,10.708142873315552,2.3042712753003673,18.87870371192832,2.59564152524948,9.136456885975862,2.9858164730057153,2.680505319032808,9.110968160192114,1.0,1.0,1.0,1.0,1.0
6,1.0,1.0,0,189.2,19.785979469964303,2.1631238567548365,6.442671600027666,21.098687903982015,33.19814415715423,6.444103163090609,10.024136905233894,7.030788496798728,8.194238060788944,3.4272845856051637,7.9018485226807345,2.8927927398359987,9.360499659469326,2.3168857598645465,20.290123521170663,3.1853979896728135,9.66789701250831,3.2168260869559715,2.8207813133250506,11.004342362110462,1.0,1.0,1.0,1.0,1.0
22,1.0,1.0,0,189.2,20.384993247080775,2.1959517274313245,8.384225229892497,25.619674100003827,31.617310087513204,5.571105951631829,11.716876832146198,7.313763822059147,6.736402731185826,2.9837137016018467,9.592173717017957,3.195047528840637,8.22508145467391,1.8887396328733728,19.37538056717077,3.1734404960284723,8.606513950819584,2.9822055931291236,2.164293915316645,12.449932165972632,1.0,1.0,1.0,1.0,1.0
5,1.0,1.0,0,189.2,21.960231521726097,2.055871042912938,8.260461352611392,22.89858178650967,28.052689487274055,5.235090802543903,9.091509206357783,5.267449027202117,7.843220212420605,4.108047284286888,8.226111397611998,2.698771377692154,8.708917951877709,2.233308103708177,15.562914325205403,3.103712293166522,10.128616006750233,2.920646604111364,2.296766524983786,10.99135579432528,1.0,1.0,1.0,1.0,1.0
33,1.0,1.0,0,189.2,19.10555686676937,2.4938500673064046,8.94566098545716,23.24494676086224,25.815530289405054,5.205358485924823,10.93644905436846,5.579593933776278,7.7725983544222785,3.4890836652185664,8.396828155493093,3.147701499690892,10.642704903428571,2.329852255190641,15.911553152969644,2.865607316050018,7.799296999291533,3.819752352131285,2.10212272498672,12.459730922126962,1.0,1.0,1.0,1.0,1.0
23,1.0,1.0,0,189.2,22.497562973417075,2.6887469038078375,6.89154509180719,27.24540719006041,27.472859619040904,6.511052917446318,9.781292018072861,5.924800113837533,9.729488731450447,4.18836580051906,8.175536187046431,3.1744232193324624,10.877760638355058,2.4842076959677883,20.485493750359748,2.71254759331952,9.597917600455453,3.5901789772574886,2.1810087973327166,9.155194216477568,1.0,1.0,1.0,1.0,1.0
16,1.0,1.0,0,189.2,19.117173733741772,1.9821940015404753,7.6981005345024505,24.906417115701597,35.267955192571826,6.450506867552873,13.05617998865707,5.679563737967577,6.561033872376613,3.3065915065345144,8.437534118302365,3.270809925301905,8.662153854661696,2.320212747770797,18.26483024449827,3.479375629545257,8.509218417961693,3.2187424000056297,2.240066165757041,10.652236918333324,1.0,1.0,1.0,1.0,1.0
5,1.0,1.0,0,189.2,19.665998322711275,2.5625410153929256,6.978775122843769,18.498466601607106,26.753202892292183,5.105207425156883,9.222927381772656,5.71996616963484,7.417146346468119,2.990755761309281,7.931249698467722,3.555464924301677,8.40490132935526,2.1269035845516178,16.30099479657258,3.6604619574326698,7.073023063458215,2.811619818344725,2.2973778305101002,9.770452787831209,1.0,1.0,1.0,1.0,1.0
3,1.0,1.0,0,189.2,22.859588871921687,2.423906976616707,6.5508974766123345,21.111557434612383,29.948458653266233,5.406676537979576,9.510706227872308,7.419486649447219,8.23968468993437,3.898473595886486,8.881426368663853,2.8297294366466232,9.12291875769049,1.8185558909103792,17.664389287407385,3.7373563224788087,9.42354181973461,3.265098494447378,2.0722501793782406,11.544288133171095,1.0,1.0,1.0,1.0,1.0
19,1.0,1.0,0,189.2,20.02462743369176,2.0041905833053324,8.41212493339294,20.908480848682796,30.226171192392705,4.930570400994463,11.76885352314653,7.400199512524468,9.587731889369632,4.049871760241002,8.583417088720678,3.1473788562566085,8.921156927669665,2.371734098805732,20.763221611053147,3.172787483931391,7.245749355503482,3.92708416676103,2.4289208438734717,12.318053337659261,1.0,1.0,1.0,1.0,1.0
17,1.0,1.0,0,189.2,23.94126583562532,2.3472396057888627,6.137930340619563,23.217049365044527,32.106523936907266,6.922717826345763,9.815897889503075,5.506031492588088,6.717477183690473,3.802211396075176,7.608004347144661,3.4131946279307055,8.599477689916473,1.7635107764243945,15.70882406928721,2.6155019976608522,7.138462848857782,2.9568167279550908,2.1714649978162135,10.815004686506818,1.0,1.0,1.0,1.0,1.0
14,1.0,1.0,0,189.2,23.24467748502808,2.421769845778173,8.815691363224575,18.718868830211807,34.014197075299144,6.125816212940158,13.239922053156784,7.178918233347451,7.354556961838171,3.6577514660666672,9.081781664097848,3.5058887246895383,9.325964949636893,1.8076817066585325,15.506875182666597,3.076211988180342,10.098222455258197,2.9486576582725164,2.7400037947831657,8.68539836681416,1.0,1.0,1.0,1.0,1.0
29,1.0,1.0,0,189.2,23.14259913033109,2.8231186434831073,8.31208585350046,21.72897801811072,28.60014851424325,5.855041482407691,10.042309119985575,7.221054997410505,8.750465139279815,3.2151920679484873,7.3119886019783795,3.0337039028036217,8.446630772514037,2.5625081743729448,18.523015833464925,3.395756659056591,8.822172177744672,2.848924478630656,2.0995563210107466,10.671269029275368,1.0,1.0,1.0,1.0,1.0
29,1.0,1.0,0,189.2,20.27016783932839,2.3263435298280624,8.84183213995257,25.257007942741954,31.177191515729152,6.447258657577877,11.328797907749264,5.924095360946677,9.570587278413269,3.5647682493536865,9.232151971728815,2.9999448081388387,9.202025907144735,1.783960368533796,14.696144215053168,3.359952302898108,7.938616330257639,4.0797705909315,2.356540777335096,10.862523411553584,1.0,1.0,1.0,1.0,1.0
13,1.0,1.0,0,189.2,18.794787361254738,2.50230068558039,8.717705750149312,26.210155060160822,31.88904084846415,5.561891384653282,12.518517608197882,6.145832475372634,7.542849528115456,3.7102447122693922,10.192447968693573,2.732986882279757,10.675611004798737,2.6178364122428697,19.90170850027979,3.7356210720141116,9.634290286239485,3.080402297732582,1.930190807445966,9.263078463498575,1.0,1.0,1.0,1.0,1.0
14,1.0,1.0,0,189.2,25.01829084239201,2.5561890285779962,7.391093487774627,20.196214491680664,31.962700026480665,6.293672177052956,9.188376599548324,5.7393320692867436,9.437131163607217,3.0995462049206033,7.397187323608292,3.1599972530814413,10.120372983031451,1.794832148548745,17.890571198947043,3.453139146620909,9.872821509001467,4.177384940633309,2.644620002323481,10.475504651462343,1.0,1.0,1.0,1.0,1.0
34,1.0,1.0,0,189.2,21.9984419278461,1.9929887704917746,8.976592377493365,18.40558056441941,31.00780171614207,4.756476185782984,9.315835968670415,4.989179523140991,8.065548289872947,4.1746940214994295,8.764830927256503,2.8295655623997047,10.413616565574108,2.2638188874730694,16.355860332162553,3.6542083555969493,9.429735325658475,3.3562838084987665,2.8055497405126335,12.499749194287217,1.0,1.0,1.0,1.0,1.0
5,1.0,1.0,0,189.2,23.202214985813367,2.5998210152998715,8.97040186068786,25.00130689477113,35.34246874894701,4.827430358538352,9.01790793922937,6.608777554254448,9.391496266598912,3.1169726240863063,9.73889680348662,3.248043714664817,10.194061241286509,2.154889794593576,20.079067238916167,3.2844863932148556,9.596756090209174,4.0034932732073845,2.612417617109369,12.346272977975637,1.0,1.0,1.0,1.0,1.0
5,1.0,1.0,0,189.2,24.017090480550536,2.307511045856599,6.151802310830428,20.050542792742174,26.357375528207204,6.258879050245415,13.203909724534112,5.3671743852419525,8.879411342703412,3.3646409809801394,9.610723879387866,2.7543222099864426,10.017015611831615,2.0208903701585297,16.46435119045747,3.775119897336838,10.179990834248647,3.5605771679603486,1.995747961327092,8.812817018950021,1.0,1.0,1.0,1.0,1.0
1,1.0,1.0,0,189.2,20.83766707730093,2.4300696383738742,8.824269580532551,23.971390941135038,24.34388057892249,4.819477049278679,9.096018513972773,7.125245170704039,8.480272214441408,3.810075779497279,8.017021060849181,3.0032571081671406,7.966154986106844,2.2808825478183743,16.466660303995702,3.063391280857104,8.330916434471655,3.0883931002009755,2.3881047271802323,11.641395537577438,1.0,1.0,1.0,1.0,1.0
17,1.0,1.0,0,189.2,21.888021469721213,2.7368049551731093,8.269999204434702,21.265905774739753,26.70090084901499,5.063673714270123,10.573011283091853,6.6025342336146675,8.133666321263485,2.88371853684195,7.730115620322379,2.691165456724544,10.549770708092884,1.9911656627374132,19.168020640777375,2.782307310933742,7.337772444160423,3.850880332411885,2.6104246503963244,11.138096235914418,1.0,1.0,1.0,1.0,1.0
23,1.0,1.0,0,189.2,25.53321938118848,2.8005754733332435,7.399654755732264,23.779967486902905,29.994895361284275,5.642481828348693,12.128093764616773,5.965921286857935,9.55713541784796,4.027930759850245,7.593119560098747,3.6345284310590373,9.85961721350998,2.010892578187194,20.546320059163325,3.5393916065974667,9.307613157942642,2.9581855373358006,2.276968712934624,12.627409946975387,1.0,1.0,1.0,1.0,1.0
31,1.0,1.0,0,189.2,25.10156126570533,2.5971255671236517,6.381080023280335,21.628370749688603,28.834199754002373,6.4569825132124254,9.686876300820607,5.026289719714478,9.347065764870097,3.4751223040315296,10.272589576626277,3.6184532853345033,8.806668375062646,1.889030610074925,18.605815832840545,2.729639938287729,9.795895407598014,2.9361364284408147,2.8650649212813257,11.568600342613081,1.0,1.0,1.0,1.0,1.0
17,1.0,1.0,0,189.2,18.40896893092147,2.8030798949988696,7.66633818416163,24.893463260608563,35.27063437852036,4.968568346521422,9.93551173072673,5.6350079770780965,7.857316676560693,4.196803553648157,8.403563626144061,3.492802971428956,8.455887431522376,2.016167128498383,18.183468426665094,2.638663361722306,7.47723498298892,3.363149336881862,2.6676397333330666,11.64167735094399,1.0,1.0,1.0,1.0,1.0
24,1.0,1.0,0,189.2,23.88334095081904,2.7192249525161465,8.452635462496895,21.037635469172905,30.95135774046406,4.778403669479802,9.170611177537603,5.789183066008495,6.659730117726795,3.3452357132399477,7.290877040533904,3.3605571336981903,7.664458740319148,2.0704517273530594,16.455171829310792,3.225123646621618,10.074422647902313,3.9284367165291965,2.310632046405968,11.478509209175968,1.0,1.0,1.0,1.0,1.0
20,1.0,1.0,0,189.2,21.927040028409127,2.6512553023230594,8.836177968123215,21.023825682403306,33.26940927936866,6.025085722054395,9.059818074148856,6.346651726272867,7.116914346130732,3.810749850128433,7.4266987274068725,3.8153869105367293,9.298895332914666,2.4635558679150305,15.120787054296423,3.4802195512222767,7.805262621227854,3.0281939660530557,2.6666280575886754,10.018417177195065,1.0,1.0,1.0,1.0,1.0
16,1.0,1.0,0,189.2,24.970319589245662,2.5469615200010876,8.992296842807486,26.1044721542302,33.849195506312185,6.376422951394627,9.71377694489245,4.97167784378544,9.37809353274943,2.979686866486606,9.852040966233787,2.7318671984424143,9.943506596148568,2.177318910372127,17.728763126411057,3.6131015103961412,9.822777254312157,3.6705636612300414,2.2125604636078786,9.775519380085619,1.0,1.0,1.0,1.0,1.0
9,1.0,1.0,0,189.2,23.992497928449357,2.8535613613960207,7.462273743634525,26.338472930298522,35.47608075061335,4.692601270410892,13.370947630726654,6.186642293922848,7.956386354345638,4.0451651596831315,10.248242101541274,2.642913620673069,11.238330997582953,2.095988138507957,16.97217019659146,2.8209870718356598,7.968930728788531,2.8143290545173985,2.101310971667322,12.419204515601724,1.0,1.0,1.0,1.0,1.0
33,1.0,1.0,0,189.2,24.01010822616709,1.977766602513591,8.896719092414083,27.096287090721503,33.38320614865775,6.252717543970232,10.36631031118211,6.249290097880512,8.696553550905032,4.129214952426482,8.704234615372105,3.4172288930092423,10.299572756688967,2.088452805984906,20.58237440233984,2.6097897022987264,7.596520706981684,3.3022662443677633,2.298745953205415,11.885840145138559,1.0,1.0,1.0,1.0,1.0
12,1.0,1.0,0,189.2,24.167789808368727,2.7455348457374678,6.522616003204238,25.496448492340722,29.04391100443045,6.273201498728561,9.60011970503778,7.020285423887893,8.622019537587676,3.6224810677128496,7.979002495075194,2.6812836625404213,8.357037380237541,2.0183873014945144,20.963264526990578,3.766765531119144,7.893825948505083,3.6137691515000405,2.3573006387330153,10.696746214622632,1.0,1.0,1.0,1.0,1.0
29,1.0,1.0,0,189.2,24.452855903608555,1.9472298535581687,6.96045356211012,20.998956215001243,30.29533180413786,6.887632000227205,12.909845357068095,6.682876420196585,8.849732497782545,3.658923827794078,8.148296599068841,3.7813982377913384,8.372905596202779,1.8725776877532792,16.80769050885378,2.8958463521200164,8.747567394301154,3.1535250441820915,2.1556471954957366,9.366095935951066,1.0,1.0,1.0,1.0,1.0
38,1.0,1.0,0,189.2,25.941703802938815,2.5182556134621206,7.703872423991345,27.096492461075496,33.80925424678752,6.72339038077954,10.212076362391633,6.029896527998141,8.28037901887294,4.019929655916476,8.055057375443587,2.89320864742772,8.268286350986608,2.2789878407986026,18.03532108586826,2.85954855058523,10.26818036963788,3.184335422014713,2.1357463449753626,10.481998701702054,1.0,1.0,1.0,1.0,1.0
21,1.0,1.0,0,189.2,22.855041707631283,2.4769658298423853,8.67705770888242,19.788943588078837,27.717536587860454,6.688624556242189,9.734934791333536,6.001024323490349,9.335713966374763,3.1528378354480617,7.800537332312242,3.756522751934876,11.158912994465965,2.4234419847775053,15.157634983811326,3.714124676919875,8.559679930684391,3.3931810627413603,2.4560050584906308,11.654750884075286,1.0,1.0,1.0,1.0,1.0
28,1.0,1.0,0,189.2,19.177296115861203,2.5784437170727266,6.298972936666933,27.167220689907953,32.92284956540277,5.30398965450072,9.896126074781115,7.0876070514510925,7.450110025682883,3.393049494646622,7.563147339208369,3.703431295695367,10.049272185785167,1.9682006167169477,18.558755976650588,3.2962754166821178,10.279147499755773,4.086839366222135,2.20899120620037,8.61710624338107,1.0,1.0,1.0,1.0,1.0
16,1.0,1.0,0,189.2,20.978833016023092,2.582273820600294,8.486009763956037,21.523643527560147,24.07983758376735,6.473382049771025,9.097976460374925,6.0348316875272765,9.059847180411136,3.129215099563367,7.341420293116219,2.959824066899257,9.388520017679593,2.1715194393205537,14.55071362097123,3.5152989762610005,8.945475725484844,3.4739282040972883,2.081705484206716,10.383565823838302,1.0,1.0,1.0,1.0,1.0
14,1.0,1.0,0,189.2,24.93045091120847,2.641412988155561,8.939134482478346,25.565059822661674,34.73297802911604,4.833883468415701,9.545518885797268,6.442691926134231,7.899889667620835,3.730468744705304,10.652212794307593,3.39381688604391,9.027224143985306,2.1582841994003563,18.103235954539397,2.9028735029841903,7.4291344926070675,3.8540026778736047,2.7768580388631254,10.845745581198553,1.0,1.0,1.0,1.0,1.0
27,1.0,1.0,0,189.2,17.62035182931771,1.926708886867769,8.976799417573968,26.051540111102995,29.863515204861343,5.7951413035508725,9.24351316914674,5.158342019414949,8.111979891175165,4.025323187947885,9.810825210976006,2.8602386488644354,11.28180914305845,2.5027402062377146,16.870954847257394,2.630305050253611,7.676917760635387,3.2497382303819036,1.9886503349796878,8.610674820709754,1.0,1.0,1.0,1.0,1.0
21,1.0,1.0,0,189.2,20.234506823725223,2.0108488326102227,6.413817231276125,18.29045962149229,27.247818637381325,6.313590602418234,11.596035243997077,7.3645778354983,6.636346202181304,3.8093014542922554,10.043195114362716,3.668193449856437,8.425842087487263,1.9921016214548026,19.43209160215359,2.6430488857836254,8.695463893057191,3.643385202677014,2.5400619113169935,9.527430559578917,1.0,1.0,1.0,1.0,1.0
33,1.0,1.0,0,189.2,20.825400629324754,2.494145668203129,8.730002915874522,20.09077016683639,33.255557308078195,5.8703859803045315,12.80577486159892,7.174332248807867,6.813132451238613,3.377110127617364,10.572205584727019,2.757074553912081,9.621399827797209,2.2491341179276367,16.688184970504857,3.1092808005223027,9.086421273455628,3.79833180689797,2.676897264040151,11.392310916374328,1.0,1.0,1.0,1.0,1.0
5,1.0,1.0,0,189.2,24.302432864546887,2.6034285284801935,7.0232609377685895,19.127946626654214,24.223458092003554,6.580181558450957,11.860077659700465,7.3382750731087105,8.528027142275306,3.001518435808639,10.305406916258727,3.623092466821264,9.770350334351027,2.101626705976238,16.17589769251682,2.5943413567379277,9.943909036677404,4.057923019174857,1.9608763591555505,12.45646396514731,1.0,1.0,1.0,1.0,1.0
18,1.0,1.0,0,189.2,25.661770475053064,2.265005976239652,6.667426576660647,22.977001973765503,31.563712484538076,6.348476455610259,10.98635796826612,4.961956295105382,7.5197384670814555,3.7884570588329582,7.766940066942137,3.17688034827139,8.095714674659005,2.1934536937845337,15.791404156784798,2.8950684991461713,7.682335290098776,3.1998161394036004,2.5187469477344493,11.743948638926437,1.0,1.0,1.0,1.0,1.0
27,1.0,1.0,0,189.2,25.424004071721196,2.51736359606246,7.76310154096462,20.024682356475505,24.798852843770568,6.74125085373453,10.429355008686812,5.965200701215603,9.45792872847419,3.258136550707393,10.74005901461269,3.6176060464775284,11.14710606676311,1.961047806024687,18.979292097705834,3.190977185683616,9.904473420843852,3.9422018101591396,2.724824067500407,10.993930445662116,1.0,1.0,1.0,1.0,1.0
9,1.0,1.0,0,189.2,22.022977643645063,2.1426202723804164,7.810671875003054,25.799222716272766,26.179210659708307,5.588157736875988,10.500657009998074,7.011524230465506,8.57412490983597,3.794085857846837,7.648061215044689,3.5691979261741014,8.447830650364711,2.464599163814262,20.757276692075546,2.6817260446959033,7.965313927053725,2.9357720126683042,2.185027520022602,12.553016110771681,1.0,1.0,1.0,1.0,1.0
24,1.0,1.0,0,189.2,19.868605801407178,2.0568206630388945,7.946576202380215,24.026384668838393,27.215574455294067,5.29704477934331,11.627248290735078,4.991580545900448,6.6493927564050335,2.8729517013244252,8.22727325507391,3.4991799172879983,9.584096674535594,2.1924270884233668,17.05132684988577,3.1399610152309005,8.403461019726857,3.983654388658874,2.5856072704534205,8.920098639999972,1.0,1.0,1.0,1.0,1.0
18,1.0,1.0,0,189.2,21.16513660479362,2.5876534491893413,8.197798341459675,21.32514901552063,31.056023659306376,6.82279247512054,9.674830828368037,5.0818191315748145,6.88797479609088,3.5939434461986335,8.206132810346542,3.3034044338566404,8.72835870440528,2.185526741022329,19.60114514284443,3.2422157883002165,7.453424709003736,3.028835492215502,2.07301754344248,10.248451023744547,1.0,1.0,1.0,1.0,1.0
22,1.0,1.0,0,189.2,21.880641425088,2.516714600423768,7.495584066365852,20.827251116938584,26.34332861571226,5.075637866518969,10.47727919678342,7.1307742942357235,9.694061823328976,4.088165240223484,9.508327556227856,3.6698974765998837,9.857538125463059,2.211764476829296,17.45479291278185,3.8209973424788277,9.500294618235529,4.180300354637993,2.3010788783360936,8.789428835325145,1.0,1.0,1.0,1.0,1.0
26,1.0,1.0,0,189.2,19.262450806175192,2.7829934885936205,6.806990515311624,26.842165642815807,30.82993033609357,4.860715598532024,9.790858066410097,6.8219449761211655,7.80947122432108,4.196902462625218,8.069666695427706,3.6963376115613755,8.665947650617575,2.194016108088947,19.718742610334,3.5870763872240325,7.628966707752412,3.9248006120040575,2.741941407639008,11.92064082128246,1.0,1.0,1.0,1.0,1.0
19,1.0,1.0,0,189.2,23.808736431898748,2.715616392706846,7.968051782304214,19.89096134979148,28.860934716912798,5.421109517254052,13.18480922583593,6.208902583940069,8.600881280135981,3.779449777628809,8.351663227549915,2.794913522870085,7.859772190604371,2.1781846766452233,14.702154084518899,2.9166402422585125,7.9363689027914806,3.7919646098737445,2.8223723650431416,9.069772928550654,1.0,1.0,1.0,1.0,1.0
17,1.0,1.0,0,189.2,19.013506021717077,1.9548547770969948,8.929186514370883,18.932532021244473,25.398740088448225,6.767962470821537,12.016537509396107,5.877364255587429,8.674298019915442,3.882278679798191,10.011369579363635,3.2604124735296076,7.9514393458605666,2.3691172070328412,20.05861439325084,2.89598389945878,9.282210008088867,3.707499355883729,2.136855679722817,8.658668184535784,1.0,1.0,1.0,1.0,1.0
32,1.0,1.0,0,189.2,19.268089151178486,2.367420427610136,8.055145713979286,18.94212682453598,25.00942303448468,6.0542238546759215,10.74666393253909,6.810351543462314,9.72826174209302,3.3026754552419084,7.816761610878396,3.0365308975520673,10.808860725316668,2.1452674916486596,15.685608877282565,3.146279348132534,9.664780035889008,4.005240308908935,2.5865307523334145,10.215272125157172,1.0,1.0,1.0,1.0,1.0
19,1.0,1.0,0,189.2,18.142188841828442,2.8717889070502385,8.748711754456446,22.971601801409598,25.033051330265998,5.201556213555864,11.61286776990307,7.3644337001171225,7.369957710070584,3.4428719629923976,9.415119814100034,3.3148181526607274,9.490452407894558,1.764251327191843,17.034960096890572,2.6628308125293487,9.086789790918175,3.327885275081181,2.4546395743844824,10.699036989145766,1.0,1.0,1.0,1.0,1.0
6,1.0,1.0,0,189.2,20.610822735165414,2.0524006130444197,6.11610137109709,24.907746630224214,32.45550542747408,6.0010573545656065,13.307287119243208,6.689574077395928,8.449519063629321,3.062236721557219,10.024000820517589,3.830184396562766,10.039478289534042,1.940632668849671,17.287779548644615,3.7911644993324405,10.014960666159782,4.1607763555228505,2.0636392656366667,10.29252253397959,1.0,1.0,1.0,1.0,1.0
13,1.0,1.0,0,189.2,25.42596931782601,2.797972273329887,8.674496432419856,18.94185257992945,24.373740052474634,4.688056574036037,12.18778331712945,7.0150426880567975,8.237172497398733,2.8548045065432817,10.567541438553075,2.72675793535789,9.414100732019737,2.0684652736606917,15.864149999636842,3.62510680331187,7.491902451903659,3.311096550614832,2.0807650267369824,10.84430958892984,1.0,1.0,1.0,1.0,1.0
28,1.0,1.0,0,189.2,25.505585526962573,2.7952142895328755,7.459466073547014,22.574006909611814,28.339476883816413,6.442317425097291,9.510851581259141,6.1863333548092045,8.98252233677837,2.8242554421520305,7.830842373933551,3.4571313449413,9.13393997194872,2.4296607656237827,20.295655439020678,3.2587566121255054,7.771849688762234,4.169433550180728,1.937177099420087,10.327872871200563,1.0,1.0,1.0,1.0,1.0
24,1.0,1.0,0,189.2,20.59212573686007,2.027327024363981,8.997003788034975,25.47549707140576,31.30252099548336,6.7900548074683815,11.095758516057433,6.938554826615009,8.138039732155546,3.17443983430037,10.226815335418648,3.3472762493975234,8.688966007401598,1.9860955439139325,19.08953536557023,2.9120074585013582,7.014727694141342,3.8165067553159617,2.3097340758354967,12.555381316437913,1.0,1.0,1.0,1.0,1.0
27,1.0,1.0,0,189.2,17.695451840284786,2.06785469449573,7.30304349719628,26.933871462154343,26.409676533797416,5.05283218946684,9.059697536106714,5.458149801637067,8.491637071163138,3.7083210457072617,10.216719170683199,3.260352436619122,9.838557516263075,2.5918487471893554,17.247205782666505,3.82814181481019,9.309267124144169,3.1931935109249956,2.4862250172983305,9.982498176865722,1.0,1.0,1.0,1.0,1.0
2,1.0,1.0,0,189.2,18.391921990104173,2.7626044189120242,8.04471332618138,19.313873964993434,32.54294648928311,5.229709445572266,12.98429913301839,6.723287826615752,7.705827989811276,4.022703350825023,8.857245096108858,3.789705560479891,9.462078278755008,1.84396819930141,20.466198307921065,3.6421921211598463,7.628956224538362,3.0063090794349634,2.375809988640602,12.197000641410048,1.0,1.0,1.0,1.0,1.0
24,1.0,1.0,0,189.2,19.054513436522893,2.141573533833641,6.996816368874305,23.03176019255897,29.68190844200611,5.052106919595171,9.621972254635347,5.692078707874997,8.803433039258866,2.953892729954589,8.271580868491249,2.8625373802428906,8.111215947505505,1.982735731523508,15.706886825764432,3.3439598208660097,8.725421684660425,3.7009930136275013,2.7616024783238777,12.076465315016952,1.0,1.0,1.0,1.0,1.0
8,1.0,1.0,0,189.2,22.438503663929186,2.602281633546707,6.516983644796793,25.81498153231273,29.614742784493444,4.909899261505678,8.980122644856829,5.93876621143871,8.735967613035271,3.160917578744968,7.497517493880419,3.6073345755884976,8.372133327179624,1.8747321297647483,17.535526905910753,3.4241764647051434,7.534178815378797,3.805982515920909,2.144392950169367,11.877784969472103,1.0,1.0,1.0,1.0,1.0
36,1.0,1.0,0,189.2,20.564540474760047,2.781138724623066,7.849806368832183,26.093831025684445,35.233912363459304,4.813157751208483,9.271824267194402,5.875969816990808,7.789437090512241,2.9482155023821743,8.954115645907711,3.3839865816361154,9.532735454379424,2.017296846887325,19.52605029364472,3.5448269019598713,7.727642870780396,3.5522266420603317,2.7073182513821212,9.130884359950688,1.0,1.0,1.0,1.0,1.0
12,1.0,1.0,0,189.2,18.922264435971453,2.479648080386336,8.773595627877759,25.0031648772763,29.163060342988825,5.441965063717463,9.480814514124162,5.558142357337658,7.918490581117304,2.8058472307705538,8.122974692985307,3.447505489489535,8.747686526391167,2.4628582043596716,17.74336226460396,3.425399893895439,10.143644506213745,3.5206504536278294,2.430243310330696,10.497632879162897,1.0,1.0,1.0,1.0,1.0
2,1.0,1.0,0,189.2,22.10143508555912,2.42367777746268,6.248320341447452,21.353786973706555,31.132116236046837,5.753746747583094,11.422922881677174,6.537162938789909,6.876792507300874,3.2970485211293354,10.470216288863085,3.6849744587540556,10.973328141962261,2.3188535408938082,18.34246559823596,2.6356212874051863,7.3783300475796105,4.158595969135479,2.0358060624652725,8.991533748211301,1.0,1.0,1.0,1.0,1.0
29,1.0,1.0,0,189.2,18.95775860842562,2.2662506701470897,7.98749934063576,21.412351994943815,30.568193728732734,4.729452523684565,11.011639654121419,5.014651871819763,9.758334785796098,3.0544137939575275,10.220172495448244,3.2945490622480116,10.457810796522711,2.3256781196178737,20.725477312572703,2.836947667447005,9.851890444527946,3.805235875496178,2.414005661952996,11.857087729423101,1.0,1.0,1.0,1.0,1.0
6,1.0,1.0,0,189.2,20.438251355634403,1.9944204697211263,8.982677820977342,20.471045360945848,31.220514875722383,4.678696280307179,10.906328979136228,5.2942835232857375,8.100759774521293,2.8655342362780933,9.43921003017069,3.505562187507028,8.024512915841909,2.459845946482341,17.28198690113828,3.5860456580871016,10.438847430827078,2.8580717235234485,2.5404624221524066,11.235765868452178,1.0,1.0,1.0,1.0,1.0
1,1.0,1.0,0,189.2,25.820911903946705,2.2619592166616798,8.109094129173942,22.675597128398767,31.706276857081633,4.967687933075335,12.243821079406429,6.59542683043305,8.7187180478444,3.6000837500696896,8.071186615749484,2.8969558453990256,7.921970617613012,1.7934365636041614,15.240481213334498,2.8470250877018226,8.633082257156913,3.5630479945748315,2.261145708184619,10.853377131106862,1.0,1.0,1.0,1.0,1.0
25,1.0,1.0,0,189.2,24.774691124680484,2.501313271428432,7.381259403537005,20.981683732284374,35.10905490454582,6.0856399305670354,11.191160408600442,6.422098150529319,9.453156329129929,3.183351603982673,10.087131546638298,3.612203299600191,7.829048001998366,2.4660800449280953,17.13434900497621,2.8520317190999487,8.112724529774276,3.4549485618783877,2.7763748171949736,12.312102349970495,1.0,1.0,1.0,1.0,1.0
29,1.0,1.0,0,189.2,20.348793708726856,2.769873780699537,8.019374636901167,26.63564481641505,30.498174697444348,6.771896951130441,13.43007387970607,6.81173632659836,7.88651368397798,2.938731342794648,9.136619036191014,2.9911849008480598,11.295240447861739,2.3955580635927967,18.709516289202604,3.5028981345783055,10.340262293967251,3.6282291458777594,2.0253450698688007,11.072411564465813,1.0,1.0,1.0,1.0,1.0
27,1.0,1.0,0,189.2,19.300364057211585,2.1299175839709874,7.820818824652255,21.141909360160973,25.99984013599342,5.325050626328338,11.417941840696049,6.71722236094654,7.868091939429104,4.13636217342099,10.298879586947136,3.7440589405046882,10.833796323432013,2.474295611618852,15.553159780442643,3.707099778717753,9.351240546708949,3.100179129057097,2.0818516871638737,11.038593129582429,1.0,1.0,1.0,1.0,1.0
24,1.0,1.0,0,189.2,25.358167456279904,2.3886888752511775,8.016096094312994,20.963959535165117,29.28157228909704,6.869591485378186,12.669426966894742,6.324304073994545,7.871220353540971,3.5031486356357986,9.834538043696089,3.098560494979553,8.218949911184533,2.010745956356477,20.842397324119847,2.9403504330718016,8.834804651683347,3.8188465445216835,2.49110857982714,12.691878042322758,1.0,1.0,1.0,1.0,1.0
25,1.0,1.0,0,189.2,18.818617437404512,1.9373708949404123,8.865262490758347,24.35138822305866,29.276281782937318,5.94666242348051,13.282393931202993,6.584174248382828,8.06164055638324,3.1016713416103707,7.4247864509953185,2.6796287461151915,10.522964766244096,2.4811151764019295,16.296204200552886,3.749845554781358,10.137383961412034,3.829276308243836,2.6448058973547006,11.820972172273637,1.0,1.0,1.0,1.0,1.0
31,1.0,1.0,0,189.2,20.833415971241,2.2592218389731475,9.037877999912466,26.291329056447186,35.608381055751394,6.426036352583115,9.088155122075813,5.561564994896811,7.543283409956587,3.2037315583459316,9.273025053941668,3.4598238690965206,8.020829024455562,2.0580324418018106,17.36884308053669,3.1663314912360194,8.113823719675425,3.8295986160085627,2.1998595743902833,11.360464808333365,1.0,1.0,1.0,1.0,1.0
18,1.0,1.0,0,189.2,25.94967521880668,2.4672292462866134,7.091549928231405,21.966165659616774,29.433141429575212,6.608615864302463,9.986746325642908,6.323251816534881,7.804547269666788,3.8823403782654653,8.329141241379174,2.8411801081167103,10.898687264291128,2.0455494079634806,18.177706168170346,2.857618117944366,8.675695053266507,3.861988237903633,2.198443822209183,9.1805521942904,1.0,1.0,1.0,1.0,1.0
8,1.0,1.0,0,189.2,18.995678944489562,2.551113425436005,7.6927881038375645,21.652075287340445,27.38356181963156,5.191010629596394,10.52173215063914,6.719326666318076,8.472260555624944,3.4791198172861986,7.58682399959237,3.240318261407351,10.111869785337964,1.7941727040126734,14.645989568579086,3.1421809042741446,7.9026048682404095,2.994253837500335,1.9582279121862873,8.8119890384992,1.0,1.0,1.0,1.0,1.0
27,1.0,1.0,0,189.2,24.82035996227872,2.5803166149838783,8.87463750681608,20.918951096705094,32.54448116294657,5.408226926492283,11.669580982251178,6.3506301671075915,9.538562486346239,3.4852846120280345,8.292152951844685,3.802486481789754,10.136036081619013,2.5412078144145758,20.058802368752513,2.721805267147889,9.971212805378745,4.049745593357506,2.2755728193312943,9.186028729975892,1.0,1.0,1.0,1.0,1.0
1,1.0,1.0,0,189.2,25.549390654010157,2.1027909613275337,8.085212953314763,23.886141122098902,28.694938011887714,5.141034730074289,12.834960741141142,6.333311136664158,8.013663577922928,2.8948490257635537,9.516333103014983,3.7420306100439014,9.130099879188796,2.5985610128511385,17.96500131651217,2.9988172566607663,8.972232897238243,4.080125523324435,2.034913256375254,12.709094872486101,1.0,1.0,1.0,1.0,1.0
14,1.0,1.0,0,189.2,23.12725618517119,2.257443739325695,8.406972728185924,27.111511126833843,29.46567521283957,4.647087724801696,12.739244533247232,7.287555743281298,7.8548755540311666,3.261705946723202,10.48651469129226,3.0510893932121768,7.9546248499222925,2.5001715308926835,20.95354329902561,3.6374224684205467,7.833403631131634,2.897710904168334,2.7927888457918657,9.107234452803809,1.0,1.0,1.0,1.0,1.0
23,1.0,1.0,0,189.2,19.761923345453617,2.2131659440897478,8.24698583314126,21.292371187972176,33.47416942045139,5.819864617072698,8.968452953382387,7.139565860256755,9.243105093956972,3.162973733439201,7.207183650789822,3.767006146490415,10.85376341270465,2.5758984376183838,18.85045746577631,3.6564833714855016,7.953942282630647,3.461070914227255,2.454783389136037,9.587775440829551,1.0,1.0,1.0,1.0,1.0
14,1.0,1.0,0,189.2,18.089743392759914,2.69661048084107,8.453300977709882,19.995812876556275,32.97326612208999,5.501891373808602,12.871071968053903,7.364080625098993,6.868050179018555,3.494700659128255,7.557678861771477,3.5426806465093663,10.89468564102194,1.7783760272907687,17.03681467627966,2.775529140946414,7.212872322553811,3.235086822216938,2.491044849805111,9.338919934982354,1.0,1.0,1.0,1.0,1.0
7,1.0,1.0,0,189.2,20.887558698518763,2.00380088354129,8.586845472757343,26.686874996264297,34.24551117438444,5.804886337050549,9.794301480717975,5.741973057291679,8.401993393591088,3.28976596046238,9.383279787057441,2.9625157429058393,11.09362947569669,1.9085927355832795,17.69455749114826,2.9286043707206644,6.998987720700984,2.95562326685012,2.3193020880617228,10.177158320881867,1.0,1.0,1.0,1.0,1.0
31,1.0,1.0,0,189.2,21.40271366121409,2.6337604444471525,8.74034275415336,19.11738399005737,28.143601561479755,6.890771847382023,9.895890333933872,5.339846868537652,9.261480392478871,2.81796456142743,8.020559790495428,3.4458754177307984,10.416344663764823,2.0336032128316495,20.348454766931766,3.57397080462117,8.761845206962425,3.947845753497915,2.6711181100999366,9.504891910516458,1.0,1.0,1.0,1.0,1.0
4,1.0,1.0,0,189.2,22.383774386816903,2.5743561054226904,7.1683605889563315,19.30112624524482,33.098797639682985,4.6922217985530565,9.975854726840497,7.286714322681801,8.916119101846991,3.3668759377098576,10.047706907188978,3.089827423821225,11.267163032331641,2.2000309696327722,15.072966083869959,3.6071721810836266,9.07586860160145,3.267573957463894,2.5827185683068694,10.909200150455444,1.0,1.0,1.0,1.0,1.0
33,1.0,1.0,0,189.2,22.64849171474362,2.215686417344748,7.437040594664485,26.962970322959784,28.363415360323287,5.097517575484927,12.70204949810408,5.637212176324817,8.581913967737085,2.8384553607150234,7.852366661993464,3.541891423432494,10.779503466317914,2.627149496409398,19.40654602525809,2.5858142631566725,7.730483065475864,3.398198430029984,2.5605850548145184,11.260519163432,1.0,1.0,1.0,1.0,1.0
18,1.0,1.0,0,189.2,20.29251600902618,2.084712969140457,7.57729568227761,23.338677952152437,24.31801750766405,6.720470995020285,9.750265047667474,6.469929652976995,8.27429638441075,3.9937966383489933,7.349575719432633,3.029044722557021,10.324640923546617,2.2337397126850376,19.758388449589518,2.5958906637495374,9.946462345787818,3.1190267201700212,2.3767571450979896,9.19370527782122,1.0,1.0,1.0,1.0,1.0
1,1.0,1.0,0,189.2,22.334885784160022,2.35380529753979,8.857265631794673,23.676293997458846,27.89741853238359,5.7850026260159675,10.223532369500713,6.013803230223322,8.834297271923662,3.3601115758533355,10.742552637304199,3.7974704619264994,10.090215225758564,2.110234989982698,14.243269097494618,3.5614721982340374,8.271656126691505,3.6736184876797835,1.9724452709853717,8.943146742158605,1.0,1.0,1.0,1.0,1.0
12,1.0,1.0,0,189.2,21.862207805234206,1.9810399406561128,6.807423422211032,27.090527930882626,28.60385409668926,6.910494550551372,12.221704947955068,6.337393101727016,7.689226577187034,3.2001504795255276,10.649280833587737,3.268403673409487,8.925139403926185,1.8627097890362283,20.999105539796265,3.038430053853545,9.650103803306513,4.02331800746028,2.0457020056886006,11.99103484000088,1.0,1.0,1.0,1.0,1.0
12,1.0,1.0,0,189.2,21.374795034943777,2.270349254502244,6.402910072996725,20.142014210863618,27.12845732254385,6.042097382152564,9.910287570392184,7.139297321143895,7.88323759478488,3.837994561531459,10.680918900583471,3.083584212767004,8.608208033177966,2.273913903300157,18.351620698487878,3.5845570915369134,8.053255027433066,3.8006487358095495,2.7652264184515762,12.37456166199089,1.0,1.0,1.0,1.0,1.0
30,1.0,1.0,0,189.2,21.87737853266483,2.4371065705434876,6.148316628907629,20.10759893230984,35.947025445633415,5.395945751911347,9.204636790775906,7.368381940657688,9.153788216769593,3.7968886037133367,10.794469837493901,3.6646345500086173,8.864463670674299,1.8403968618133537,15.46132159501342,3.742033434637446,8.464772005957863,4.152922850176051,2.8162546439195717,9.25515056640068,1.0,1.0,1.0,1.0,1.0
29,1.0,1.0,0,189.2,21.249876767800007,1.9243984283828983,8.237169296124394,24.266195403649267,25.710552979846227,5.654118180564028,10.818545744028851,5.933782847764764,9.2425263928892,3.5287884949156814,7.949727557657415,3.0873776940089765,7.752405767799364,1.8197485476350148,16.103509619313325,2.827811138948675,7.171742604341805,2.9515233346348393,2.4417466017428144,11.62489895406171,1.0,1.0,1.0,1.0,1.0
38,1.0,1.0,0,189.2,25.028392193612785,2.4173520914346205,6.837725927574917,23.426384471946694,25.318187619917154,5.765885501690451,12.763933413504116,6.8719520463917965,9.67486167092014,3.33198632228201,9.891304232747569,3.703193989732959,11.073715776021725,2.603256159122813,14.292783007119318,3.372057834197548,7.608013102819985,3.575407190826078,2.5135542237538733,12.420768545081032,1.0,1.0,1.0,1.0,1.0
28,1.0,1.0,0,189.2,24.489769387669522,2.224282865093763,6.26438855463622,22.025303891240604,29.28216126038714,6.091832273953905,11.36002844578388,7.367601768888693,9.740381354950104,3.079307125115543,9.606286828433145,3.6180296768334217,10.892209980604724,2.0376222323034505,15.758695361497429,2.707596353837183,9.97445775956247,2.9563319440369664,2.3763330168221026,10.295847847098349,1.0,1.0,1.0,1.0,1.0
23,1.0,1.0,0,189.2,23.60588662511564,2.373221989636086,6.287728590719587,18.704205646853918,31.187292903398152,4.780430202253608,8.96893886824428,5.867423503226643,8.208780180037142,3.7973949937127074,8.956743512792423,3.420095235100898,8.211704038633174,1.8722589232450086,18.725331848429036,2.562270968720941,7.6884777250628575,2.921091934517662,2.528672882333496,10.586925521784494,1.0,1.0,1.0,1.0,1.0
4,1.0,1.0,0,189.2,22.831321627316697,2.028729275350432,7.9433743696252135,27.11455044105272,32.092619388134594,5.096437396535062,11.625176703862588,7.333722497248486,9.198992444115747,3.822034156525517,8.196336797141674,3.6605531443041053,8.520110730223438,1.8437764356213124,20.30442014811967,3.2356154485459827,8.172421856052079,4.180382687332639,2.8727615637529724,10.378030427798198,1.0,1.0,1.0,1.0,1.0
34,1.0,1.0,0,189.2,17.837305660240496,2.806698505557809,8.915453280171443,26.4553407677118,24.33473066825221,6.62509667252797,12.636508680912259,5.19448409389091,9.216481676697551,3.072769681107485,9.442450387150949,3.6820434852447015,7.857351307200144,2.3119984347279914,20.65277107147918,3.1627484901681933,7.256828642797805,3.268738116550656,2.0432263400370823,11.58261336022771,1.0,1.0,1.0,1.0,1.0
7,1.0,1.0,0,189.2,23.32252397263924,2.849013339968708,7.4412590380863115,23.22467243767312,24.856751844773786,5.983323079636893,11.448726155224055,6.475480546733877,7.781478402322684,3.813013313664729,9.049124965736878,3.6351955727832235,10.237812704460117,2.1897535423677046,18.612559266903265,3.2503414232272387,10.324550215877283,3.8919691835842296,2.0669658274875418,9.374515646883657,1.0,1.0,1.0,1.0,1.0
8,1.0,1.0,0,189.2,25.994960155899697,2.486913593599975,8.311674578074244,19.947787598867315,30.137931384346814,5.119140010698522,13.069511103606361,7.168445884044554,8.62599082294194,4.172581198290647,7.748866059464281,3.641578715587563,9.608812251284851,1.8648849859655736,18.62140022336974,3.233592222945243,9.77063675493466,3.213904870587798,2.113037687890075,8.998956333227055,1.0,1.0,1.0,1.0,1.0
2,1.0,1.0,0,189.2,22.41026420764798,2.279964826737526,7.516945992117319,22.163931988534532,32.98681907982753,6.050516422007935,10.094208828258292,6.828399038723126,9.623115073865813,3.8815786092112154,10.14269994160259,3.6135978353098674,9.867383272942856,2.0565399094355654,18.768410359033897,2.9479550160030863,9.684338218241225,3.2102491637550057,2.5837381991679242,9.883561112857471,1.0,1.0,1.0,1.0,1.0
35,1.0,1.0,0,189.2,23.688211392994187,2.301311591453303,8.047115107818495,20.1983380266231,29.544629136243305,6.854774794783576,11.314417913449027,6.2800481946016395,7.892425787857722,3.906852592455548,10.248445308375501,3.0428584478398166,10.237308643436192,2.435695064447778,18.172535757699777,3.1386814189161174,7.472345592917882,4.145054355737587,2.8132487239790893,9.351325103591117,1.0,1.0,1.0,1.0,1.0
0,1.0,1.0,0,189.2,18.10042794034221,2.30598995901162,6.740144757551993,24.036148182855285,34.14819832050134,5.256370847768889,9.547874003981093,6.994798812897888,7.929240144725825,3.7856803632015446,9.69880286700236,3.0739290971815416,10.995721210118273,2.3297225384293343,17.925418800656182,2.7008301076617083,8.166908985263001,3.116547504392374,2.2848802970376485,11.330070607881368,1.0,1.0,1.0,1.0,1.0
18,1.0,1.0,0,189.2,21.340558681213654,2.757333979864219,6.154156311514853,22.05936494770862,34.60241929257511,6.49564968735867,9.364039774619998,7.406191051267018,7.0014250146256405,2.9846917419532,9.043058290087641,3.4937178125777453,8.830233517834811,1.8158046263464207,16.240375651574944,3.1526174329354246,7.7138204275806395,3.6771439875616547,2.261318033707075,10.682818392351688,1.0,1.0,1.0,1.0,1.0
39,1.0,1.0,0,189.2,21.78333632840826,2.250169413607565,8.008357846246826,21.522678797295292,24.233349827639273,5.795554845023012,11.158229053867979,6.616978607052692,8.565901959664993,3.090716189352092,9.899794203738953,3.1223063175097487,9.535542923581252,2.5545556428917693,15.579730116384207,2.8478082466410375,8.668380656411244,3.6724506059329247,2.5115621575489406,8.720871800415525,1.0,1.0,1.0,1.0,1.0
0,1.0,1.0,0,189.2,24.038290495282993,2.3770030257579013,7.353678320121539,23.1948000856489,30.61082675244268,6.5545935002481865,9.583483085525785,6.828434781912563,6.627932944893052,3.791347054114062,10.727953765488511,2.8692732224957074,10.864024014533683,2.5790203807763623,16.34872224442744,2.6498149275403056,7.301553313551213,4.030828195801767,2.3752365425609394,9.797596791085125,1.0,1.0,1.0,1.0,1.0
37,1.0,1.0,0,189.2,18.061204956700454,2.3790303505494323,9.101090002886114,26.360203199371135,28.537038540909105,6.769821270062449,10.676802182947597,6.841892063746819,9.30365665114697,2.931847497483266,8.494561001560772,2.738051327410377,8.856376509666667,2.012645264727363,19.97438649811138,3.566419781137269,8.242109098727477,3.932821198221866,2.6416686999577337,8.692697729436059,1.0,1.0,1.0,1.0,1.0
26,1.0,1.0,0,189.2,21.096964255137568,2.799609672499466,8.034598171131508,18.67910553631314,33.630275453383085,6.533496140370646,10.3010982789555,5.474505966288047,7.881798249191776,2.8727756209193243,7.901028548434157,2.7287362863577074,7.82443214527373,2.294273818393588,19.894524575889807,3.528077298590388,7.446812711211009,3.98082595844642,2.2195119347986902,8.737220433298699,1.0,1.0,1.0,1.0,1.0
39,1.0,1.0,0,189.2,25.303315852576997,2.5940654239747953,8.448313095521462,25.355097898919936,35.994121763093204,6.913241944845611,11.69818248138039,5.7534701149922505,7.884345283898726,3.830211233052386,7.842532757091589,3.0279620252112553,8.946164671141203,2.383474493392981,17.73641222585491,3.269547341742955,9.325659483795762,4.064056706409379,2.25150245058522,10.453115471528239,1.0,1.0,1.0,1.0,1.0
3,1.0,1.0,0,189.2,25.215435334742438,2.8173333141683456,7.809608686385675,19.22429239696191,32.48610151141911,5.814086806060655,10.162897288865889,6.058837708736188,7.352117241189585,3.559798165987541,9.770900708766142,3.5573631612971015,9.632814557239866,2.2776023528855305,19.246504309544203,3.0486168255596873,8.008207708602864,3.2643660196631563,2.3585025653806553,10.042295396610736,1.0,1.0,1.0,1.0,1.0
40,1.0,1.0,0,189.2,21.649300952122,2.8283459031379086,6.957730619665196,21.995303677597892,24.239216613301785,6.068853403612487,10.459210550435955,4.965884828380517,8.778024655427307,2.870798846314929,8.269530513273285,2.709924443956104,10.787204831856476,1.848922828767761,15.34928738512224,3.500788247559438,7.8081489229723875,3.033683762631134,2.3640077826819073,9.02378332538655,1.0,1.0,1.0,1.0,1.0
8,1.0,1.0,0,189.2,21.361456595548816,2.7726901958163843,7.467385844971576,19.46272900120787,32.04562845807542,5.606378621899919,9.602008397546697,7.004195378599777,7.65474908051131,4.021482515342691,10.29595236821676,3.7397294632080462,10.164775647645637,2.5637980884479328,14.975837487499325,3.5138556098513636,7.624922128611615,3.7728560602174155,2.025177289917428,11.428952341334442,1.0,1.0,1.0,1.0,1.0
11,1.0,1.0,0,189.2,23.399177673926907,2.172821372978723,6.349908695776567,22.36058656547124,35.36838929721444,5.753658372601266,9.10624105329608,5.548587723355033,6.973101746220752,4.169178033821154,8.227055419221214,3.3903610161049205,11.134973863983227,2.249738864353658,18.8213225166275,3.835026468079905,9.84258044243082,3.4532858830484097,2.2966686897054585,9.05339036874222,1.0,1.0,1.0,1.0,1.0
25,1.0,1.0,0,189.2,24.203864693277897,2.284143693330507,7.618459630096279,23.00550442272824,30.123660290664624,5.949120972728414,13.311804109472677,5.684718848655037,9.40993334277102,3.0431588570429153,9.11067368107224,3.5509353593506994,7.774879758884988,1.99295800978926,14.47527798139277,3.5326457166974436,10.427489675176632,4.115923541872986,2.5210771721274967,8.551300886491019,1.0,1.0,1.0,1.0,1.0
14,1.0,1.0,0,189.2,24.510899326276302,2.586794456430477,8.830787913527638,25.859137010866693,33.750382511934234,5.6631700960840625,11.296403976260617,5.403523881163645,9.244905765807378,2.810156108371974,10.407988262220751,2.8316058460938223,8.083336204527512,2.237098966881399,14.352108007077838,3.4305954243320027,8.187551528554462,3.7302056997514215,2.4858744354957,12.19271033872875,1.0,1.0,1.0,1.0,1.0
16,1.0,1.0,0,189.2,21.17740252407402,2.385703975793697,8.054612676233296,23.62922015080305,30.809070343646777,4.645497503793713,9.91705167437809,6.409848554157878,9.134363873751472,4.175588268934804,10.58048657079294,3.150876754380694,9.60312211090001,2.222606186310389,18.276011266315475,3.0656716887695783,9.733129490365075,4.107876280139573,2.4842360916904274,10.631067199933833,1.0,1.0,1.0,1.0,1.0
22,1.0,1.0,0,189.2,25.98786939858298,1.973677990774906,7.8233031465765315,24.26182213055699,27.984334627774285,6.828671217307604,10.84688129180107,6.619847983461672,9.551420656352512,3.4210992613783135,7.881048258018849,3.075820489236113,10.205251611246457,2.116871968959183,20.286698270137812,3.113780881582975,9.6351566602449,3.2672236876758194,2.3538121377015324,9.7347857653485,1.0,1.0,1.0,1.0,1.0
29,1.0,1.0,0,189.2,24.840959752521954,2.4947257833375263,7.997251824244825,20.198983329603145,28.395976736993095,5.353268209496793,11.516128179215194,5.688073297973593,8.355617716817044,4.026639739442998,7.408917503643349,3.092097368263919,10.73597134162058,1.8984733324594052,17.496601698506527,2.570306568709473,9.880380103992643,3.802748542603233,2.3927543916860015,12.268069006881994,1.0,1.0,1.0,1.0,1.0
32,1.0,1.0,0,189.2,18.69944750983942,2.5403421930625667,6.556489100341962,19.714938780951805,33.00804011432389,4.836661702291084,9.211125564295358,7.0645003219438385,7.198599163760139,2.8367339685658486,7.868691798225759,2.607271084401411,9.501496963061923,2.5082481877095626,19.416929388040682,2.5691261149679074,9.832950647042782,3.9585576044003385,2.79364311384649,11.951015325922068,1.0,1.0,1.0,1.0,1.0
19,1.0,1.0,0,189.2,19.154174609144963,2.8422629440675675,6.605670259460251,18.97960622284264,26.32158201862977,5.877505600799163,10.11809864068846,5.431634195927418,7.044933881757052,3.768840269775796,9.386740607466358,3.135990384697643,10.29815784050505,2.0725746919279535,15.595783488843324,3.2168537118384393,8.443004165924446,3.8621215112026617,2.2666991384064077,11.14462528136697,1.0,1.0,1.0,1.0,1.0
25,1.0,1.0,0,189.2,20.312650191786915,2.7684565917257693,7.506860534385019,21.699130466342698,24.2712826490411,6.38447497243882,11.45099679039816,6.78333446725138,6.992740399220096,2.8073804193624476,8.464711641909101,2.571049240928004,9.577688405206152,1.8234439372480666,20.49634443808603,2.858459789829367,10.20735582203433,3.4654482238754456,2.377695770329613,9.691451982283885,1.0,1.0,1.0,1.0,1.0
39,1.0,1.0,0,189.2,20.69752024409903,2.53265841704847,6.082545816457637,18.395486508914697,33.63248537678651,6.785519649644039,12.696320053831494,7.40777724210298,8.92779938332957,2.92123103853739,7.79618404946697,2.886405352881698,10.801155567417636,2.2474426420726963,20.446788628456144,2.617215240486109,9.035904145355852,3.6735984050066577,2.148031282715471,12.653003609185964,1.0,1.0,1.0,1.0,1.0
30,1.0,1.0,0,189.2,20.963599419533104,2.169580811852415,8.01498689525442,23.2139530483168,29.64083578236976,5.017691774592493,11.351991049516657,7.059383341241358,9.541028630014884,3.926251353317594,9.200335383249412,3.3434208426169643,11.13222903655097,2.030983551010433,19.356902898836964,3.2719548962475002,8.408637085560079,3.7230976331982055,2.407934631905549,10.842240900752326,1.0,1.0,1.0,1.0,1.0
27,1.0,1.0,0,189.2,21.926086551225925,2.2051794640334754,8.534965584996142,25.898496170461325,26.718481193813407,4.975298982357717,11.79633512450266,6.256056199070051,8.874680506450602,4.095454822380353,9.325984341183927,2.9344925402763717,9.498623264099548,2.2849273424689494,19.63985886090009,2.859516481490534,9.495058953381777,3.797858427731048,2.6181123902228984,8.739613153942315,1.0,1.0,1.0,1.0,1.0
7,1.0,1.0,0,189.2,18.642276864531397,2.0496163430411705,8.477514932762071,20.97177322962877,29.911566583841633,6.890410850655575,9.097214278658162,6.820404444754334,8.476326991999281,3.300282564334342,8.939047117766158,3.2637125735103583,9.099037788121846,2.0581755072331065,20.889971351752852,2.939723129237776,8.127196071839867,3.8181599145085956,2.6570408511199264,12.70973193409808,1.0,1.0,1.0,1.0,1.0
10,1.0,1.0,0,189.2,18.116202771011192,2.6158253340602866,6.674931897622207,25.69891652751675,30.784047738831543,5.531012413391852,10.665088293300395,5.632177364610892,6.66817848413876,3.4567323623818007,8.18781498542443,3.716223286480469,8.041725119428333,1.9441869450797842,14.76323734927595,2.5748233976267536,9.675608573259485,3.231736974508889,2.172721618934232,9.368709314010061,1.0,1.0,1.0,1.0,1.0
11,1.0,1.0,0,189.2,21.852147030856635,2.5417663438080997,6.124131174187828,19.008805325657,30.166635879471638,5.350135935902145,11.675556441056894,6.25688832023213,6.565672563470624,2.964470079855259,9.340917814781168,3.187497661237562,7.71363183633028,1.7779201725154166,17.690325756799858,2.602311549602636,9.062880016727819,3.6973507459545503,2.215636805404956,11.466080075303827,1.0,1.0,1.0,1.0,1.0
28,1.0,1.0,0,189.2,23.941330806925773,2.7446285836667026,7.941256850169963,23.813908468071098,27.0067036885362,6.375228835731074,11.885943944692904,5.23730303570856,8.3007929608958,2.89307160297343,7.316053997583249,3.3767478051325703,9.938053990720705,2.6097634145769373,16.491179694917356,3.6918611948688893,8.72318269780051,4.072090898415028,2.5424449360219223,10.771241556507215,1.0,1.0,1.0,1.0,1.0
12,1.0,1.0,0,189.2,24.707966903050856,2.1901168251109047,8.194863769773427,21.976331640647388,33.96691414709972,6.592012729140326,10.1181673855843,7.270175245207718,6.584550000097224,3.6362580943490945,8.47296619248174,2.648831250603047,8.557931507545455,2.2820858594203925,19.643782421585215,3.795947136127566,8.742225288785084,2.8783159961569202,2.102688748113805,12.323262325735218,1.0,1.0,1.0,1.0,1.0
40,1.0,1.0,0,189.2,21.566990777934343,2.56898453558112,9.017028319507421,24.749109723341697,26.472873425054775,6.793129402722893,8.970100323388355,5.583378752601483,7.914648490639765,3.260498221292155,9.650478335121129,3.561690044659098,8.613230879056522,2.2946139154692573,20.2640696478029,2.8378426045619953,9.346787211777634,2.857075863094238,1.9339689130894964,11.919523929086035,1.0,1.0,1.0,1.0,1.0
31,1.0,1.0,0,189.2,18.815793501221453,2.812191857590569,6.609119996741309,20.09201813172711,31.924901077970347,6.392146928118387,9.439377054177037,5.8253523815300134,9.73010854768031,3.898734603378468,7.946616939336904,3.0557633975866043,10.839977534936633,1.776989579979188,17.834955131648652,2.5927466311210354,8.682109887354843,3.766360681795211,2.4004038913208867,11.935020485017505,1.0,1.0,1.0,1.0,1.0
22,1.0,1.0,0,189.2,23.970015438724854,2.8018300761682298,6.398327363142535,21.03648907214523,24.815370467637344,5.734406054726556,12.161749441522613,6.579869211765619,9.45025940989212,3.1467953353998688,8.56297371163903,3.082778626577692,9.462685657953427,2.4813461743713043,19.759814077014596,2.99270770355402,8.117686665319805,3.822188020415163,2.787359954233775,9.624083838034482,1.0,1.0,1.0,1.0,1.0
25,1.0,1.0,0,189.2,18.08966813334916,2.2099826116015127,8.870457816328335,27.131085976450052,25.324320438457455,6.014574295490581,12.065599245912049,5.6399850679582695,7.865804257735541,4.1400303697348635,9.353415986787999,2.7088094152670155,8.361021535104914,2.589703890756226,20.799882191026413,3.0904842077028616,9.35835848245924,4.074241627463754,2.061878844998415,8.940461229649326,1.0,1.0,1.0,1.0,1.0
4,1.0,1.0,0,189.2,20.69452505610269,2.28403612578083,8.136615817851363,20.213024548688363,24.61446502950138,5.749897044739822,10.601557738389648,5.677182568688094,7.062449741237373,2.8309182727961533,7.6657856811672485,3.8376326531728333,7.668071001123843,2.3702373588025223,20.321102206859646,2.5699848607213456,8.308346774619942,3.011251478644977,2.031611379916817,10.310502806866264,1.0,1.0,1.0,1.0,1.0
10,1.0,1.0,0,189.2,21.473510820930176,2.476085715107084,6.729349259145183,19.302871473431633,25.381706266771705,5.602284901796393,11.838311688643019,5.466529157993313,9.171938210285665,3.298606000155025,10.32138704911674,3.801996570980487,8.755021671021215,2.61471682003496,17.600290429301914,3.2477905804426612,6.970093036718707,3.5293734493072315,2.7114455569691187,11.745884102245807,1.0,1.0,1.0,1.0,1.0
2,1.0,1.0,0,189.2,19.434261895703894,2.0286849370698348,7.186569376350267,24.98422152607129,32.20880020017972,5.106986004595222,10.818672605328546,5.625133489005847,9.573102766494399,3.7352684299494223,8.627969837866038,3.0776984042873177,11.240941310715938,1.9185732863826033,15.341043734014479,2.8361582757598196,10.366609797794936,3.9367324676296533,2.7689008346616144,11.047115184425468,1.0,1.0,1.0,1.0,1.0
9,1.0,1.0,0,189.2,18.629354002141667,2.1349127195789936,8.794137420201965,23.365344952947964,27.75591923742146,5.459618672431031,10.469046063887175,6.164177481252755,7.183698802081949,3.7370100216752693,8.23956363416636,2.6046519579647205,8.375885138910219,2.12193122621318,20.581845879174555,3.522424781852489,7.294579317548171,3.530294562106554,2.7006623881205356,9.323636425831998,1.0,1.0,1.0,1.0,1.0
39,1.0,1.0,0,189.2,21.333433607675722,2.386639187947625,6.6951681998660915,24.856432725010112,34.823831441218665,5.035257798450024,9.144657922068532,5.4465589753280605,9.025312387795877,3.819546954249894,10.25644024226765,3.3959564418662604,9.618075564125073,2.095870979739896,18.090855034060937,3.669320978542026,8.764975885101926,4.062766898091061,2.743568293621527,10.777417966513816,1.0,1.0,1.0,1.0,1.0
30,1.0,1.0,0,189.2,21.065646831587852,2.478432354048358,7.133951773142955,25.23196109699719,31.08454337633139,5.991000809985978,10.91846736041736,7.048143037782036,8.319011974990726,4.126336190180392,9.250133316404613,3.807059385520752,8.937163953040674,1.8017052512608585,20.08719654467463,3.5736484930129366,6.992182494728916,3.9960988999322185,2.3317057212586905,9.93189992597011,1.0,1.0,1.0,1.0,1.0
16,1.0,1.0,0,189.2,23.678694268741506,2.076287698165736,6.195223923481905,26.40293741398108,33.660111354874275,6.496969334634518,11.823782556021582,6.70701147348365,7.014300403930942,3.5235233728509963,10.725650853169965,3.5625837394497495,10.63083991159479,2.319838950332726,15.589379205672106,3.199344573148007,7.572886480979034,3.980520689915916,2.175442909875291,12.504727399481595,1.0,1.0,1.0,1.0,1.0
30,1.0,1.0,0,189.2,25.630609711386416,1.9471457235299807,6.776085406200634,25.029949450523432,34.51698081556158,5.165858014093664,9.67051698701674,7.115707208324684,7.207831383297116,3.493018664794158,8.056421992008836,3.0436580970103577,10.391934084061633,2.2512219811433978,15.285752633457696,2.697212324505288,8.485704293696722,3.5635381594812046,1.9368868246166464,12.409088660326939,1.0,1.0,1.0,1.0,1.0
20,1.0,1.0,0,189.2,17.913288356251137,2.506721952650253,8.563372276802527,25.240074244323985,35.48273170410505,5.985905093360171,9.819146994674455,6.161939185806286,6.568394682070193,3.491088015293251,9.519832660056464,3.662942961553187,10.728820774731387,1.7912032217814988,20.70780576078337,3.053641637058935,7.879123155180953,3.8486620895493653,2.5961478494371093,10.454088969196443,1.0,1.0,1.0,1.0,1.0
29,1.0,1.0,0,189.2,21.37775037049557,2.750882590167386,6.1098922463015155,25.672674400176998,34.96206190573228,4.771158254601834,12.122615139117489,5.124828663770269,8.159254563308611,4.011079775045489,8.261394236777235,2.669777258031836,8.258389899996455,2.314119270561487,17.43141702694026,3.5520904770644472,10.017628334657775,2.8750288499084315,2.8269467298894804,10.383001179305191,1.0,1.0,1.0,1.0,1.0
8,1.0,1.0,0,189.2,21.16481762124292,2.8593729429561474,7.389922513942546,21.519755377997512,31.324896855681367,6.0275377321184065,9.807312195054788,6.704928949290395,6.98575335322227,2.8797472936450244,8.645450691228351,2.7670532063064033,8.93650367847496,2.435615383638798,14.841100587648866,3.5038618036594587,9.807912330384424,4.1229091590571105,2.465842260879319,11.566550318757052,1.0,1.0,1.0,1.0,1.0
20,1.0,1.0,0,189.2,18.55068943185328,2.4980242537506925,6.181525233332265,24.276683473403168,28.527475513274478,4.853411521898952,10.874360601675475,6.639210960195558,7.380875607232295,4.188759373864146,7.907444821318025,3.403086282958534,10.18162299908165,2.5363074489389414,14.137786199439233,3.365605440050672,9.96865513791897,3.4957585421649067,2.4817882603516446,11.716897897164033,1.0,1.0,1.0,1.0,1.0
17,1.0,1.0,0,189.2,24.836750747926505,2.6887689551838614,7.706080542142091,21.594586074162933,26.352224950142062,6.0960552456016,9.442316177446948,6.30563235388967,7.27056247113254,3.42742702691872,9.566536193675654,3.750029716104173,10.843080161781604,2.4876889776450364,17.058520521211737,3.7691716883720474,7.4626250817387865,3.7894433855872616,2.0339996255386468,10.77410810299695,1.0,1.0,1.0,1.0,1.0
32,1.0,1.0,0,189.2,21.71201116440157,2.7359017143439286,6.4650726157518,19.67596401131359,28.660759163596296,5.134837456669742,11.453438883170099,6.468918142345166,7.006353396981825,3.9431291543364306,8.427058722098772,3.122523729014741,11.320320541918054,2.312461673047498,14.330914211074097,3.610888229204435,9.442575099406978,2.931780170850935,2.1802017749394937,11.439310092197276,1.0,1.0,1.0,1.0,1.0
7,1.0,1.0,0,189.2,19.040260135443084,2.188309578929203,6.341836403796794,24.24400015286894,32.406124822585845,5.39177180919267,10.277696249461055,5.685468118931266,7.559932757296583,3.956063053451439,10.174968036494125,3.0465912493486442,8.787222889984909,2.411854482998335,17.277147873392437,3.2903918857924292,8.267278140052088,3.418583739195717,2.3096495031757045,11.310906394937893,1.0,1.0,1.0,1.0,1.0
6,1.0,1.0,0,189.2,24.039280465566765,2.8721319858309227,8.422315184872978,26.990524131211494,25.821063060301842,5.022409398432021,10.404058902988131,6.632142164344694,6.926909883631314,2.8529404836463392,7.4518989288618815,2.930337541536057,8.692396524516989,2.3470378507704854,18.72650158540153,3.832538634178482,7.815569476659234,3.6374417330195756,2.4249371998412856,8.777938376574097,1.0,1.0,1.0,1.0,1.0
3,1.0,1.0,0,189.2,18.72168635473985,2.218429805247484,6.138725578846329,23.563149051941625,32.25532362666215,6.958945561131048,9.34426827154793,6.992856302194341,7.6268670869070325,3.7606402975265425,9.661798716313012,3.785846176141061,10.577102197211,2.4216179238678133,19.674879734632782,2.5726998513031236,7.1643380406635115,3.774752970303207,1.9780386074320122,11.228679820445283,1.0,1.0,1.0,1.0,1.0
34,1.0,1.0,0,189.2,19.49182866348179,2.147299033462785,7.6923890015596585,24.123616976620504,34.6270739131275,5.802819906749319,13.159156447585469,7.04771540247454,8.335238510988182,3.1832158139873052,10.735953436469435,3.4119960239368283,8.365171148366178,2.5881612913763568,18.93857555100432,3.5835307360454096,8.649341404020316,3.8412887418776256,2.3159232488116372,9.704029385904509,1.0,1.0,1.0,1.0,1.0
21,1.0,1.0,0,189.2,22.641540229389125,2.762154069312125,6.717680236049936,21.494440911089388,25.060747810970103,5.2953084266207435,10.065184324045306,7.006894301536335,6.72682211094246,2.8172283566957015,10.782350074636902,3.174685750359527,9.902147417727477,1.8097517752108465,16.474402493837612,3.5711670405878397,8.274262285684687,3.033370446496859,2.3778754870789576,9.405712650867576,1.0,1.0,1.0,1.0,1.0
5,1.0,1.0,0,189.2,19.826853322655655,2.243759489000376,7.357471040999376,20.157869001750512,33.1616657599228,6.774057355934562,12.871695456492828,6.783238609019646,6.9114360950038325,3.41184946110783,7.612173595236653,2.67769671299301,7.625256782714097,1.8459448534005882,17.182029429234937,2.7671635912926082,10.15583721181792,3.342230866491645,2.001881929093931,12.051191110564734,1.0,1.0,1.0,1.0,1.0
19,1.0,1.0,0,189.2,23.750383224659966,2.524769042273317,7.902834776374867,22.5257215816545,24.419649449938888,6.612078149702784,11.220937481892054,5.19507612621703,7.349406795902293,3.7951215604978312,7.445439721172705,3.7627892452603575,11.31486621210204,2.508011310890984,19.805928149398184,2.7361953554027227,8.454897760360089,2.929246264137759,2.330268079320812,9.727058975496147,1.0,1.0,1.0,1.0,1.0
17,1.0,1.0,0,189.2,25.225296197039235,2.3020605920165442,7.831371797944681,19.813550148440758,30.223138212177318,6.8770670856613725,10.68482489940737,5.083604390630658,6.761159497976196,3.6573438321812293,8.521351853583107,3.10942260131499,10.926126871737171,2.1393933593304113,19.6830916337639,2.625019556896087,6.996872224226738,2.888227791940782,2.1834045746293844,8.602945130783784,1.0,1.0,1.0,1.0,1.0
24,1.0,1.0,0,189.2,24.795096166711932,1.9563434040937344,7.977969255248208,24.707403820141618,30.71687711364586,6.213664589584496,12.280093193968804,5.760828235284716,9.104503441459158,4.150481296067572,8.928324393007628,2.6304115953837255,10.669175194593816,1.945769119473194,19.641803898526685,2.9863174345563217,9.855949932829729,3.5919476855461365,2.0490773644587015,12.367275439885866,1.0,1.0,1.0,1.0,1.0
4,1.0,1.0,0,189.2,17.973550300204494,2.58167585935596,7.7776675864083105,18.28694825309539,33.41253985814889,5.601696263373345,9.630261798514299,6.971393239292295,7.605465554607509,3.2162804413436943,10.10733082032012,3.7167117966781307,8.500454465582765,1.9586838228931966,19.562353106641243,2.5642413313309613,9.68490252681552,3.8778048591719303,2.85236977281516,8.629244635483293,1.0,1.0,1.0,1.0,1.0
32,1.0,1.0,0,189.2,24.338427716172486,1.9967225470349845,8.71715946293751,22.94561145985146,25.94493075980377,6.747517917983109,12.030575851535197,5.409450973152166,6.7320851582142245,3.7507117544797417,8.088825624132433,2.6660472745680677,7.721977105885458,1.7884422156758053,15.599035514431108,2.787619531803241,7.989253872926066,3.6350828421480266,2.020780545250218,11.989863335187163,1.0,1.0,1.0,1.0,1.0
38,1.0,1.0,0,189.2,23.699987861990994,1.9360794893006403,7.847311719412611,20.78242032973115,31.794281579845464,6.900985715242229,13.07864004907521,5.679108989585028,7.015613095466955,3.42967006043837,8.613481183465353,3.492620688263832,10.304827634805786,2.293492417159903,15.601373548967393,2.986407523596265,9.20859154360632,4.133681462501747,1.952630302799617,10.970493537112361,1.0,1.0,1.0,1.0,1.0
19,1.0,1.0,0,189.2,24.191414936975413,2.035828830635032,7.858379488802961,25.795272663441537,27.91947098558619,6.121990520772267,9.971783277249639,6.104462575750824,8.827267049281392,4.175881722088654,10.288809749140938,3.6018773884297297,10.998814024006634,2.1765224467592037,20.146181671298866,3.1804776061258755,7.324095955105257,3.628671198722573,2.727831199050429,12.026709381732585,1.0,1.0,1.0,1.0,1.0
15,1.0,1.0,0,189.2,20.011762273988055,2.4696949597613798,6.993649768623944,26.844340896669426,30.29250347610213,4.847149552817301,11.222698039681486,5.882861866347584,9.190500150077085,4.073881903520389,7.238379243756575,3.41933927135767,10.92074750322121,1.8473062268324167,20.84916456336406,3.4809995233381907,7.2548142121303165,3.597815667433798,2.6227560618429484,12.699300208800308,1.0,1.0,1.0,1.0,1.0
25,1.0,1.0,0,189.2,22.74024032158168,2.8729489909064196,7.537722081788469,26.701531458761654,29.766806565722778,6.202478377292229,11.473391680171199,5.844884993101785,7.82075524256387,4.1901422156771355,9.299443343313467,3.05068484785297,8.039832874237872,2.0030163404510093,18.744179538189496,3.454758575459119,7.135271325825547,3.340847456590547,2.035413129943718,10.913006374493998,1.0,1.0,1.0,1.0,1.0
14,1.0,1.0,0,189.2,23.373165736156988,2.206493921212865,6.406471553490392,23.507386200972075,35.10084762343105,5.1920582567802755,12.339663861523906,5.357100282294673,7.9160328179098896,3.2108350000668313,9.758709542644782,3.026395315413589,9.033586349661183,1.9646724444176613,18.752590518541325,3.1449506318880704,7.116660874045506,3.8754740384798594,2.723724764230745,11.09625400758225,1.0,1.0,1.0,1.0,1.0
15,1.0,1.0,0,189.2,25.36113904556724,1.9887534674559073,7.795178531217593,21.500338534738127,34.01523515886008,5.476038885904703,10.094762624133793,7.1363783632963615,8.523940999940885,3.322855222605789,10.427505082083892,3.554970383403169,10.631183230560062,1.7814865129960835,15.501301797239336,3.4931687033253453,9.771451924932157,3.614723661271398,2.2244242174698483,9.190637568681552,1.0,1.0,1.0,1.0,1.0
3,1.0,1.0,0,189.2,18.98820564289683,2.7300212510282686,7.305114000018722,22.524107191132547,31.239066929984638,5.254247432029684,10.407718661060251,6.186586419699773,8.201635079885273,3.2557401842075064,8.677236804073749,3.375056947206796,9.759412337887063,2.075417617223115,17.733839715402148,3.5368010196649062,8.268576284817238,2.8968563936315714,2.488319650362807,9.157974468706556,1.0,1.0,1.0,1.0,1.0
19,1.0,1.0,0,189.2,20.433077377214705,2.826664619007049,8.465464293129067,19.722386499797295,32.57338073056555,6.243495942170992,9.76117546840956,7.09501309765902,8.960700636393586,3.998001377255677,9.595844542665183,2.8361339216408656,8.711857268243929,1.8183105564077393,20.504893868268148,2.887302581685702,8.262893988629072,4.188125340624262,2.0648864547999324,9.925156815761033,1.0,1.0,1.0,1.0,1.0
23,1.0,1.0,0,189.2,25.767467281545326,2.7061612537563295,6.402964121532789,24.405387569449353,31.9538694688929,6.701472685652378,11.072833716140318,6.657784270310569,6.647595409213724,3.734549794329674,8.209165605462363,2.9023644900188272,7.743248988404636,2.077676253932681,18.217214888716473,3.119952946595958,7.169549643247739,4.1931134008826545,2.5500699448930813,11.512520874474395,1.0,1.0,1.0,1.0,1.0
11,1.0,1.0,0,189.2,22.61655753105914,2.4851887950228293,8.922454039062488,19.001251694042477,33.694563409810584,6.417280145941433,9.16854861226682,6.001981439084091,6.608732799991373,2.951862578570972,10.180622330815552,2.594138985485844,9.502626201280915,2.2549798851261187,16.366900146852938,3.5618585219694467,7.973952688238153,3.2352761154906977,2.019227050619763,10.83184462909142,1.0,1.0,1.0,1.0,1.0
2,1.0,1.0,0,189.2,20.339324185148676,2.365875635608682,7.779976935979641,20.87340987501071,33.30542370983129,6.085335163874767,9.889293036329411,6.4752191489768425,7.264076128275319,3.466137121901269,10.759437945308019,2.851374499694917,11.124253421013531,2.108352856168964,14.289438699664212,3.417138087676408,9.913588326431594,3.5944327840043924,2.294908355012229,12.352652567020089,1.0,1.0,1.0,1.0,1.0
14,1.0,1.0,0,189.2,25.306837083768333,2.553208081847896,8.892851983304016,20.718079242317447,26.96538289797734,6.142681639053864,10.501731050603139,5.185814047647125,7.988442047070262,3.5149433119697826,10.78709232035964,3.487572253557312,9.731384620486573,2.1063150927547243,18.521819885014743,3.0264610233888654,9.06365534005753,3.7440193858414306,1.925285393533981,11.942278894709723,1.0,1.0,1.0,1.0,1.0
15,1.0,1.0,0,189.2,22.703784650857724,2.790198222641975,7.755933225879004,19.741422779894815,31.440398777107557,5.364416566716058,11.999190529134008,6.724544541425271,8.72775095362596,3.1002002679353478,8.433974491415302,3.4340634287257767,9.90853308249309,2.1948136704621306,20.11230699412009,3.1824443674713856,9.685530822894105,3.0518258674382723,2.6090627078838717,9.639502293224961,1.0,1.0,1.0,1.0,1.0
37,1.0,1.0,0,189.2,19.604066909266315,2.587662611200904,8.088740760128697,22.544959172904218,27.919347351792624,6.211473211273767,12.487794135089148,6.10664299399803,7.318738876852223,3.1358320022451913,10.350592266518836,3.480853796483978,10.658405315825812,2.187516278698772,19.43680809309179,3.176266745606039,8.023678259235759,3.7665627041219896,2.09602508148348,11.352240601885237,1.0,1.0,1.0,1.0,1.0
12,1.0,1.0,0,189.2,20.24476473093638,2.5953195442680475,9.072670557544821,22.014130930488644,34.55056281318151,6.515250830621897,13.082212522254522,5.787354067261938,7.5358574740286794,3.261962588532,7.75538171202221,3.5348267526800914,11.217194229109595,2.2243634464925894,19.91501030546251,3.8290159277012226,8.959507863201704,3.7738549121946297,2.793639387122605,12.539030225734686,1.0,1.0,1.0,1.0,1.0
25,1.0,1.0,0,189.2,23.00641702956267,2.720014044363327,7.895686558783805,20.506299233640785,33.04609517632756,6.758450869935352,9.270383918071925,4.985519022404809,9.436215001437954,3.6044455497809205,8.69336578597308,3.151868486669658,8.738704124079293,2.2173373092504707,14.749935840011046,2.623374901908315,9.930372704839055,3.813087246301136,1.9357385861221643,10.789007053252112,1.0,1.0,1.0,1.0,1.0
37,1.0,1.0,0,189.2,23.240889050708066,2.2918426744050975,7.028896102035495,26.127518410796025,30.986434567615543,6.592970722030593,10.871325026304342,5.572349866957108,9.038276891619018,3.745738257460104,9.82211392697194,2.8362819912881836,10.180962046673145,2.496864476516785,16.916949578503893,3.6050150943953883,9.428987087692642,3.6059742259316123,2.4606958154093075,11.438746707785816,1.0,1.0,1.0,1.0,1.0
19,1.0,1.0,0,189.2,18.986498770222447,2.142332255649626,6.877116565310807,24.50664030513362,34.88833174360646,5.149688284298513,9.5106727278693,6.043156153602783,7.477807769115333,3.5113368604545228,10.27031832263037,3.3532640003835583,7.881032446877325,1.9716302431596056,16.374995375187268,3.3515287536267007,8.002012906128822,3.199877458022492,2.2140390409916177,9.746673114876618,1.0,1.0,1.0,1.0,1.0
16,1.0,1.0,0,189.2,18.83234486967909,2.3288345618347064,8.534051143973622,26.24729577615984,29.93841393160799,5.587205526670278,10.52563124589823,6.763719084001654,9.106941167013568,3.3306716922843234,8.37543926993844,2.6792659124564424,10.53670694680444,2.357201299234033,17.275766582137756,3.641129403339429,7.887906759874387,2.980738120419326,2.1527155451031557,8.805205526051672,1.0,1.0,1.0,1.0,1.0
19,1.0,1.0,0,189.2,22.14634517502352,2.480905081086662,7.971244624782856,27.27357278085291,35.983892977889994,4.691287067752777,12.933961854356955,6.039473979645931,9.178743181452612,3.8420228789167696,7.626695978521734,3.4592978756181325,9.621365167805447,2.4287989960478433,20.19088073182621,3.5051936816278246,8.694738910501599,3.312642419156778,2.3622371266233215,8.934931773995258,1.0,1.0,1.0,1.0,1.0
21,1.0,1.0,0,189.2,24.228640606188332,2.517086030009031,7.318043365617254,22.427323602318225,28.75304738351879,4.72035154170688,12.29781348282812,6.235761259420708,9.44717962203063,4.020652620183035,9.678130804099544,3.4879729492878866,10.607859899575331,2.6208811471165046,20.248505427052304,2.957351974725901,8.493613272847112,3.6504736018766732,1.9984610011910844,10.931691601447953,1.0,1.0,1.0,1.0,1.0
26,1.0,1.0,0,189.2,18.66618953763324,2.571102573304107,8.31032884611137,20.954552385519072,32.43197665111168,6.1961896901045375,12.865521829536505,6.527580671901274,8.709706907078466,3.96561443191367,10.158760140923468,3.8174214512602647,9.412785161414151,2.4514331890339593,18.755858663678712,3.162400434561079,10.009530117737064,3.175229347972369,1.9544453239012434,9.38547162627531,1.0,1.0,1.0,1.0,1.0
24,1.0,1.0,0,189.2,24.643295356468936,2.1936446557397935,8.437629160630115,20.462530350826622,25.65094332363347,5.00341345372036,12.698075397208607,5.973344784774631,7.619518414706376,2.9066200726229154,10.116864037335281,3.542750517719663,8.502119576327157,2.5318412174362477,18.994118428256478,2.589975103289679,8.733300492741462,3.9594737944721317,2.3296817936023047,10.042672391047468,1.0,1.0,1.0,1.0,1.0
33,1.0,1.0,0,189.2,20.05590427718179,2.510893308994484,9.095183937448795,22.87333676382254,25.335858375967938,4.795782970507855,12.991177899351941,7.142487872902616,7.856304168394373,4.11598681419941,7.502547109871969,3.7065457183869803,7.628793861513156,2.33134108603486,15.542840904717785,2.571710943900447,9.444759575330181,2.946386250589208,2.3417384408899045,11.112545286291176,1.0,1.0,1.0,1.0,1.0
26,1.0,1.0,0,189.2,22.88296813369283,2.5263352198461386,8.637400126160427,25.19506085771036,26.65038546229654,6.665081874848224,9.81933924098935,5.171893925450262,8.6170011528774,4.11871305468674,9.513846997589344,3.642718794984221,8.712175615212406,1.9279677280224494,17.95228517450101,3.741858144102237,9.198821258743932,3.6446332639514063,2.2393862669656355,10.300324720435922,1.0,1.0,1.0,1.0,1.0
30,1.0,1.0,0,189.2,23.018754741511035,2.3183534282259988,8.716300906496993,19.854479973330527,35.66232476508816,5.065725185983829,13.237503081604254,7.269367197088841,8.851233892606214,2.962570273878036,10.791496336183544,3.0059532895376364,10.000825134226346,2.1982914668946756,14.434160322654781,2.9657198362456194,9.25638386480066,4.178712083205514,2.5988713807875086,12.198505889752292,1.0,1.0,1.0,1.0,1.0
36,1.0,1.0,0,189.2,20.249954055674777,2.208580078201981,6.423999733202888,20.214878964069953,26.789222094932736,6.883942796274217,9.38507058244021,6.97849282181603,8.11178859629583,3.1698453312953805,8.44985119483871,3.554123614813267,10.571304895198677,2.183798051818508,19.21417454916346,3.6351379870326763,8.373839825198493,4.160532834170711,2.691649145589814,8.950642235731731,1.0,1.0,1.0,1.0,1.0
0,1.0,1.0,0,189.2,20.78711505871846,2.6027412738817537,7.271251521949336,22.391985214026665,30.419234996998913,6.056931175677302,12.074600697532851,6.419713880416536,8.97860044809458,4.184876301861578,9.170038327356153,3.3432306736608575,7.965022463100034,2.3519362229412395,14.448852306882674,3.8242291348495145,9.169353816431501,3.9010072607223294,1.9827884727441427,9.306244917606826,1.0,1.0,1.0,1.0,1.0
34,1.0,1.0,0,189.2,19.34032797168593,2.604548995073155,8.611213959212648,23.25403358948288,29.729888889957156,6.77842791099171,11.159779979185304,6.130181943818338,8.387168232118984,3.613571324002461,9.607927834510058,3.387495923710735,7.831190233376782,2.0259528547383963,19.593079072147205,2.560000150845456,9.677375060544442,3.4532097173893934,2.47863986889323,10.888253519053581,1.0,1.0,1.0,1.0,1.0
24,1.0,1.0,0,189.2,18.921470593689957,2.77718759364037,7.294484092511568,20.05954570324916,32.3023346817068,5.142562515632307,11.506265546794072,6.088845393591074,7.142699042892249,3.0187356120696935,8.934928775266377,3.1321437422589677,8.675785526816329,2.3534235711124905,16.14118849385334,2.8064272645974655,7.551650425435767,3.3389849592031084,2.1550509989907316,9.067417673791999,1.0,1.0,1.0,1.0,1.0
13,1.0,1.0,0,189.2,21.358738686517704,2.814853201611219,6.986635723328388,21.789983120591867,25.38600136899693,5.311813016987262,10.324202167069231,7.429085538766155,8.702606920594054,3.986404841682119,9.718943235887586,2.8102092964024123,11.320191967706934,2.6178664292321923,15.4071793678574,3.7129880598491596,7.573067578294727,2.9352239059512426,2.5553366630467846,9.78043337353222,1.0,1.0,1.0,1.0,1.0
25,1.0,1.0,0,189.2,24.03609373190795,2.1396404410746914,9.10499413522791,20.32879531460247,29.251303245124294,5.860634864473458,9.017255118999152,5.10468998335888,8.399406103937514,3.6569571408251473,7.453712280432815,3.74837520277095,10.9384581368627,2.147232932884294,14.790968692851052,2.9046799256879927,10.32949512854502,3.338964506788865,2.552905092358025,11.437589361739418,1.0,1.0,1.0,1.0,1.0
36,1.0,1.0,0,189.2,19.196120155460125,2.287505664264976,7.2993191230050565,25.456959198898872,28.72554552025894,5.878396770563268,9.427772620325248,5.650814924575998,6.8089763457879355,3.218778105190511,8.27236702722081,3.2502152596484013,11.306772136264673,2.1290314435963262,17.984144264262234,2.581855071983638,8.665196719888524,3.782686953655708,2.35553576594284,9.284245788362371,1.0,1.0,1.0,1.0,1.0
37,1.0,1.0,0,189.2,25.578409348098354,1.9812220949484636,7.956268207055369,26.02714234486168,26.40331418622382,6.528299599919228,10.546227423540563,6.072299101004478,9.044927589685528,2.8757824295254335,8.456313425932528,3.1191538291165615,8.401820488124333,2.6143614615422743,17.154345801506512,3.0240600442426477,8.438930789715059,3.7008773865586084,2.572372243168843,9.848598240738328,1.0,1.0,1.0,1.0,1.0
9,1.0,1.0,0,189.2,23.83125120033445,2.854787458681978,8.206576403130873,18.59521720260358,31.64123997251767,5.167649994919258,11.397779038879602,6.712190832578999,6.9307914713350804,3.218783693894763,10.209592963574469,3.1233111163872036,8.03263672471234,1.9677309838167643,18.19034101252343,2.709459431044575,9.35378986902982,3.7350562442588133,2.775922616881083,12.27686034981151,1.0,1.0,1.0,1.0,1.0
20,1.0,1.0,0,189.2,17.6095358865726,2.2755857370612165,7.075828758035269,22.79651310864077,24.817557783051466,5.208380816255831,9.658089787418985,5.123544854275968,8.680721047789595,3.2495136736739303,10.717951392121357,3.421511924776958,11.333334266783465,2.5429954080302783,18.782314304423092,2.7852293414838627,10.256182039168744,4.025301762691457,2.7812043696478024,12.340354533583225,1.0,1.0,1.0,1.0,1.0
14,1.0,1.0,0,189.2,17.43965556200236,2.320794265391728,8.257741425556206,24.290417539112603,27.781074140227343,6.373633225204461,12.774404887904762,6.164527460463504,6.816021309825159,3.8330643598444287,9.251936873668912,3.5164463373990595,9.51064167520402,2.539563281375892,16.678356108202216,3.2391481538795683,10.18492737174518,3.9603514143083682,2.842847976838081,11.379988141347159,1.0,1.0,1.0,1.0,1.0
7,1.0,1.0,0,189.2,20.170932398729544,2.285270885543541,6.358644685763882,24.448526487984772,35.1067785098186,4.67767480015681,11.879426026669334,5.3543556387848055,6.928140613756997,3.9854269218862015,10.006347379314494,2.8240842932922274,9.480002835452797,2.3711223049447474,18.952898133173548,2.613509388342651,7.955595907922831,3.77494358017314,2.1301395142665736,12.22348193300939,1.0,1.0,1.0,1.0,1.0
11,1.0,1.0,0,189.2,19.432458494708687,2.4951977078866885,9.050494820102948,26.988192726292223,31.038830321497684,5.24044089173091,11.440624566717993,5.32373221248201,8.543631530913375,3.497494132386928,8.337599794185401,3.3368011861207254,7.953722273750646,2.6368156233454947,17.194910382286054,3.083142453369205,7.506740528053282,4.138218438411064,2.4713792842393874,11.930308952871455,1.0,1.0,1.0,1.0,1.0
15,1.0,1.0,0,189.2,21.4004540220628,2.376394822869111,6.446249426146668,21.697428521356343,35.228814566434764,5.124804742763515,10.697858524197576,5.733511489245561,7.585236176352375,3.280272162020266,10.624986712731813,2.695337249961436,7.9244121328489845,2.5096013284219696,14.272824181902344,3.7174935067657873,9.432244619336597,4.107404802849586,2.5263264292368413,9.246467363799628,1.0,1.0,1.0,1.0,1.0
34,1.0,1.0,0,189.2,18.769821205224982,2.123252654862856,6.234446234993162,25.369302496839897,28.075334466101854,4.761101928707371,9.91644824337576,5.589714999591588,9.712705461810181,3.4443536698677,8.116952092623585,2.900930228448821,8.340801256104694,2.553119414311511,17.47310935542365,2.7735774281657526,7.705069335032773,4.156618761063824,2.7375081282054228,11.040963745722273,1.0,1.0,1.0,1.0,1.0
9,1.0,1.0,0,189.2,21.936798305752223,2.775291739480786,7.959404090952822,23.945300717165676,30.559378422149482,6.192201367023949,9.638148971493429,5.5273521718910565,7.459331725345269,3.588071540427329,8.80254667722079,3.1962500944782435,10.372099599489642,2.2820135414184395,16.94868738261389,2.843609413207042,7.035006858156429,3.7193522000838506,2.6600503544093015,9.004835340285872,1.0,1.0,1.0,1.0,1.0
24,1.0,1.0,0,189.2,20.59963916080191,2.828828115472318,8.198067478189493,22.90781207415608,33.864593963666344,6.228876696910546,9.512701799332376,5.915273767517969,7.6542985386617985,3.1485519439945406,7.3052647943093625,3.3702738606304026,10.155162378945947,2.304006925934127,18.797373527155187,2.7460370910692014,7.661737135845983,4.072862742769596,2.2333425912546185,11.038551870184328,1.0,1.0,1.0,1.0,1.0
20,1.0,1.0,0,189.2,24.55308517811387,2.241434221547876,8.286895073062182,26.457677287417972,35.74292369210471,5.302780029314869,13.359125845467034,7.437655108430913,6.686537290697531,3.2546858293815695,8.758341506868623,2.8010134541869753,9.882470947398167,1.9963872383201875,18.958277101176208,3.399516600647583,10.097093097439755,2.9573897773090763,2.7257927890584477,10.675695886805773,1.0,1.0,1.0,1.0,1.0
26,1.0,1.0,0,189.2,20.85817685916297,2.4076581333073053,7.296828999289188,24.08683627430018,34.73209913473674,4.837788928644173,10.712712113676812,7.427417669583,9.401510371508623,3.7283113355176947,8.751305945024223,3.534014046720242,10.837809585490488,2.2358992539161133,18.364331552235438,2.746949196536895,7.13479585309143,3.8460969535126495,2.4524953850151623,12.078770321102896,1.0,1.0,1.0,1.0,1.0
13,1.0,1.0,0,189.2,19.351905360200647,2.201578154852838,6.744714733975883,26.44819655115441,34.124354528209416,6.661558537073492,12.96108599839531,7.429474444152071,8.2140916713358,2.886706002926932,9.773306693217778,3.0962844237979503,9.767367700701673,2.1386586850390397,19.701715233432495,3.0470599946795,7.929657086703113,2.8837688430287534,2.4304264805042775,10.375419997711548,1.0,1.0,1.0,1.0,1.0
9,1.0,1.0,0,189.2,20.74952271026058,2.263650804937899,6.676644791846874,21.375684870167913,30.75888179092255,6.293080878427096,10.160457565602298,7.215673851292565,8.227875351537874,3.7688429869940934,10.573300204443765,2.83430153675073,7.747002083365966,2.3587944470070132,20.340082681060554,2.9625877235441633,10.041693021311561,2.951458497717538,2.2489453500052288,10.691524393804597,1.0,1.0,1.0,1.0,1.0
14,1.0,1.0,0,189.2,18.71106116151764,2.517267982623214,7.596243974796281,20.72299401843317,30.36219497040499,6.275851814977872,12.678160499389481,5.983376075851101,8.235499547719225,3.4680165897296233,9.396849343229189,2.866641233423151,9.282568587255357,2.318390776803852,19.808521081670875,3.038468553859276,8.512965454674323,3.4492018093374126,2.6623499387787595,8.659126994311473,1.0,1.0,1.0,1.0,1.0
10,1.0,1.0,0,189.2,21.18338396907122,2.8310144992529778,6.692413700747407,22.750748509872384,28.39940439903503,6.02731509345069,11.017899034263223,6.948568509952633,8.626165551371235,3.2076419755128613,10.642179204871908,3.049788505434808,9.090810606075717,1.8661234567239786,17.804439179300005,3.5312089025948525,9.527705910142766,3.1864281463750883,2.1004091797389557,8.618884513369856,1.0,1.0,1.0,1.0,1.0
25,1.0,1.0,0,189.2,19.066893435099228,2.255416148385465,6.478580762927077,18.87704815973065,29.076274876444973,6.020443061153011,12.237030647565769,6.978941255425141,8.049079123443024,3.286882725437602,10.486722643467541,3.1612880067357607,8.294875932660537,1.7663016437858887,17.060456915769887,3.2063399894974616,7.2238380514473315,3.0265629977901134,2.270608110029675,12.451827385207405,1.0,1.0,1.0,1.0,1.0
8,1.0,1.0,0,189.2,22.08826410381346,2.5433920447303286,6.222195422064288,22.162756271494647,27.19362114394778,6.34357949180984,12.352704815062724,7.329997554880595,9.299848116421686,3.9610419361927702,10.753747942172906,2.6069753917758307,10.467478809225826,1.9706458311333228,18.587442316571543,2.6078072181035292,9.845047356623786,3.0072982706305633,1.9929802952843028,12.153522478866293,1.0,1.0,1.0,1.0,1.0
40,1.0,1.0,0,189.2,25.71511676624382,2.276460821230237,7.519884739719475,23.769051799725265,32.67700835913089,6.718471120963374,12.25728090003714,7.2744236135095415,7.495557107879941,3.0240247304152095,7.756802364022324,3.400537830388709,9.025599985013722,2.2653591261429917,17.61504825217074,2.75136459935828,7.348560648511962,2.893915030700766,2.05154345289352,8.666646291076793,1.0,1.0,1.0,1.0,1.0
19,1.0,1.0,0,189.2,21.667981393775136,1.9731651320277253,7.605431807810706,22.262986255547663,34.60869917683596,5.24592561158001,10.09782423000728,7.169169191367006,7.912994101280333,3.7511727960566223,9.626703037919928,2.7024905579903002,8.96774389431906,2.5320429714303807,20.95566630798474,3.35910224072138,7.378848163739127,3.732134639753929,2.610601547854628,8.559198343636156,1.0,1.0,1.0,1.0,1.0
39,1.0,1.0,0,189.2,24.100310113611975,2.2006393827737365,8.571989468139003,26.050432765588543,26.698949293237224,5.38019887397675,12.908944930008836,5.980032943553582,8.901615660747122,3.6420861362296897,10.723890092805492,3.5616366087862454,7.789553948538891,2.4296920712998133,16.224995728953743,2.729374565020665,10.108426182932448,3.973864386876054,2.8306322003292146,9.292249769477383,1.0,1.0,1.0,1.0,1.0
11,1.0,1.0,0,189.2,24.18839562521822,2.50893253278789,9.07668360400317,21.578985093875694,27.220858256784524,5.852252729238295,10.990178994864264,5.444653772603968,6.678124685061509,3.440533202224608,8.999143706175563,3.2476947853687914,11.226924552505997,2.551207907327323,16.873022557447868,2.723357622644114,10.256777902805819,3.651198708852685,2.2017833519229937,9.098125920827377,1.0,1.0,1.0,1.0,1.0
3,1.0,1.0,0,189.2,20.451089690342197,2.611992213846371,8.028756283707581,23.441560206824775,25.82782726944592,4.661069071778312,10.135973716075108,7.294172038597782,7.350676804851949,3.841279121292997,7.306877580822232,2.9759356819401335,10.023783531886135,2.3236455083817584,17.84139591778178,3.763184578269575,10.135905496122948,4.085555172646855,2.0271489084103353,9.22481341028172,1.0,1.0,1.0,1.0,1.0
15,1.0,1.0,0,189.2,24.645301902876614,2.405980561926309,8.531721918561203,20.70391975499439,29.402583793739545,6.515766739487005,12.632063567446284,6.771486201516996,8.817738320756982,3.5229048209525278,9.8931589331852,3.3218552152057583,8.486452423790496,2.528534394683891,20.728530381264882,3.7293842538808697,8.505012787618712,3.990394532355398,2.0220154611895884,12.692277068304477,1.0,1.0,1.0,1.0,1.0
11,1.0,1.0,0,189.2,18.737407960520713,2.23605643257,8.864821369502662,18.27683308194963,28.742655508426513,6.20457135679283,12.081813745560428,5.66276713184513,9.495842134551722,4.165424111320105,8.608426954904862,3.795517389832132,10.910055164805676,2.2750745986396215,17.039614649825367,3.8248307504902117,9.916935710750067,4.111624679049075,2.6490656482781003,10.812732759292341,1.0,1.0,1.0,1.0,1.0
14,1.0,1.0,0,189.2,23.615394079374134,2.802435143809884,8.118120475492747,21.931048607754978,30.60838569810983,6.349795386075593,9.731944680319792,6.660951220621381,7.961531627276229,3.422311394680192,10.489464806410908,3.26902685621703,10.567546384474062,2.230956992275145,18.768566832324403,2.939300689093063,8.921570046070125,3.302380098036908,2.084512916508107,10.06982700431186,1.0,1.0,1.0,1.0,1.0
1,1.0,1.0,0,189.2,18.487381122506868,2.35753122524072,7.717151513042409,19.933291541776637,32.55906838146158,5.971565168661744,11.962867303528624,7.422027716553821,9.803883231002178,2.9196211816711957,7.725863266907599,3.1378954715887732,7.641601572549355,2.211129443140884,14.292294896043328,3.801378895263865,10.414567857124148,3.0389129865497084,2.154664504708196,9.766522973081415,1.0,1.0,1.0,1.0,1.0
38,1.0,1.0,0,189.2,19.243237435041983,2.199146879700827,8.823269631320743,24.992053995548765,35.42973637388517,5.120287541059985,10.65217054227235,5.53889869889383,8.647767399234278,2.984803941258251,8.610626601506718,3.5405423449071707,9.987199786189217,2.3243885492590555,20.943367948754826,3.7403777745252587,7.183376544775048,2.8917268946563066,2.5799437616240697,11.539815176337346,1.0,1.0,1.0,1.0,1.0
21,1.0,1.0,0,189.2,18.72549688523551,2.2027778499450252,6.857628889634128,24.945980267513878,27.293622937870577,4.996748996393639,11.383442198392611,6.157095014450878,7.277682845656101,3.09273768158899,9.869845353446733,2.863408975995857,11.271036859188948,1.9754017383435167,16.576145674549622,2.901984983060356,9.569764546882844,4.191106834966836,2.0929754208951095,10.330187453644593,1.0,1.0,1.0,1.0,1.0
37,1.0,1.0,0,189.2,22.700039779067026,2.6576607475479173,7.994964854211933,27.1881652470212,31.952678415800914,5.9684098825243055,11.43547926637139,6.325357883040045,6.785791248085983,3.870050851135881,7.899877959045677,3.478905550848729,10.044154248196172,2.478784086893109,17.783544757245753,3.682392860134354,10.130746325852247,4.037209954661935,2.6553194330607495,11.715399616700811,1.0,1.0,1.0,1.0,1.0
31,1.0,1.0,0,189.2,20.484228850635496,2.490720771454887,8.696816180075743,23.51992577876483,34.23158246640819,6.586804501304534,9.797982415877735,5.071292786134884,9.180729982617088,3.011463229199364,7.549023996747866,2.982729669965293,9.001262633627318,2.578300225978228,18.10485076213315,3.2189051091247047,10.112856201895477,3.9103129909852985,2.0021720596652774,12.260089880978704,1.0,1.0,1.0,1.0,1.0
4,1.0,1.0,0,189.2,21.875401355411185,1.9313829258835429,6.2279057464682275,19.612850673644992,26.539698539154948,5.889128073222542,12.26840460521051,6.731691877483201,9.606589002150447,3.0274835023956,10.727628627845746,3.177606910464175,8.916893751156817,2.5151384791404525,16.090085711134392,3.1229893199529037,8.588401147258338,4.149298609565005,2.611306428693078,8.77208659171897,1.0,1.0,1.0,1.0,1.0
15,1.0,1.0,0,189.2,18.667083009415748,2.5086848653794633,8.315872213866141,24.44747782225192,24.787538902581293,5.0147576440322785,10.649724771336755,5.076390752421501,6.77182640074294,3.6069501425132082,10.424604831906919,3.20602456523727,7.940541146090186,2.616253324599567,18.731814302237837,3.732720341523966,8.068574634180404,3.6652408166823314,2.8364414124769413,9.5749780387893,1.0,1.0,1.0,1.0,1.0
40,1.0,1.0,0,189.2,19.206720993734614,2.4259893438019877,8.453536363470352,22.075666981754253,34.14054250035591,5.89439689427087,9.789597462056937,6.435694079816254,9.80085257981449,3.4517982040948407,8.752681303908677,2.6982287725984424,9.334428366872052,1.8475301539959026,15.804534692064866,3.3658622005258723,7.582155287395151,2.9369297710942117,2.6698663846432233,12.486050068805552,1.0,1.0,1.0,1.0,1.0
21,1.0,1.0,0,189.2,20.618911459963893,2.7312130132527535,8.74648007168491,21.3629578017075,31.73312248245712,6.291865169083551,11.975111468948759,7.126777127143117,8.488439195926802,3.091117081827838,8.657123897438368,2.7805904786891142,10.301193896127927,2.3122277112583887,20.248559816494748,3.5633763048792417,8.107059448140642,3.348881395680602,2.8185144509420534,9.941465206490696,1.0,1.0,1.0,1.0,1.0
14,1.0,1.0,0,189.2,18.101099889200906,2.123546898259867,7.645439548366908,22.039103066967723,31.954416229223693,6.879649568270898,13.026057146995619,5.603596879957637,7.8339230756158535,3.489466965187036,9.421613545287292,3.4891272113769234,9.782650806079086,1.9249372822456259,17.562895230429117,3.4084587259912116,7.991847555679427,2.8618164513074293,2.690295572543327,9.527613340705193,1.0,1.0,1.0,1.0,1.0
28,1.0,1.0,0,189.2,22.140618393657856,2.44546399415929,7.329518466638621,24.650271538634982,33.119810079211206,4.761386608695395,12.333407220200842,7.257726334063337,8.568683278987157,3.6005616348179164,10.386724673556927,3.233214365304075,8.53966317878109,1.9339792903715756,19.859470455161855,3.5571308824755863,7.727772988189156,4.083695008821062,2.394168234570943,10.43692007355426,1.0,1.0,1.0,1.0,1.0
22,1.0,1.0,0,189.2,19.34061841936775,2.02908887203006,6.39497091615312,21.260135471915746,27.658585899739748,5.587446142051117,11.806060592924162,5.1461177021387945,6.791359962081076,3.0606501707678198,8.782669196280159,2.605716032312788,10.221965617974877,2.0492549249854224,14.97239176484293,3.4154474171671456,10.181502694202281,3.1417408194998635,1.9395251506712894,10.165512464506762,1.0,1.0,1.0,1.0,1.0
34,1.0,1.0,0,189.2,25.471346116531755,2.5194553758797196,8.186035248620984,25.384620085947216,28.63701397102077,5.751791732270473,11.201453213882797,6.5899447164536715,9.679056338093481,3.041363257415798,8.817540668261955,3.6999897942822324,8.236572520418047,2.358318606942586,14.943225904167981,3.609538510663635,8.00313535919438,4.007648850677912,2.413333860025417,8.983597369301428,1.0,1.0,1.0,1.0,1.0
30,1.0,1.0,0,189.2,20.79964985096655,1.9217731827101956,8.411487606323984,23.951539183592025,30.207913530699958,4.850995424514885,12.602484821887952,6.1256475701741255,9.702833820044177,3.931597270620027,9.918054768237901,3.4293168513042005,7.94490532741831,2.266333229979543,20.504510049095934,3.4633151167695395,8.712384456219999,3.2469712408262628,2.5778590574684395,11.251643955259485,1.0,1.0,1.0,1.0,1.0
13,1.0,1.0,0,189.2,21.395545357242803,2.5116874310983532,6.994577580379794,27.280137157214764,26.443335618353917,5.099000992074369,13.291996895504218,6.276850445094043,8.299804489217014,3.0137304389570185,8.472526593126334,2.6620521197131093,9.910840307936622,2.50794780627146,18.98069707357416,3.3912847217691393,10.091034013290878,3.0923183831407988,2.051690225997367,11.540984764962134,1.0,1.0,1.0,1.0,1.0
31,1.0,1.0,0,189.2,25.46259794506118,2.684629671040556,7.477437471090542,22.128896409124735,33.19928008761082,4.886993212489782,11.712763040129158,6.148882212966829,8.141171976142457,4.097045980961011,8.726452411003182,3.629232394229036,9.90103468180506,2.368770679036519,14.517332409295642,3.2516663517522115,7.278400919493558,3.347078246237706,2.502986043027486,12.572313138226077,1.0,1.0,1.0,1.0,1.0
3,1.0,1.0,0,189.2,18.75745737179314,2.2676459065460293,8.088073050676261,22.449721545773542,33.2771035909468,5.404624824464412,13.318719029045553,7.219731064506336,8.587605618148874,3.338580049606019,7.378077813225515,2.6550919466913534,9.492243219539798,2.3129863029865314,16.729442154504348,3.460472240800039,9.34343351486898,3.3958765579926204,2.4875691459690867,12.199479538792955,1.0,1.0,1.0,1.0,1.0
22,1.0,1.0,0,189.2,25.911345547351086,2.335691548305044,8.928169006003241,26.14368028343434,25.287288210463252,5.226755408766909,10.322751876126933,6.8901936574409115,7.135019361873941,3.0540706310709953,7.977065089839364,2.795076662687924,7.737936276594232,2.007107654394799,17.184993440564416,3.0439818707691275,8.125010644588146,3.0800109323299343,2.161572521207916,9.207526142834425,1.0,1.0,1.0,1.0,1.0
30,1.0,1.0,0,189.2,24.76489390187923,2.707649059561495,7.137396735239235,24.655260359494367,31.487029855067554,5.8041536613300275,11.299332868402239,7.219893412929632,7.248894353102173,2.824737448925036,9.590418034493679,3.270607587178544,7.9434396476826254,2.5465116896715427,19.664867855233247,3.6962704657253216,8.781518073802733,3.3571551617038216,2.319494058153523,11.90110333905815,1.0,1.0,1.0,1.0,1.0
21,1.0,1.0,0,189.2,24.586055237580883,1.9456265616594834,6.174718995284545,26.32082241623804,24.13491791537687,5.642330220251493,11.904718888112377,6.083957873549311,7.787931679799419,3.8022983037199536,7.959195229265537,3.1478325818472395,9.722206298113573,2.047789440960052,14.194841962643057,3.729650597104806,7.667274025204215,2.822100711201209,2.6433671357836235,9.795145660076493,1.0,1.0,1.0,1.0,1.0
8,1.0,1.0,0,189.2,20.675611642464315,2.342850976871623,6.279296402139765,22.66011907291954,29.404469370486062,5.713760856564721,9.876707367109987,7.153462102824881,6.856164273293724,4.1690087899486565,7.536414750718297,3.2485475886853616,10.369922853453929,1.7827152798996433,20.21373338910558,2.950747936318553,7.007262776269958,3.1617610669274865,2.5716493543763517,11.830750574656346,1.0,1.0,1.0,1.0,1.0
38,1.0,1.0,0,189.2,25.678842264884096,2.219015225328051,8.26020541335028,24.591881482312797,32.28811883676384,4.8030880275013015,13.24060766276423,5.746861185846347,8.025973469740501,3.8918670755725597,8.79012901290032,3.3289562591575463,11.254595755467278,2.5258892792069108,18.996701272875647,3.011265923310005,9.895347573039853,2.8164767614826176,2.4352287022195855,10.687369502788398,1.0,1.0,1.0,1.0,1.0
4,1.0,1.0,0,189.2,20.47197336232588,2.4772635189097056,8.794022522354659,22.421280314306575,32.874766809829154,6.408882948189598,10.250955923298756,6.006571807921714,7.086648417744637,3.505480516521705,7.513764959593296,3.5328082123172595,9.145984275171658,2.0082495677966046,18.680901576053305,3.7822859507329407,8.079428840577933,3.729606792607841,2.2311259484597876,9.5536402180243,1.0,1.0,1.0,1.0,1.0
5,1.0,1.0,0,189.2,24.55724862815087,2.5540412486524877,6.675436596530782,27.201920646339353,26.042371383094192,4.8903740471880095,13.354085386782003,6.363731748646282,9.09696775906749,4.170661856597082,10.422205559051138,3.5254876658551724,9.789779342295812,1.9133334503555268,18.0806542065309,2.5632745246159425,9.57930381967551,3.04831914837394,2.6346082810012796,8.687623331552095,1.0,1.0,1.0,1.0,1.0
32,1.0,1.0,0,189.2,19.394070872509943,2.5207285840336193,8.78149041429781,18.90004988402279,26.42250841466091,6.338810499578643,12.0046367876889,5.589910844527948,9.139720680795556,3.473988241284227,9.901067067328365,3.5770586003930362,8.648772295038315,2.2246233051510544,15.865474966402852,3.2640968864242264,7.660336853980289,3.7012302432441992,2.154138206499521,8.976396468906074,1.0,1.0,1.0,1.0,1.0
3,1.0,1.0,0,189.2,18.102697694998387,2.1373622278586533,7.39883522065875,27.298036154125377,26.808543797117384,5.719968419615771,10.463559302619853,7.2026641097647515,6.635484946503393,3.484986375159293,10.587340144987497,3.108601050830521,8.232990883645686,2.4359525159235167,18.328572707128483,3.6182602027781594,7.837372266843759,3.3257466177364035,1.932552002136286,11.97656375684694,1.0,1.0,1.0,1.0,1.0
2,1.0,1.0,0,189.2,22.69617228008251,2.806010167636863,7.862164078893135,25.02761376584637,31.264397344155253,4.645081056435077,12.552803079874703,6.5961678536338715,9.400997080529775,4.191430426124472,7.27564631393159,2.7236352555930043,9.87494461995287,2.409525940398676,14.059931371668968,3.5706936424202547,8.226447393529769,2.953962499521555,2.8394496250539336,11.746475957959557,1.0,1.0,1.0,1.0,1.0
25,1.0,1.0,0,189.2,20.069661537136913,2.513953762135179,7.686476173966611,20.811376841006552,34.79910426461278,4.6665927919435255,11.912080329997007,6.473145211907142,8.711831248846517,3.8880868984671713,9.449638517424793,3.5079721199927456,11.265233298539412,2.5582222209515235,18.287140116953072,3.5916775415512117,8.847437113571372,4.012835864728416,2.8477167228707194,11.514657949925288,1.0,1.0,1.0,1.0,1.0
27,1.0,1.0,0,189.2,17.58366076668552,2.5126754811084226,7.961607465892973,26.39008999239964,25.983808090221153,5.58438531819171,10.674543107111363,6.570492147269993,9.33607603054684,3.986637953090449,10.439128435426959,2.719336591215144,10.80920801989039,1.9246478759406782,17.988702381265572,2.7710299349288965,8.699871762031826,3.6050569451181804,2.104422071229926,11.195771536625399,1.0,1.0,1.0,1.0,1.0
28,1.0,1.0,0,189.2,22.773302726761674,2.611568169782232,6.52665481514864,24.93392793794497,28.505987302981566,4.864461123958028,10.51267332896521,5.461889348698118,6.562184120368915,3.037579455678909,10.151512021830163,3.1956665063173904,9.393115645690663,2.122915539642157,18.455300354914705,3.733096575793201,8.721001078827946,3.373274393589204,2.3522142296055506,9.527164149483063,1.0,1.0,1.0,1.0,1.0
0,1.0,1.0,0,189.2,21.063241035655814,2.7706065918177805,6.925169738659981,26.800241311121734,24.4854397956373,5.096099385224676,13.234590667536562,7.1411274227909995,6.683832332539028,3.181787499553481,8.52641088400729,3.824689348167391,8.723052032086542,2.521133634937177,14.442739202890337,2.6244192262861423,7.707794738055815,4.011314084725525,2.6516438720553004,11.19558181609658,1.0,1.0,1.0,1.0,1.0
14,1.0,1.0,0,189.2,17.717733079446234,2.5816723358473634,8.408056818664216,26.981811366497162,31.6961878462791,5.888880449332557,10.274637408563443,6.497097885401241,6.973828973799405,3.5836228274057964,7.543134253184405,2.8032258665034107,10.984218431460302,2.0794516503104075,15.216392290438181,3.5795200380356444,8.9560034053571,2.9801610225357287,2.48242275655289,9.081030868996141,1.0,1.0,1.0,1.0,1.0
37,1.0,1.0,0,189.2,23.053062062507582,2.491950334043492,6.6213935663213865,26.843242505995544,33.20499863194393,4.94236086809941,9.185319908080569,6.752395114268409,7.322515408517568,3.0188123857285003,10.44160584955103,2.708563677799031,8.97198544647065,2.0256801845871655,20.124571948455532,2.7158121581742045,10.250933740431739,4.044164931330182,2.817279949238658,10.691808145339722,1.0,1.0,1.0,1.0,1.0
12,1.0,1.0,0,189.2,24.917911799871128,2.4977236407908237,7.492205525087349,20.084972482766407,33.7737334139487,6.802209389416068,11.670794805176008,5.064153773439016,7.731877872595624,4.068630077750514,9.60640145675553,3.6067579892633925,9.87227509946206,2.6316083585702965,19.531085361523044,2.628654232873479,7.712273076097028,4.179007419604045,1.928589294372118,11.200849938540218,1.0,1.0,1.0,1.0,1.0
29,1.0,1.0,0,189.2,20.57983303864083,2.281088492511246,6.549883283116359,27.23155849723633,29.304397737857634,5.0946982754152375,13.039110210539246,5.45397066522401,8.119792924284662,3.944455603629525,10.739213775074479,3.383742425382348,8.184162072411901,2.3065575830162257,18.435044668917634,2.7932871323084516,9.845903722481674,2.9642043826490054,1.9273618769499463,10.072623915055692,1.0,1.0,1.0,1.0,1.0
11,1.0,1.0,0,189.2,24.586008753481757,1.9625174576191702,8.849442831681163,21.708932016603633,31.075357222221584,5.624052849855524,11.568151645315536,5.394563283496835,9.268663639918653,2.890110712655034,10.206928387960042,3.79568032941107,10.576645966969627,1.7618707360001062,18.780290280186804,2.621506731577636,9.102726329898855,3.228961968030343,2.6246800693394996,11.876140446278093,1.0,1.0,1.0,1.0,1.0
13,1.0,1.0,0,189.2,22.739873621829016,2.7136317408151576,8.671672984013398,25.08864853205917,29.82437568615364,5.341372414098648,9.24752764313082,6.264023223791077,7.938466597584189,3.9724221501749644,9.70367401019118,3.715984320407147,8.444715853508765,2.38771670709958,18.20302010704294,2.5917480406917766,8.359453680718664,3.3533531185475107,2.273064305871079,10.091931825377955,1.0,1.0,1.0,1.0,1.0
8,1.0,1.0,0,189.2,22.23613775834786,2.1855206090230603,7.397519596564275,23.662310527680162,26.5472863901647,6.058968626365996,9.864851514369303,6.062888412041244,7.874795816417939,3.0716969270836545,7.911564309827093,2.6399694590456098,7.7751368427051295,1.7831551482107564,14.863163967923708,2.942938462120978,7.353053258636634,3.546783854894411,2.7227190840539732,11.441283530802387,1.0,1.0,1.0,1.0,1.0
26,1.0,1.0,0,189.2,20.83944596006962,1.9381854542114305,7.1241562517519865,21.210618699666327,24.41551093546097,5.422729076100513,8.966904191557399,6.502704606074595,7.326707229934194,2.820628155558323,9.38132707558626,2.6611256539030954,10.4110505608868,2.0202291253533846,19.369310622619572,2.8791990179596585,7.538441015247222,3.0494838075710806,2.3131788250649157,10.181336349152586,1.0,1.0,1.0,1.0,1.0
23,1.0,1.0,0,189.2,22.31023372282858,1.959887557290105,8.108187689420234,18.944575520622383,25.74406547305452,5.7554600178089705,12.389365662213061,7.031113842352017,9.540336152222459,3.721984890628968,7.772547917090926,2.7540431078291836,9.409761982975207,1.828530271850828,19.38147684409003,2.683862715108231,8.300536824968662,3.774425555014228,2.576156550840819,12.58130163839256,1.0,1.0,1.0,1.0,1.0
3,1.0,1.0,0,189.2,19.464577754928275,2.1042076350934535,6.161969311029628,26.38141522623147,28.680653292075128,6.607725736685098,9.352120389641454,5.853226472146984,9.533039411739104,3.022885669236186,9.050414541124589,2.8950119753636803,10.184004117706028,2.547831765662153,17.558640114890203,2.773637857082498,10.308777871472747,3.3484674468378035,2.2305952913985023,11.53349395521712,1.0,1.0,1.0,1.0,1.0
40,1.0,1.0,0,189.2,19.99072052881087,2.8516654781065514,8.529812453358959,19.542411436667123,33.12826990172258,6.026724338013957,9.99204221421241,6.749195395388016,8.746301678909187,3.03970331250724,9.81005624599364,2.5872344376653356,8.133927864607438,2.2454829538175436,18.60521286478401,2.7190542993064812,10.097129358507845,3.409256443930249,2.1642927720132215,9.035504638123774,1.0,1.0,1.0,1.0,1.0
26,1.0,1.0,0,189.2,21.226540625509326,2.3159242941204967,7.427160298227766,24.943575203272538,25.13897099689017,6.4395855911111095,12.8662164586695,7.354166574624592,6.9974535720491415,3.168170492290338,7.384457153137484,2.820985543190604,9.361726569108844,2.1324035914031305,19.762152500638592,3.126824409271652,9.631755367632307,3.3641229972974296,2.126303717017197,11.85208162810783,1.0,1.0,1.0,1.0,1.0
2,1.0,1.0,0,189.2,17.552720403811495,2.1224184887946937,6.206742922258861,18.964120141346694,32.02487744095721,5.371636001629556,10.90226755342977,5.642476886422794,7.526695451954833,3.050324866203491,7.224211014058714,3.3287214570528976,10.37394645559321,2.1839966588638293,20.929451762024385,3.1919970714780757,9.857554784659383,3.2044052472787303,2.03257520321084,9.162777398811166,1.0,1.0,1.0,1.0,1.0
22,1.0,1.0,0,189.2,23.331563551982715,2.597987526170528,7.239345621793071,26.19571759805469,30.145572083772333,6.153460794223408,10.10478597370481,5.496223999406377,8.958036418635572,3.876606181407623,8.286122216987483,3.10333092967458,11.053624845203226,2.4572054761507465,18.31620018475483,3.2566435820575133,9.819378357055704,3.212601087785656,2.436982032420546,12.183175031942172,1.0,1.0,1.0,1.0,1.0
28,1.0,1.0,0,189.2,20.548747350004298,2.0357007047740927,9.076991209641076,18.78745455707374,29.26984709808958,4.833554499891433,12.42885640533041,6.1804644278242415,9.509585024050395,3.422954661248268,9.287640237195692,3.700957211832377,9.530245469958833,2.5806079546943876,18.351548291667754,2.8193977471035696,9.094510797491195,3.824961352306323,2.112873247896675,9.476832510409887,1.0,1.0,1.0,1.0,1.0
31,1.0,1.0,0,189.2,23.45291953930525,2.3113144816803763,6.10138302044286,18.410086116880265,26.42460787765687,6.139155182338529,11.70995627305512,6.8905326923418935,7.215301692238801,4.156787241292863,8.79955569448615,3.616822927200766,10.47308777157144,2.2898184697925865,15.417233238916085,3.776445335380261,8.116073983265906,3.3074852136831336,2.774824793430501,8.93417720873801,1.0,1.0,1.0,1.0,1.0
22,1.0,1.0,0,189.2,25.582652093262674,2.83708194931516,7.035138950481652,21.7728629729031,34.71949368892077,6.235267640326837,10.130310572237223,7.4251769698253245,6.834483507054931,3.29279937330537,8.956643842296659,3.0344740965040256,9.733378719942976,1.945016907825306,18.807525404860968,2.9965414107849946,7.2270253943959695,3.6979492590915854,2.3164299828639403,10.15087379170118,1.0,1.0,1.0,1.0,1.0
3,1.0,1.0,0,189.2,22.91784827649166,2.091461304035825,7.602178155890953,18.336743132537933,27.73016518507003,5.0493135739102835,11.34908253682533,5.640073426714083,8.946032135593331,3.785083724561341,9.18744587815224,3.1543664624860464,8.552281331554752,2.605764696453585,20.4155545832179,2.9246113215904064,7.9219588650981,4.150180888330918,2.5903221854711536,9.933344225237045,1.0,1.0,1.0,1.0,1.0
6,1.0,1.0,0,189.2,22.331149120555658,2.1497603133762087,9.087390603290997,24.597705122355038,25.99323517606319,5.702611768624208,10.568630572382336,5.103605167418883,9.741520011789214,3.286707230731266,10.152102288507237,3.6660858577239797,11.19668487219663,2.1518647456791435,18.157127446741722,2.613457458889132,9.6257797018932,3.2214494686266746,2.1632438925267916,11.344124131290872,1.0,1.0,1.0,1.0,1.0
2,1.0,1.0,0,189.2,21.894881483718503,2.252441604385359,7.698195411746003,23.80670416500233,30.48241062402751,5.892577072390653,12.333437961272683,6.270382269166011,7.160321476835788,3.9388368126087903,8.72912671667914,3.1532721728335993,9.966068211624998,2.2310420311270427,15.206010740677499,3.6991336207138277,9.011412441420868,2.828642260410751,2.819311182281348,10.576276134061475,1.0,1.0,1.0,1.0,1.0
12,1.0,1.0,0,189.2,21.59982471071364,2.4532146656790625,9.021818184384756,23.2831110039519,30.270708680420316,6.795797171562608,12.061283643185563,6.03058870760262,7.04188582559616,3.294533322045859,9.889439006231608,2.971914650542992,10.372900338990982,2.5237198791471345,15.894699301438683,3.065588630600178,7.3037863717625955,3.803841523251178,2.5324215615541568,11.869972967265456,1.0,1.0,1.0,1.0,1.0
4,1.0,1.0,0,189.2,24.213119646387597,2.824184869185494,7.224665558972061,25.7523624708927,32.98422925962673,6.488476062941624,10.825183335888202,5.93301974248501,9.034084333176482,4.14329309686187,9.882430159767079,3.5839318242055365,9.26086310494507,1.8007468093405072,20.523754100444386,3.769596478150247,10.05175352930957,3.1183621237813073,2.6458113183475302,10.727035046233873,1.0,1.0,1.0,1.0,1.0
2,1.0,1.0,0,189.2,20.97144548687689,2.3896923930428264,6.301240268881877,20.083794168058322,34.75163370541206,5.947290115922143,12.410159231604194,5.911423944123966,6.602385715689669,3.9075898006799914,8.179444619480245,3.6680667187083476,10.932094960647152,2.3406758332087305,19.522115521436923,3.75776683865546,10.300633288698705,4.059303225698494,2.5590293331987555,9.567395693431422,1.0,1.0,1.0,1.0,1.0
5,1.0,1.0,0,189.2,22.577759947047756,2.3467355019209664,6.3025697827611245,25.386251748312915,27.09997279391507,5.835141790986226,11.450010626985595,7.107631605719213,7.771109333938092,3.044522988011745,7.388353385020263,3.4736249654476348,7.725330153125299,2.2523267117772297,17.794904279041493,2.5626048244058865,9.49605460350683,2.830441943646205,1.9560832473970913,12.599797297434302,1.0,1.0,1.0,1.0,1.0
14,1.0,1.0,0,189.2,21.60045423570851,2.0762416466050073,8.044277268754579,18.95530736372477,30.5406315736402,5.863879289138974,11.55854143848514,6.671721720574646,7.326969512666286,3.5927703872761265,8.906167689413403,3.010369631308821,9.995335305681706,2.149327471725913,17.800429622870922,3.3527636930171982,9.06072799824142,4.008290167395271,2.3258018653068473,8.967229527340638,1.0,1.0,1.0,1.0,1.0
12,1.0,1.0,0,189.2,23.569208162069668,2.4280736999367227,6.943601661159492,20.309680388818414,27.94751746360504,6.025659048094322,11.55963203897575,7.137155017400193,8.04717679875417,3.963998059972212,9.550485449547379,2.633651649614466,8.370989862906088,2.1002890215968204,19.07398883380906,3.3294311434628696,9.647001434435841,3.593403219076323,2.780150734973549,11.047322045710953,1.0,1.0,1.0,1.0,1.0
39,1.0,1.0,0,189.2,17.684155962288877,2.357276087675291,7.827325540517756,25.33376700324265,32.51078735965233,6.311028998322774,9.198014858178913,5.815660261748413,8.675915546925602,4.123596829967494,7.20498367774352,3.7704420342809843,10.295625434587842,2.3572608451677013,18.84839911604096,2.6363227505170306,7.660178280442036,2.993852551363955,2.826093715238651,9.511941100190882,1.0,1.0,1.0,1.0,1.0
1,1.0,1.0,0,189.2,25.220169679065204,2.702605670512773,8.559259745225855,19.46648735244083,35.08540316888952,5.808260604177631,11.22982551821999,6.027377266131332,8.330405158042971,3.1865319723173635,8.204801191328402,3.495326678227813,8.602322220415363,2.300834944887231,15.791866007216504,3.6795584933485332,9.775955282165096,3.1174674552944937,2.3408814837199627,10.893362700375038,1.0,1.0,1.0,1.0,1.0
5,1.0,1.0,0,189.2,18.458776849158195,1.9642186483638495,6.743545080946454,20.735265589958356,31.07633362917516,5.167816304244552,12.000617892273478,7.329393164791992,9.135062931899482,3.731279817803943,8.468607514710524,2.8256901562861145,11.154489644372127,2.029529137169619,18.529716419312933,2.6676191337827784,7.836286672975956,3.256397824673286,2.1974976040040537,12.494611852062766,1.0,1.0,1.0,1.0,1.0
30,1.0,1.0,0,189.2,25.786883963303378,2.8565907588920583,8.285364280526965,20.548676382384926,30.81816329817767,6.558514858200391,9.057821317838235,5.164440090873571,6.624948204732133,3.033162354756049,9.292245103974969,3.1489106199816335,11.163239132282802,2.2018237003602774,18.951711646051013,3.215860884466185,8.003532922384899,4.0146723210026405,2.0282008381099352,9.429067843065996,1.0,1.0,1.0,1.0,1.0
2,1.0,1.0,0,189.2,21.09958145373246,2.139375283088063,6.580677918110087,19.987135832328402,33.82409188899052,4.760678591917326,13.119445478437871,6.61986223639235,7.8596462243049405,4.107583488376593,9.702092255915453,3.6778805312673195,8.340920686500166,2.44468239166409,17.920365657575324,3.446390429412921,9.443168878294333,3.002491503268431,2.0730251072829478,11.460863016391801,1.0,1.0,1.0,1.0,1.0
35,1.0,1.0,0,189.2,18.952683889047425,2.7078796850857874,6.995589027916004,25.111130420050088,33.07821926078049,5.7185290863147324,12.239337314829376,6.670358262581326,8.044755643916414,3.0054963428465045,8.114901785700567,2.8623504883634685,7.636743455242422,2.362072415990356,20.58502549778997,3.7347634095507063,7.211666880033726,3.349410732390658,2.362763556415164,9.496626876836329,1.0,1.0,1.0,1.0,1.0
2,1.0,1.0,0,189.2,17.482022699482343,2.0636842887926625,8.274996977564369,26.954728576703268,35.25409606654747,6.25000849113203,10.488963216033852,5.703085200048669,8.81019379801657,3.731882707251086,8.445155207323829,3.545517688716463,9.133880976977874,1.896528112609398,15.086736927403381,3.210394814684574,9.1899514722381,2.9861810480883375,2.321454178725648,12.026302697403414,1.0,1.0,1.0,1.0,1.0
0,1.0,1.0,0,189.2,17.884983208754356,2.7924338837864195,6.159829959945848,25.595535228683737,28.7121740096299,6.142277384610614,9.46807445980726,5.0822433902792294,7.33404089044606,2.9011295344074317,8.297747149124023,2.5950310320753527,9.499271075568354,2.3105975087535153,19.667137691667126,3.681412945416461,7.946567408028048,3.4052415485361753,2.2104202778455226,8.743841547889826,1.0,1.0,1.0,1.0,1.0
11,1.0,1.0,0,189.2,25.450296323726924,2.586873818470194,6.1502099401864045,22.676391692534622,24.54716955816974,6.357458579490866,11.191051707266263,5.472821898208534,8.875351310665831,2.8364318155606565,10.035521122693885,2.8537218991151407,10.004005733972088,2.5201428356677353,15.250974482647262,3.839715771338574,9.091006293814146,3.160918671715163,2.3886544058098274,10.50780594878651,1.0,1.0,1.0,1.0,1.0
8,1.0,1.0,0,189.2,24.053102551006063,1.967871480080469,6.772504277751839,23.803394726052563,30.233108444588865,5.27046219246149,9.867360896359529,7.155174243134647,6.6419708076704875,3.6735099071190844,8.496728549346841,3.0044687451569327,11.386603617603427,1.8174306709702226,15.685323438640777,2.5674823524272696,7.623645323907187,3.5080427029890746,2.8711857978983946,8.512808610144813,1.0,1.0,1.0,1.0,1.0
13,1.0,1.0,0,189.2,17.5149047712806,2.770310606259365,7.46406147873951,22.58831122553722,31.733118922400664,4.717711390776567,10.699121489449196,5.798415487207419,9.715368802676856,3.369994908419689,9.018549373820708,3.7947062775254086,7.774713501512007,2.4195768694806667,18.468031813981494,3.121682766405083,9.98260841990354,3.767158394865983,2.394894326763509,10.244747713660571,1.0,1.0,1.0,1.0,1.0
29,1.0,1.0,0,189.2,24.634624642674,2.1254820883905032,8.360497360000155,22.74786246454991,26.90815518442672,5.852840969577922,9.262552949769411,7.410666230350271,9.210314855876168,3.4975384615494476,9.01161482577403,2.6809315239676614,8.261431187901717,2.304091165646006,14.10866531977811,2.8287348240729973,8.339134544430179,3.314015554384503,2.7043081831134135,10.109554232423516,1.0,1.0,1.0,1.0,1.0
38,1.0,1.0,0,189.2,20.508407666534932,2.7298962907957187,7.3141574442806085,24.346049852564846,28.646967094710558,6.765526959499768,12.732291913191036,6.751515878423465,7.92044264899203,3.8852390356493056,9.063815009909892,3.1707802984532627,10.740698083380833,1.9283330600795299,14.221560473628884,2.811649314077872,9.855268525743947,3.0113340571309095,2.4950074043570623,11.749963443823454,1.0,1.0,1.0,1.0,1.0
36,1.0,1.0,0,189.2,21.589298009918284,2.764445383699138,6.52674478458692,25.77924380719202,32.42092597300193,6.728710676698292,13.343230635557767,6.160262149956261,6.857424105537061,4.023173420467943,9.766358117903314,3.5880464373632552,10.545445756607082,1.7997747406377274,16.10710088915086,2.841562493215123,7.199243768360766,4.176628734396967,2.409168703458332,9.398106749728484,1.0,1.0,1.0,1.0,1.0
12,1.0,1.0,0,189.2,21.807086349893193,2.716942720044812,8.548599676375801,18.672901260909377,30.996996010120775,6.470454214008621,9.440576677308169,7.147189426740577,7.252180958172084,4.0879655571804445,10.156880767103061,2.92194006450678,7.789692613416694,2.0332022478047063,19.072730759727182,2.560073242708047,7.95681474312472,3.4389713370253987,2.814925926138806,11.06782933161606,1.0,1.0,1.0,1.0,1.0
13,1.0,1.0,0,189.2,20.119187743778316,2.4396246972030444,7.23767322312371,22.108961538489297,31.537532438322682,5.9298952320893905,12.946337488098484,5.129030805127833,7.641426389009149,4.192424909700091,9.82287801021506,3.5993733043313796,10.568002645791934,2.3444293468940773,20.189630015333563,2.98738417350583,9.544150416102758,3.5100786303093745,2.138441144866069,10.18056699877412,1.0,1.0,1.0,1.0,1.0
3,1.0,1.0,0,189.2,19.17067268146719,2.361367853220369,8.442883031742426,21.50377574643371,27.03099546574388,5.301900679132952,13.19534299894926,5.121434573238442,7.574461485201407,3.0550822001570572,8.04114440185535,3.092947149283091,11.086212569964943,2.3053929420472263,16.85860858751246,3.1698075511806083,10.41420147387078,2.864986141489085,2.111255693187342,10.66803433812075,1.0,1.0,1.0,1.0,1.0
35,1.0,1.0,0,189.2,24.501579381542054,2.3706897307766863,6.391431587546887,26.43538912853531,34.997526014535765,5.151559718287589,11.288280243939221,7.373414261005694,7.3597212221826815,3.5750052291596024,8.174499069182387,2.6933735413242714,9.9426227724272,2.1330887172930773,15.169215423281347,2.7921821401501834,7.544774445671099,2.9500382667560143,2.5256459340099835,9.728168964736064,1.0,1.0,1.0,1.0,1.0
7,1.0,1.0,0,189.2,18.983534879475364,2.138646866484084,7.665799647172814,19.22791417242086,31.10196259160911,6.590800926172056,13.244026198547548,6.04061636812096,7.271292792075099,4.095104188911407,7.5688246777058295,2.7707303291031566,9.037665538138063,2.0162203835821346,16.37009197005955,2.882046174129394,7.434718083530778,4.048783828977447,2.7652906225889597,9.924094933880967,1.0,1.0,1.0,1.0,1.0
16,1.0,1.0,0,189.2,19.74834343447021,2.693866155863277,8.799274424088557,22.243510631666965,28.32134137862232,5.404543567387136,11.329698491215677,5.820805297151529,8.61353671195993,2.964547026028526,8.369013397439662,3.1396138441737733,8.02208645093062,2.6099665007280213,16.026818321898226,2.782129239020364,9.419629723350791,3.7657657661916923,2.1555366370898064,10.105519556837423,1.0,1.0,1.0,1.0,1.0
31,1.0,1.0,0,189.2,20.071523699874888,2.77951441355667,8.191323068120683,22.962496223266005,30.146169124212086,5.002039142485567,10.529298629197434,5.267289057100521,7.240354113810922,2.8867234154168266,10.7114353059035,2.871711700926425,8.702882751720573,2.1583381815639333,15.425342099624176,3.6841391435287494,10.092099750296756,4.024253330222459,2.137658255713784,12.678495536450452,1.0,1.0,1.0,1.0,1.0
29,1.0,1.0,0,189.2,20.655371469397867,1.9645411708142744,8.066818806919237,22.025165862272686,31.249493923801015,5.141744729865691,9.09116964558245,5.040552556019811,8.210037317124,2.947283989679147,9.332094886215904,3.5628229187996965,8.585756077729886,2.4000203616400584,20.496309176967586,3.5804906792665414,8.973091219083642,3.7367710868766424,2.716528859617647,11.099442002003775,1.0,1.0,1.0,1.0,1.0
37,1.0,1.0,0,189.2,23.483576077821965,2.491129772311942,6.328207821757272,18.982116321086025,25.019799321143058,6.034287572376304,9.521930613615876,6.041904794063853,8.592544288287081,3.2703697415613298,9.410469087218523,3.029490870374002,8.020720596858597,2.4327887851524514,18.563687784078343,3.7090544998223893,7.810966405842606,3.4313915255915797,2.0767930305170186,12.469954014674146,1.0,1.0,1.0,1.0,1.0
32,1.0,1.0,0,189.2,18.782118182108327,2.382449794480648,7.614858128776788,26.0300910910871,35.11963524237496,5.379250967100172,12.137596631929293,6.432368645307388,7.173933932110162,3.7644665203083094,9.903349413274395,2.9781653017168983,10.69861964715819,2.0493113134797767,19.515880519851624,2.808502927225774,8.234619919758995,3.106341400562174,2.5593040310958712,9.4743372056039,1.0,1.0,1.0,1.0,1.0
15,1.0,1.0,0,189.2,23.075888874013366,2.6007607160601567,6.612711735367193,21.48389713673921,32.611945925038334,5.419499678655246,9.196849019217726,5.3638053063855455,8.62041614125206,3.8013805694679497,10.247976555891853,3.3936820960776473,9.153524890674126,1.9718810404746843,18.231210089824604,3.61352195460199,9.069146953871368,3.781588800728468,2.0226717257854876,11.70320416393752,1.0,1.0,1.0,1.0,1.0
28,1.0,1.0,0,189.2,19.763242895777523,2.013115605953116,8.826296290569273,26.8838420626409,27.16128307660567,5.453987500808884,10.950720195941116,5.115270357386344,6.598342208826162,4.143313712787778,9.353879923886401,3.6523558606763338,9.385572920726226,2.2880495997527293,16.10892949530251,3.4723967739647486,8.367375602684819,3.9470051131240975,2.750251078647516,10.841989615290647,1.0,1.0,1.0,1.0,1.0
22,1.0,1.0,0,189.2,24.857010265275388,2.2595122002203367,6.731214510853773,27.2687462182258,27.64348759425264,6.895900551322209,12.056466602711087,7.299365718564567,7.03695448451381,2.995210372737577,9.153399194106893,3.831566584359096,8.23861602715118,2.1601758910198874,15.694311812839203,2.698867704692684,8.389062497178868,3.5246872901892563,2.605479793227108,8.82108262544687,1.0,1.0,1.0,1.0,1.0
37,1.0,1.0,0,189.2,19.43460599205618,2.613188515389836,6.969570075505611,23.80788795787845,28.512630218355962,6.208409476707266,10.337864767700546,5.360678288585422,7.2186641110376195,2.9263916654151854,9.14307263802663,3.7341316770122432,11.029275233003546,1.9354332640516643,15.818123996697004,3.5309850374356433,7.405905577043672,2.9118274497724377,2.7483901103799657,11.551798579419088,1.0,1.0,1.0,1.0,1.0
2,1.0,1.0,0,189.2,24.411552907445977,2.1374174760396447,8.526857280640863,26.687707967076587,24.775671442603283,5.401916520933261,12.507538482039596,5.916303237294762,9.77635552763432,3.0422460537761995,7.77689338472184,3.2439053008754266,8.501945769712373,1.9787923751740337,16.42634580798728,3.767406985932196,7.281310086510916,3.232303345297124,2.500973291004564,11.597925256256469,1.0,1.0,1.0,1.0,1.0
26,1.0,1.0,0,189.2,25.315856911633055,2.6947434265123,8.856251424622958,22.63073222760518,32.23021764450953,5.480087077335593,13.158523548253566,6.940990882794988,7.917336353554815,3.191304894989237,10.307891376997027,2.8936948422992117,9.385348811703706,2.162687851551156,18.181801632825255,3.0080340397324026,7.9424481214073595,3.1019725698477054,2.0253344182351527,11.159952077920702,1.0,1.0,1.0,1.0,1.0
7,1.0,1.0,0,189.2,19.86713927396007,2.6297199094158485,8.235195552691355,24.57561962242487,33.465302601552,5.237207783587053,10.27709912875641,6.439692590784503,7.194547063161461,4.160796623774513,9.182094347694688,3.1171932842196117,10.125325703472836,2.1016644624106555,15.156788214931666,2.656951967472815,8.379850597562415,3.1768256986179946,2.4237833548673344,11.98972940287197,1.0,1.0,1.0,1.0,1.0
32,1.0,1.0,0,189.2,24.429276130714275,2.606073868658961,6.59422769587239,20.122335834656965,24.234567383338586,6.575246063040553,11.266987799650272,6.7100272747457925,8.064950596164058,4.113232991267593,8.882154581594637,3.1805786403488066,8.693822920645765,2.3155738264629218,16.852095002416657,2.937625181690125,9.402874319212158,2.959155178135685,2.4284742239292476,10.267797467906247,1.0,1.0,1.0,1.0,1.0
8,1.0,1.0,0,189.2,19.394106489584193,2.167885525609487,6.918901441718198,21.87128316269495,34.618234830391074,6.566101114341862,10.040968365011276,7.089432244809979,7.576890834769199,3.89381774257142,8.286165791010673,3.1195159826520835,8.239757442225722,1.8409620893711736,14.611033411116416,3.107641756810086,8.85987271886596,4.022186452765709,2.578620446007252,9.773254297560143,1.0,1.0,1.0,1.0,1.0
34,1.0,1.0,0,189.2,23.224155160105287,2.6780088725425903,8.011878229148055,24.48315095321681,31.279051836502422,5.62016073770608,11.220308276648433,7.3105380812425445,8.925996573237914,3.1548027530699465,8.694061087050224,2.803335599777883,9.854646113861099,2.586834315295166,14.840494766095789,3.5033802081175835,9.389898760623014,4.011157400806766,2.7483103186894806,11.013646790284307,1.0,1.0,1.0,1.0,1.0
32,1.0,1.0,0,189.2,20.755975417799423,2.859669496206219,8.801820007500519,24.199931635597004,31.44193705528798,5.3428946859577,10.062737386578561,7.278501171510208,8.396762182776827,2.8983734983281675,8.949521309717166,2.7774070606278727,9.730130701626452,2.6261177179816917,17.93983451818335,2.6364017698091327,10.00358752303613,4.160327547941654,2.7544152144217198,9.615526886523117,1.0,1.0,1.0,1.0,1.0
27,1.0,1.0,0,189.2,23.985105274778117,2.3442022475320856,8.944282791363776,22.804389900790845,26.561051813726976,5.854866291515796,9.40497306122699,7.215441184257329,9.581474996300049,3.863944863336547,8.564119204039178,2.8804861996978985,9.152068505082976,1.844558578877319,16.491286207317565,3.6246595511138935,8.404662599821798,3.735759342056469,2.4477121611939068,9.955951610339811,1.0,1.0,1.0,1.0,1.0
30,1.0,1.0,0,189.2,21.14136636711389,2.084145320007004,8.715294969220155,24.00811171097984,31.31865501148114,6.501642064545016,12.356363026807031,5.0976755669961875,9.007379777092218,3.8992884111537394,8.053592796222047,2.992302593417204,10.533260819614842,2.4401635619890367,15.596001003759536,3.788179279620117,8.328125541296787,3.1705733034496797,2.4651104613708603,11.953749114566742,1.0,1.0,1.0,1.0,1.0
36,1.0,1.0,0,189.2,24.58336906942238,2.8182840558994835,8.867011234770448,23.8899128091661,35.00517678002488,4.811015731977872,11.094275861759362,6.483383921745681,8.036156602148157,3.4793324189553356,7.904675074114127,3.0539034851800753,9.107364155435183,2.2930536344169834,18.632146055378374,3.27176800898747,7.918258108397634,3.3841617735583687,2.285094783421618,9.861921072181039,1.0,1.0,1.0,1.0,1.0
13,1.0,1.0,0,189.2,20.51987627027725,2.534251656608178,8.206758250255099,18.904050470558225,29.74399844959425,6.595515154781678,12.117186857198304,6.387229102607845,8.185441545819293,4.139195413234834,8.672830404585262,3.581509717935553,9.382614211625965,1.8250742947542553,16.83798535602669,3.4571143582006045,9.05742418156729,3.8794077219552356,2.0817379075262514,8.91179920644861,1.0,1.0,1.0,1.0,1.0
36,1.0,1.0,0,189.2,21.356281502183588,2.459933358369924,8.123897486233252,25.174598607937693,27.30212316015497,5.257915876753004,11.511911578837955,4.961456526121166,7.36361891979503,4.184766968722334,7.9919776426204105,3.8063828055843523,10.694835458620789,1.7675587426286334,14.071956911232911,3.359281503250717,10.243135699714268,3.771709724979955,2.2397357888417053,8.492537229221265,1.0,1.0,1.0,1.0,1.0
28,1.0,1.0,0,189.2,20.607788005887606,1.9598478321154431,6.91684653793255,24.668085771920875,29.01543496576233,6.194601848492393,9.543040485093384,6.102970446468137,8.857842108290136,3.3503589485241063,10.076309659041732,2.5633218649736236,7.812162353650916,2.118898100084252,18.352037787951343,2.7532619720516944,8.414020952810969,3.0292164390933642,1.925378516797684,9.979150286211688,1.0,1.0,1.0,1.0,1.0
19,1.0,1.0,0,189.2,25.74541416399049,2.0598208288890985,8.75088729831319,18.484720504499677,35.79660989350978,6.748557432382675,11.514361929162805,4.966402649954176,7.898781979934825,4.183760074532007,9.874576170809654,2.624149236623688,9.072775745287307,2.2397149790259254,14.827619328628069,2.8276185800335893,8.365595243813056,3.8473965789822624,2.758785885711915,9.274149622031619,1.0,1.0,1.0,1.0,1.0
18,1.0,1.0,0,189.2,18.95026958307727,2.8238298136070656,6.6373831155764975,25.81934763681358,28.44526894088754,6.958845549092113,13.3713595357793,5.249740967849429,8.034990973410881,3.445948463669029,8.448577827396047,2.7761432111732485,8.847761990048214,2.3353515610946567,14.54552633768873,2.9810435664156034,8.044956718135296,4.176446821701807,2.5965341020632557,8.922073951111736,1.0,1.0,1.0,1.0,1.0
28,1.0,1.0,0,189.2,25.224679760301584,2.7961930566013735,7.462533467727368,20.124685264762206,24.12589366242365,5.234727914327035,11.624557707112665,5.082541967015661,7.5064842412326245,4.003257209669146,8.396600880762724,3.110164642375059,8.012589123865872,2.1144552845101714,19.961091012804385,3.2104540002919557,8.137176028775915,2.9750401451832365,2.127608217043211,10.98807691142533,1.0,1.0,1.0,1.0,1.0
36,1.0,1.0,0,189.2,23.691436600278855,2.837401408912002,7.005256114755993,26.977938660784236,35.77223105366471,6.378603370963797,10.228681097944495,7.263772919532622,9.042114122427554,3.0842278784608226,9.208593681053856,2.7187012108379083,10.752120210796738,2.1904226747545614,15.506263590348512,3.200818243132007,7.614580910245272,3.9125849689756897,2.701418246672791,10.168808490675666,1.0,1.0,1.0,1.0,1.0
32,1.0,1.0,0,189.2,23.834835921013525,2.685930728634716,8.85294299171313,18.446963745051654,32.29018204276992,6.455424760454845,12.073905363777527,7.001951368101469,9.078288744479371,3.680014377230817,8.722186614956472,3.233729588059804,9.541921837525763,2.4477997762571757,15.536143464405392,3.3018926781259204,10.289092382408462,3.3735144614271095,2.167951623931623,9.161143256471682,1.0,1.0,1.0,1.0,1.0
23,1.0,1.0,0,189.2,23.62286353509973,2.3008251273921823,8.948844201237485,20.02253972021039,30.7354759821817,4.9593281934384175,9.25246999706438,6.223103677472238,9.462425150815491,3.365089129509455,9.356325718192064,2.640729308575601,11.36712145447528,2.5286692500834267,14.15217132680632,3.40660267695114,7.606248326070114,3.5242394796863445,2.6906664332256685,10.536374528983394,1.0,1.0,1.0,1.0,1.0
31,1.0,1.0,0,189.2,21.976803711269127,2.4194684590760662,9.087238061313771,18.403315613293195,31.11144024884527,5.732371670412495,11.65990246563292,6.757492007424805,6.817307743866858,3.0654402762182538,9.338920405713566,3.3433533615238087,8.004033226229831,2.459030244736318,15.058919905743771,2.839447095952253,7.926653614642046,2.897824942096318,2.8788374034056696,12.150762600454959,1.0,1.0,1.0,1.0,1.0
22,1.0,1.0,0,189.2,25.681181415051366,2.0605545651095816,8.812739336695454,27.018200098831468,26.380589232401455,6.467234181640994,11.898723003646856,5.2979023013044815,9.358472978777426,3.288460722651214,7.559105105170761,2.731053074238055,9.663640516969775,2.1264025566248224,16.536835912323745,3.6190495521905732,9.389983278281257,4.085338511240258,2.3388375890911535,12.331193814315343,1.0,1.0,1.0,1.0,1.0
1,1.0,1.0,0,189.2,17.909976577885484,2.3090285909323045,9.099353287028976,22.69849012800627,24.379552655114367,6.741781727532283,12.118981773380263,5.609529762989993,7.164899125101522,3.4950713406019696,10.435540047217092,2.9632418391013684,9.094520284041483,1.9847640536241955,14.819085703244726,3.7761242443518785,7.8504415097047255,3.312461574766518,2.5763655816251956,10.697787356050092,1.0,1.0,1.0,1.0,1.0
4,1.0,1.0,0,189.2,18.827161213856353,2.582043152753822,6.1203211682207925,23.239062747774966,26.127270159648603,6.9409227146934915,11.044378101807563,5.7979801092570895,9.327410378855184,3.9850914462059466,7.325552446873156,3.0984017268628707,8.40925452139847,1.9650764416509305,19.74000988033439,2.9556935852231945,8.234190565028545,3.966167147660573,2.463325631770774,9.086706173384338,1.0,1.0,1.0,1.0,1.0
25,1.0,1.0,0,189.2,20.49816787192877,1.9526970820186156,6.16287452982802,18.815342005100504,25.05136587213418,6.899318277274142,9.420375114918764,5.864657334942525,6.789321180770646,3.207822986784467,8.940324917630777,2.994609413069904,8.157968404315657,2.478596240477707,15.178332508482267,3.349231306527176,10.18660997598072,2.9800346238218465,2.287946432586293,12.152580568838058,1.0,1.0,1.0,1.0,1.0
17,1.0,1.0,0,189.2,18.308403548058116,2.647140027568494,8.931866964147293,20.256160519323036,30.075442312497252,4.7700456292491005,11.101424124223119,7.2798401183587105,7.383175605234346,2.811182716852514,8.043225106942739,3.722280061288412,9.664299490739538,2.4417612461696643,16.998315915233484,2.7798011176347095,8.501135003115097,3.3955676060719933,2.5539764220116847,9.023100134727082,1.0,1.0,1.0,1.0,1.0
3,1.0,1.0,0,189.2,20.61743893276428,2.754019051126273,9.085779342416693,22.35145370358565,28.585580396233937,5.906678500398091,10.221023593436067,6.47833002374124,9.377136835305441,3.5571955354855787,10.349717762711984,3.611483987275358,7.637569248645471,2.347336473626876,14.51887424926048,2.774791176389418,8.818463141725667,2.812323971478303,2.8503286432556725,9.016728514185644,1.0,1.0,1.0,1.0,1.0
28,1.0,1.0,0,189.2,24.682050184261247,2.7633625244382505,8.774625361918002,21.133339921002033,31.242965068312532,6.471534500482526,11.155481204700898,7.152576437610888,7.526374741157377,3.064550280538251,10.17693498077961,3.708468996125104,9.251835459732925,1.785410414908417,14.225464212728218,3.5477164565026125,7.148741833665451,4.160262259541422,2.5009021024704,12.309465292908644,1.0,1.0,1.0,1.0,1.0
40,1.0,1.0,0,189.2,20.100410754831238,1.9240936494752106,6.585258057203162,20.755301088532015,31.55414423117797,6.160377713085524,10.628636021725264,5.919545153383408,8.23404089960304,2.979767161672149,8.465842711954451,2.612420065900211,9.051224329890992,2.1668719907969405,15.219796911214265,3.1980118429078503,7.466535913444754,4.194500384614139,2.7947456069772336,8.899473195257288,1.0,1.0,1.0,1.0,1.0
29,1.0,1.0,0,189.2,25.454581203979565,2.818517391310429,8.502075600884922,27.077558158124447,30.721038948874586,5.192925207415928,12.461928405256081,5.971330763382619,8.602014544583579,3.3303821919311076,10.199688920737948,2.8632019717018955,9.030360925553188,1.8960908313990308,15.01253604798863,3.29747763731464,9.000377903503038,3.7045001674689506,2.4513942873740495,11.729452263759512,1.0,1.0,1.0,1.0,1.0
34,1.0,1.0,0,189.2,24.72003782122742,2.5359297515454746,6.231044061922843,24.330650080175552,32.518135338782756,5.490971124212297,12.946883163421292,5.28389101637181,8.669920097883786,2.8601225671679513,8.48382357536758,3.008734574417809,9.959721858705713,2.2658875951572197,18.678936638212505,3.496595847159396,9.693427328060778,3.107510958936833,2.1023896823768133,8.62506965459105,1.0,1.0,1.0,1.0,1.0
4,1.0,1.0,0,189.2,19.736947694588196,2.566216985333314,6.156909496429315,20.495486676407456,33.018546018584956,6.6139090522903965,9.705261762683481,6.760844439857396,8.271463816703086,3.755118222395824,8.682545106782511,3.1396233754952974,8.66590111902547,1.7625247291081345,15.910380138360637,2.9952349064107087,8.222439285015449,3.0219990110739356,2.781181872016275,10.724182437888945,1.0,1.0,1.0,1.0,1.0
32,1.0,1.0,0,189.2,23.725182528134834,2.1572503539503396,6.922762540385365,24.803577381982567,26.96059570667968,6.093927936377117,12.426594991298712,6.474100305730825,9.348969418422632,3.725162806680828,8.26677466876778,2.6505253404602156,8.34885626051043,1.997503006193997,16.981038582213518,3.0082503667177596,10.1525327015867,3.4441098077363668,2.2551856131619132,12.290096663327196,1.0,1.0,1.0,1.0,1.0
30,1.0,1.0,0,189.2,23.682488480916543,2.414172655367882,8.730958394959874,20.826531767833497,32.92302872736954,6.849638962419647,9.355889629624727,5.658646342982475,6.795883610297698,2.9971572105798674,7.584306761707993,3.7949293663142494,10.088857100351866,1.7805157535626726,18.586965657211227,3.586685271905507,10.063625136944353,3.216022985082802,1.9822162232330798,11.486610793872748,1.0,1.0,1.0,1.0,1.0
7,1.0,1.0,0,189.2,23.39571500847629,2.5685141786942784,8.198246290258114,19.390006653700052,30.473686890936012,6.082029475383509,9.08257788234734,6.1290042042483925,7.202806719372125,3.747768688364261,7.84127636319471,2.80095020003685,8.466280767400175,2.172776164901321,16.115564234303655,2.749937662200838,7.992729669938917,3.765809151591687,2.063434251432541,8.490553820351384,1.0,1.0,1.0,1.0,1.0
17,1.0,1.0,0,189.2,25.829385494890115,2.6022122220451043,8.143373168121403,24.94076087133747,25.409091789625492,6.522464418403881,12.901422193943302,5.4630026198713395,8.51937000196714,4.086827625397836,9.434576645864682,3.1401413915614924,9.185948886602699,2.005841106754847,18.690623507217616,2.5917416757006215,9.675987174273846,3.793062879559308,2.0781276124946433,9.64967048386142,1.0,1.0,1.0,1.0,1.0
26,1.0,1.0,0,189.2,21.689894819888234,2.690811791440666,7.374847779112605,22.717698135924053,25.898355000134956,5.502963542756736,11.760292235766423,5.349309146435333,9.649829180559074,3.0081565273917032,10.216490090058825,3.090209084624261,7.833291353059539,1.9601287079300906,20.22497616716288,3.268888989508286,7.756134094711937,4.107952989275171,2.190288093892515,9.381883254169026,1.0,1.0,1.0,1.0,1.0
12,1.0,1.0,0,189.2,24.480953989596724,1.9770602678131575,6.659390797172382,25.117817676932482,33.84548069176946,6.627209801327106,12.096965255437873,6.487230650717201,9.439403805206615,3.8212118157913864,9.957799668485235,3.3625776028006884,10.019963134501012,1.7757043456432602,18.886175988170802,2.792948784570093,9.42605008859741,3.114446985267952,2.3806571725852597,9.327718277875139,1.0,1.0,1.0,1.0,1.0
7,1.0,1.0,0,189.2,17.933102849829115,2.4404311234835316,6.6398777187753435,20.210902888342112,27.040831639308315,4.8014322032447465,12.112111836514515,5.463121094295153,9.768014093287121,3.085844544761434,9.04200929034797,3.6191004426548883,8.428235793871753,2.5245940676322003,14.414024657439677,3.426543101250388,10.344663001769668,2.871928445257964,2.570124066088618,11.413988070741379,1.0,1.0,1.0,1.0,1.0
38,1.0,1.0,0,189.2,21.45416707551513,2.069372673002272,7.423050428602269,23.37116117189683,26.962260564428775,6.176185935028131,9.588707672463526,5.958989057820924,7.375885662947614,3.9159054645045677,8.41014703881779,3.413421493542339,10.612820866385261,1.826393024784135,18.002690212947,2.913844114092623,8.825611616494731,3.2861006544672327,2.302091675554918,11.847215392583356,1.0,1.0,1.0,1.0,1.0
2,1.0,1.0,0,189.2,24.967447941827352,1.9272092369665552,6.997670051954718,18.301296792525264,26.19535396785187,6.670997379348518,12.497226541133452,6.816145335399676,8.297150167938184,4.003104866599388,10.576843757293679,2.836140159404674,11.269520511095765,1.798900340734994,15.309291023741636,3.8318378712476653,9.898537491826408,3.9303799855404993,2.3959994419483315,12.300162752471998,1.0,1.0,1.0,1.0,1.0
17,1.0,1.0,0,189.2,24.225608019208615,2.435349878992291,6.13953852687547,26.442463618605853,31.956509770956778,5.143057700784256,11.40047030589358,5.553642431994978,9.107675917496609,3.161482251302056,9.858190424042856,3.6842606771998194,7.951527081837456,2.153329936144812,16.064143219725658,3.0176751166100537,7.665112176359938,4.019610105344777,2.750704238007325,9.2379759505317,1.0,1.0,1.0,1.0,1.0
37,1.0,1.0,0,189.2,25.497642697079993,2.1502055009551513,6.468404719216905,23.946603913999503,35.88441413923588,5.862613661295385,10.013251494638709,6.25781202899783,9.095522389600982,4.124407211195628,10.045799199773624,2.9374928409848495,10.201303737398657,2.4422986617130773,14.014269518994269,2.9926702618418797,7.771918920772236,3.283941437628199,1.924060633703953,9.484892124065475,1.0,1.0,1.0,1.0,1.0
36,1.0,1.0,0,189.2,22.691625426564315,2.540227877481604,6.901679284890205,26.934237987927762,24.14403550635547,6.810239104575013,9.661685338243888,5.502469714208852,6.997151653339922,3.2119211304974713,7.786652908969074,3.5397945843679537,10.196919438710346,2.0020256646863848,15.98915399512148,2.683530209167864,8.079880661589305,3.3685003938017095,2.178226678878823,11.433108821660923,1.0,1.0,1.0,1.0,1.0
6,1.0,1.0,0,189.2,20.00373891400236,2.870822989097557,7.8102379510985145,19.00335056012767,25.41390146494733,6.756938305730467,11.881683461144524,5.8515639743289025,9.413876690321835,4.142574700222072,9.148511685676066,3.717023467106024,9.158072260967064,1.9322914654273242,15.000075211171126,3.0207348814407675,9.072936595213925,4.098305086471463,2.770668778308363,9.642114657626129,1.0,1.0,1.0,1.0,1.0
7,1.0,1.0,0,189.2,22.442258660389108,2.4173853632856424,7.66791875701052,20.073547635251632,30.797699654892106,6.2980010235134145,9.674353102184556,7.252421708202602,9.6503882965508,2.9464289064882645,10.477570169198309,3.824779094800933,8.10548213776033,2.304757799458221,14.823635477277133,3.6206557765941145,7.933549037957642,3.389606127063808,2.772156471401456,9.115001121903065,1.0,1.0,1.0,1.0,1.0
13,1.0,1.0,0,189.2,19.94767480680364,2.572801916565309,6.536576623548476,25.802085408740204,32.412413531752584,6.325460385397607,10.646136255241045,7.250175650397548,7.68998031736753,4.096008149782485,8.361710069387904,2.885100318221576,9.147930607770743,2.035427408015932,17.174836351557815,2.817659231606904,9.529321234525014,3.560132288176706,2.064085513565753,9.603093133844304,1.0,1.0,1.0,1.0,1.0
1,1.0,1.0,0,189.2,18.29464966471438,2.8754186495772682,6.764223405783551,24.984250970294593,35.37324524718704,4.9109081992620345,11.697572033758679,6.217838030866839,7.128214503117961,4.11222821077749,10.18939605586731,2.668779705895098,8.107223553785609,2.1523188401179905,18.123009476565308,3.4404687760063606,7.031515362595009,3.3901079086221957,2.1660906615910225,12.616654894647402,1.0,1.0,1.0,1.0,1.0
16,1.0,1.0,0,189.2,22.014198662753547,2.4061439618421936,8.892725847476202,26.332308982090094,28.034465623519836,5.573302889166939,13.021824916751765,6.3116300491795325,8.952563942851683,3.131889169810279,10.05333551606735,2.799580384118512,11.324100199344569,2.4132288336087506,16.899932721751636,3.340945777985241,8.578616823165854,2.8223913016209554,2.0186364763744664,9.074105316513137,1.0,1.0,1.0,1.0,1.0
22,1.0,1.0,0,189.2,22.05057179993435,2.8448271723566005,8.733733115582368,25.663633170416784,25.067719199098015,5.446107167087874,11.06461600093398,6.114379007794291,9.280315255567347,3.380910636032774,8.015431498079387,2.8788292029806097,11.291931793996442,2.001788334331542,19.097900065054215,2.739908973195041,9.635728270281946,3.2825606073980325,2.223145716918111,9.324041167722937,1.0,1.0,1.0,1.0,1.0
22,1.0,1.0,0,189.2,18.178150522971663,2.00070078295776,7.7637552573201045,24.123983215630084,31.208108467039523,6.929404861678506,12.031098669436076,5.668621613798571,8.339804282535374,3.8906878539522527,10.300711178384834,2.5947192982852765,10.153748780067653,1.9650284271011105,15.938012108072458,3.6831817032872283,8.594379053190558,3.7870748238096867,2.4025972682066685,9.421409628135779,1.0,1.0,1.0,1.0,1.0
20,1.0,1.0,0,189.2,18.885945206404013,2.0237478320328877,6.611361397989833,23.975235516951347,25.3943720952992,5.220845566217664,12.33296537314733,7.386182920916086,6.732568906698529,3.7208030438063773,8.345160126914958,2.8932298824692286,10.54436401910338,1.7926171836829632,14.033730804625545,3.015629809428985,8.936437908045182,3.162028768768319,2.1294369106030953,8.537554370903523,1.0,1.0,1.0,1.0,1.0
7,1.0,1.0,0,189.2,25.372696531825667,2.617841858417725,7.847897130238097,25.12350369176859,28.745733305001522,6.329371521474707,12.43809264524756,6.702896272517462,8.266894988257821,3.1270384006949317,10.144621154594695,3.4616413486855935,10.909744648860519,2.62845200683093,20.880462423187414,3.667029485415644,10.03101806312822,3.94447844695239,2.8696814083098836,9.81513918557928,1.0,1.0,1.0,1.0,1.0
19,1.0,1.0,0,189.2,25.56308457979076,2.5511337810813255,7.8536925012730325,25.147555227123448,27.87539196874398,5.3775948252433,9.468994892422067,7.321593899738826,7.91119581043616,3.864903440086257,10.417073697379262,2.7542758299206525,8.443503174876954,2.061687887870893,14.279239168554922,3.399905975036927,8.79843866275652,2.8372669395395027,2.206330768835652,11.229026377157863,1.0,1.0,1.0,1.0,1.0
1,1.0,1.0,0,189.2,24.3041960480361,2.6228553864672035,7.924771618965795,21.8556265976385,24.302701321357436,6.336209007048467,10.518176692846485,5.036223037779529,7.853907249604221,3.7272920667990617,8.295749439302767,3.399614728351424,7.759505686240455,2.384201374544876,17.390240377121945,3.112644634410807,10.15978820979713,3.5966731085333823,2.7445684481061963,8.844411896233993,1.0,1.0,1.0,1.0,1.0
7,1.0,1.0,0,189.2,17.563021830132485,1.9363253912395921,8.599868940535055,22.91723652298789,25.768796186626712,5.490846882420347,9.286252734643266,5.486895476865663,7.0028820880695095,2.8696715935428005,7.216017529146788,3.259810489295322,8.643024714115038,2.4562252256606447,19.102000345686893,2.6707991515752827,8.435576868078913,3.9846203925380914,2.0724199795719875,11.408578850746563,1.0,1.0,1.0,1.0,1.0
10,1.0,1.0,0,189.2,19.647949873437913,2.510038642283158,6.605250589116536,18.400642263715273,35.41288070182631,5.481553790262622,10.503636814357954,6.816777766727734,6.691296097210926,3.7719553587990227,9.80855271087663,3.578272566255695,9.044736334062538,1.8108371515695147,15.440218224110614,3.4757714256408976,9.17607467817771,3.174465046376249,2.371925881266722,10.36376689532123,1.0,1.0,1.0,1.0,1.0
38,1.0,1.0,0,189.2,22.63676841136532,2.226148722941448,6.962634785639746,19.74527272131878,30.48675227716843,5.807603913257539,10.656643839423312,7.2176345221495275,7.149776632333442,3.9301186903557754,9.782461142333815,2.957498590405127,7.630494350459904,1.7888888910295744,14.476790957420718,2.637209553589808,8.799996421197976,4.122896550908501,1.93027904810023,9.339974908829735,1.0,1.0,1.0,1.0,1.0
7,1.0,1.0,0,189.2,25.484740043455734,2.3537677042987344,6.574645716398144,22.571337300909963,27.83552533793872,5.260450036159537,11.015977549785948,7.209527840367254,9.610552309346225,3.682783673380853,9.815116083774505,3.262170083691611,9.882181172613489,2.1183659325666833,14.760796404100782,3.0819611116280363,7.796284659485964,2.980520598737832,2.2624508207154124,11.30629718998161,1.0,1.0,1.0,1.0,1.0
34,1.0,1.0,0,189.2,24.213641173172412,2.4447828260125326,6.22200519926512,27.128877744595684,28.66380563652547,5.545836509366983,9.450179755123308,5.729792704569526,8.803253799594682,3.423239533215967,9.724355201077497,3.8354179798953254,9.769367142375247,2.211582111811807,16.013690572389404,2.9494589823080766,9.229205139186812,3.7229269090386965,2.4580199649456733,10.147615076507755,1.0,1.0,1.0,1.0,1.0
39,1.0,1.0,0,189.2,22.544160462483237,2.5556304116159416,7.2832512190799115,25.57810012772375,28.973543634300203,5.226854010902167,11.991417804536567,6.371062540530313,8.012050349127389,2.898326096627098,9.98267297576708,3.572139226224056,10.896015243919832,2.4851158831559803,15.734314413659792,2.9594549096072167,9.174019159069447,4.005518903411825,2.7036347731823294,10.981196769999693,1.0,1.0,1.0,1.0,1.0
21,1.0,1.0,0,189.2,23.5141048466616,2.3105005821154716,6.970304413704816,23.00924308206276,24.74724816765018,5.9171693716557385,11.244621240658875,5.30380142016851,9.689470412458155,3.5484606549058055,9.91909399044834,3.011492064746124,8.054196481253328,2.2566017936394283,16.870079934553626,2.8234763295857204,10.140423295296104,3.3744567502346414,2.045436300507372,9.189595539790746,1.0,1.0,1.0,1.0,1.0
22,1.0,1.0,0,189.2,21.25076132391574,2.3693973365567143,6.573139334293304,19.349359197761192,30.375106518525325,6.4387469812309455,12.58085871787051,5.5053390578426225,9.43571528961851,2.809460253884475,8.257479806816079,3.5410188341012465,10.44401434696317,2.311848722581171,19.074094781191878,2.768724289465952,7.470284272113951,3.684608429675852,2.8008684881437382,12.125975337246325,1.0,1.0,1.0,1.0,1.0
3,1.0,1.0,0,189.2,25.029557252804914,2.6649878765668937,7.245217999783067,23.828526048676146,29.917838914172386,4.965338755164382,11.333097795895075,7.388398040122014,8.916838325687015,4.167708512410339,8.540812198322303,3.131701571142436,7.76253986286453,2.214307159784494,17.38742568652672,2.920064750740849,7.576458400345507,4.184068820342812,2.187990964244669,11.788277688896867,1.0,1.0,1.0,1.0,1.0
24,1.0,1.0,0,189.2,24.46186343850809,2.2450931018126368,6.99785741417606,22.495093085709087,33.57191417682013,5.1883348022351115,13.438093694817763,7.040116402813732,7.3296742805050545,3.390582753150506,7.803630237240867,3.660323204666092,8.74669399605542,2.3520131491585548,16.858496781250054,3.2898741568295367,8.101516457918981,3.271088500453835,2.6663407167046045,8.725458511741602,1.0,1.0,1.0,1.0,1.0
2,1.0,1.0,0,189.2,22.279866024770424,2.590818829366461,6.486869575720279,19.238290998369404,29.46083323964882,4.9352407223224946,9.597446081938799,7.063598678992016,8.24879898229842,3.7525267652532377,7.253282514566329,3.369247763878425,8.807325161510965,1.801508332584916,17.424285819279206,2.8179897803429466,9.049103414354395,3.8088276867075153,2.586241001852894,8.660780156020166,1.0,1.0,1.0,1.0,1.0
26,1.0,1.0,0,189.2,20.796907380906006,2.7299032326581556,7.036132074996136,20.099684361907805,32.400053100362676,5.785961439549977,10.357568685961496,5.151904395881478,9.229873752922808,3.568244087168699,10.79310840611277,2.6716752424423826,11.070267081432794,1.947575537943605,17.178565192630384,2.8669929379411205,7.816825918482304,3.8205153646133363,2.8431553047892804,12.390273827272855,1.0,1.0,1.0,1.0,1.0
32,1.0,1.0,0,189.2,24.797574953140924,2.645128896527336,8.306472253534904,24.019752265152327,29.365609171453038,5.021110414738188,12.72847639312015,7.330113163177948,8.718467994013215,3.107863063085497,8.753661113517513,2.6728455176221897,11.363734753429208,1.857332235885515,20.01301526008058,2.987605703193628,8.435223578576537,3.6848863461606722,2.3547029551920136,12.056113334259846,1.0,1.0,1.0,1.0,1.0
22,1.0,1.0,0,189.2,21.076317662917933,2.1608766157608015,8.197021732044062,23.674438477494107,25.55831448158461,4.674518074290551,12.893642745633892,5.345095569131878,7.405833336938433,2.9742332758589582,8.665730645118073,3.6074670666914077,10.589712780154692,2.0424896705845863,16.60170843482854,2.5600416042262086,9.407629361123785,4.177845399703734,1.947012802364247,9.97764904311379,1.0,1.0,1.0,1.0,1.0
32,1.0,1.0,0,189.2,21.198319370820155,2.7647086113728623,8.020760058175014,25.85537316562102,25.386664781407983,4.757303059478069,12.224229402653993,5.800261327370703,9.123668314085313,3.979412061632762,10.330037462187772,3.3151702082095102,9.75769521169195,2.438666912586031,20.521851300633582,3.6770427513836226,9.23946659476071,3.7379500996464925,2.6363602472612695,9.267274531523904,1.0,1.0,1.0,1.0,1.0
21,1.0,1.0,0,189.2,17.569952997706757,2.420941304928886,8.213779976267904,21.019734139032927,30.037959357426068,6.458353091203775,13.260608487160725,6.941985856055635,8.863061424903432,2.8721211678615317,9.926959383665833,3.21241257546886,9.091295898343034,1.9724952053540468,18.20300462093729,3.141300189940534,7.210455100227906,3.8203525055002046,2.684673548037208,9.570247329341312,1.0,1.0,1.0,1.0,1.0
6,1.0,1.0,0,189.2,19.99744304924584,2.4927604947114164,8.800949819667524,22.271349206381725,27.334737557349023,5.142778034407581,9.991233141215927,7.077594321374465,8.480184399489616,4.009574784722324,7.3506192701410145,3.0210385169752207,8.052962594777775,2.343444091545775,14.197534894553884,3.7194662307850637,9.325753652441595,3.88860919962027,2.7777204156333366,10.231133489274082,1.0,1.0,1.0,1.0,1.0
25,1.0,1.0,0,189.2,24.55369678585058,2.222376404776068,8.816266107024072,18.81766162162885,24.51817997309292,4.885065270683129,10.495478627100118,6.36300443771249,6.880453020255128,2.807162766836451,8.327084636648793,3.2994421923428434,8.929240931134284,2.0964970833728125,17.326957542954716,3.2966693218285195,8.209756864151958,3.366675653994843,1.9849742141485471,10.226797062166083,1.0,1.0,1.0,1.0,1.0
32,1.0,1.0,0,189.2,21.171331574154454,2.40329157076064,6.115410464048743,26.42846344686049,31.6182119707219,5.66634353429812,9.43242443278214,7.026593460914704,7.7247236879683285,3.1398654091427374,10.315379379758689,3.1308113570094402,10.990707804501449,1.8709589331644834,14.819942212563904,3.2227303955723094,8.357108973137295,3.8723375691254702,2.0485846433355213,9.727171106548349,1.0,1.0,1.0,1.0,1.0
0,1.0,1.0,0,189.2,23.505711904159675,1.9489214790674474,6.48914488674753,27.22432960827118,35.89469411698068,6.202680873608855,10.450485206844165,6.147317069230513,7.938264097775517,3.893486096646808,9.878731815019504,3.811978273713817,10.23939018890959,2.150129696391614,14.491319958527248,3.4595669434913177,6.976941912076719,3.4904148215767465,2.6893789269555515,9.236289658159182,1.0,1.0,1.0,1.0,1.0
39,1.0,1.0,0,189.2,20.092038444263363,2.706934077883784,8.24290238389481,20.177812460599657,28.87289038041224,6.422205272067155,10.144747349020356,6.250320460509153,9.091128222472747,3.577081358916824,9.56819033114239,2.5853600973151556,11.003540539130165,2.062704660809621,17.00314645321091,2.773807256360736,8.039369934507075,3.441916765750412,2.6909239595635475,9.658100260205382,1.0,1.0,1.0,1.0,1.0
27,1.0,1.0,0,189.2,21.985466565968096,2.596291189227816,7.787595593955809,26.593540258350405,34.70392149022406,5.1679878187645505,9.62387514233922,5.082863339930306,7.72618831640859,3.6363855849025053,9.720328033850333,3.159495255648872,10.90991318840411,2.114394531268916,17.54566891239043,3.427616164531349,8.020257435079005,3.6204709253577665,2.5101146736455733,9.14582584259177,1.0,1.0,1.0,1.0,1.0
37,1.0,1.0,0,189.2,21.68504614283011,2.1245310558303223,6.096971580141127,23.85671993139559,29.546396953174487,4.930810290402371,9.865779078458749,7.175443441428847,9.77856294440327,3.6751563387128696,8.33016426687419,3.0962924702066914,10.565660760623949,2.2326569930328612,20.583957202074583,3.565408543471483,9.727479858801741,4.11274904296023,2.5940724227349894,10.708423085811408,1.0,1.0,1.0,1.0,1.0
14,1.0,1.0,0,189.2,17.381848203624468,2.6280512069915316,6.34821096522992,20.667316139436608,31.155281052105906,6.032149071400934,13.38742260701303,6.359320874448813,6.90512165445957,3.657161963438837,9.316017771515982,3.812883991313994,9.244633412025836,1.9187323741963775,16.181775978842598,2.9515906975171022,8.488320752765123,3.830169598234934,2.434329070993379,10.526355560551838,1.0,1.0,1.0,1.0,1.0
15,1.0,1.0,0,189.2,20.656450867521194,2.1240230185114384,7.751861001672253,25.85374809071866,25.172183554462595,6.1235380802468065,9.208204685657504,4.991230595793908,7.045856169091917,3.141764860611892,7.964503526749239,3.0375369936883883,10.366607685677339,1.7943465771183238,19.775746764714505,3.5940285537855683,8.84475110095415,2.9625018360942477,2.510162122182145,9.86363965032154,1.0,1.0,1.0,1.0,1.0
34,1.0,1.0,0,189.2,19.45267497035317,2.6810345223258962,6.52342739023754,20.15516756284793,34.65920329415552,4.968654045205255,11.910310378053682,7.269351224439915,9.694542370808486,3.7954192285331767,9.503059662698295,3.326307428931147,8.070285339387206,1.7763278219880245,15.127279886113955,3.497180631073123,7.716331830962917,3.707375376413169,2.132101895876739,11.45949967938279,1.0,1.0,1.0,1.0,1.0
26,1.0,1.0,0,189.2,21.764553813530238,2.246321157906047,6.665982367659912,24.393842411381122,32.639212590576676,6.353579026387402,11.599587289537983,6.809894484393315,9.51086434288236,4.129442144759931,9.654254285090227,2.748854437687524,9.410406075162863,1.9333478266206043,19.598073231210517,3.0591873320138143,8.94818960749285,3.7901069205949045,2.6408750491662896,8.983279425464719,1.0,1.0,1.0,1.0,1.0
20,1.0,1.0,0,189.2,21.11263269358442,2.664108513841675,6.625187246690028,23.427927825962403,35.388623857922006,6.8122797497692575,11.299165458524746,5.91225530008382,9.032811551620359,3.5464680990309874,7.939454604738792,3.5093125409024766,9.911373033925287,2.505569955259304,20.35774534737708,2.861265817075905,9.029731127301645,4.121632964497072,2.7755805543922722,11.788702488672076,1.0,1.0,1.0,1.0,1.0
1,1.0,1.0,0,189.2,24.936202166162033,2.117775336309402,7.619840297481378,24.45528233976415,31.474943476891298,5.285259630572887,9.715914774982215,5.430618553749722,7.460490339952203,3.7734972420808264,8.999570958240746,2.750995138171875,10.489006845426372,2.065159212665601,15.420433394187016,3.8003487343667572,10.338600065297427,3.472343168503061,2.788142434465083,10.024065321260927,1.0,1.0,1.0,1.0,1.0
32,1.0,1.0,0,189.2,19.28281619835385,2.1179438036104714,6.544500975547425,24.752806761131726,34.21760381039462,5.682150526625414,9.836811668041683,5.382677143296478,7.172633059361131,4.064376757805392,7.24224729209426,3.476550077545938,8.021525144429592,2.1042497464230774,18.345485378042547,3.0224839686343135,9.721816530658392,3.754044379490995,2.8526765062358974,9.322801511289962,1.0,1.0,1.0,1.0,1.0
33,1.0,1.0,0,189.2,24.471793402506204,2.2918291669574753,8.095962608453124,24.511396206519763,28.27716935889584,5.671944137425423,12.798757126041302,5.069748653148884,8.815899641639255,3.001089885473033,10.392266920599114,2.6525248116341844,9.247770156549887,1.8256748416502024,14.227617552346928,3.3908691159262734,9.229312826934366,4.119064081448941,2.231158118263378,12.547848943315735,1.0,1.0,1.0,1.0,1.0
9,1.0,1.0,0,189.2,25.012116095879584,2.614074565771007,6.800249433045509,18.833089521731612,35.38780807146137,5.422752071291826,10.237760019176166,6.204801129497579,9.481772396745553,3.954013593174704,8.563362855248153,2.600307940656069,8.46509661859196,2.1039785176920303,17.80803857180908,3.5192420739905295,9.219961725938278,3.474494150325647,2.8787462936629464,9.868631398600394,1.0,1.0,1.0,1.0,1.0
9,1.0,1.0,0,189.2,20.384256487257357,2.1637024241750606,8.044727486969702,26.8212768269975,31.340116079778195,5.666191301165491,12.177163529881968,5.578914739364145,9.093568667871638,3.5990019323136364,7.467918257407687,2.804952238715968,11.062427628872902,2.306230954119414,16.849205865239757,2.7228083508247254,9.165419952459505,2.8827110142026418,1.939993467252929,12.506927063458248,1.0,1.0,1.0,1.0,1.0
8,1.0,1.0,0,189.2,22.915620302492574,2.870733355336047,7.384040700240357,22.307799044215262,32.71753392643016,4.989094544846197,12.030668809470665,5.072226161716071,7.669066967485133,3.005810522595085,7.263782773879716,3.1313491332001733,11.0057014545085,1.8411324981215798,20.675326142779333,3.3729438180126103,10.211876354289535,3.4502307449239273,2.3696682762736065,12.630494611418593,1.0,1.0,1.0,1.0,1.0
37,1.0,1.0,0,189.2,25.70414238118737,1.935209966764539,7.850200307896773,25.70996537927151,31.13725825739419,5.369866400399567,12.088064041991204,7.178869440387648,7.892790433714476,3.1104625451963286,7.382955648301949,2.9991859317370366,10.491288309389619,2.0313111614992634,16.974647345387442,3.1554067123494622,8.952266433645692,3.0622455144713565,2.4784236608625956,11.48443175673027,1.0,1.0,1.0,1.0,1.0
26,1.0,1.0,0,189.2,25.5982904707938,2.683375603772403,7.797369192386786,26.753798084094637,30.12206648927657,5.070922838585539,11.253391439388636,7.012185544713559,7.143247932376886,4.039987825128535,9.513598366769084,3.574935331753926,8.752384689087112,2.4679915429083583,19.512069442423634,3.267757748856761,8.149590374290582,3.8122942495947423,2.5079234848463137,12.085598699245493,1.0,1.0,1.0,1.0,1.0
22,1.0,1.0,0,189.2,20.62919104229289,2.1653791397965736,6.626996145455141,21.176365271198847,29.36820042617017,6.241583949290139,10.831575167919093,6.999230895798833,9.51292641173603,2.8333388112901026,8.799016166819483,2.751632768740627,7.950726180607311,1.9770845648177404,19.96938683174534,2.8737494983131504,9.958100534599971,2.9069174768610395,2.109727194662253,11.975885344205809,1.0,1.0,1.0,1.0,1.0
5,1.0,1.0,0,189.2,23.280169165616897,2.4906989328626743,6.641855647583742,19.70614004856557,31.68111922988008,5.048038014071106,12.894314747327982,6.9016120166340285,9.528392204767464,2.990566160178266,10.687604924170806,2.6389354089546497,9.960020802796365,2.6028360796664085,14.966093622638398,2.6707955585601137,8.950959236903989,3.8740352290106252,2.0876365056419424,10.966577205783983,1.0,1.0,1.0,1.0,1.0
36,1.0,1.0,0,189.2,19.11738954402237,2.213986046966806,6.670881131633932,27.139604328524,29.63870474972988,5.225149215378906,12.547070486435812,6.833907628177287,9.7915017058461,4.024772059263071,9.65338114299896,3.7410574983248575,9.151866375084374,2.6117578391937153,14.025121913289384,2.6984385247163765,7.872807861315331,3.24168270597392,1.9768032852812496,9.924818050032686,1.0,1.0,1.0,1.0,1.0
7,1.0,1.0,0,189.2,20.45896904068286,2.3659175087795146,8.898941871178371,20.5505267555072,27.498790723873913,5.8331229550283155,12.112884215459456,7.344325791249347,8.006690213768229,3.317075762170252,10.700131382987456,2.9302140950748727,10.419124272085734,1.866769088141899,18.099152754021848,3.616233748749403,8.91356982938906,2.855094960688308,2.0154745813762376,12.479071218158587,1.0,1.0,1.0,1.0,1.0
10,1.0,1.0,0,189.2,23.990278100312704,2.3416965810786734,7.422584490719312,18.62415562383056,33.037500038258194,5.743203747637701,9.530084686086884,5.061938665024586,7.269718727151166,4.149471468977258,7.281194623237052,2.63853038509694,8.582690948016388,2.550453117993292,19.392729022851178,2.7787202648069496,9.111076967949188,2.953850000146699,2.5258601721288003,9.428306435238051,1.0,1.0,1.0,1.0,1.0
29,1.0,1.0,0,189.2,20.294058686744638,2.735698152874845,8.834052477751051,22.390838896968567,26.855652798980014,6.605365420701085,12.56054573349347,5.245608781181217,7.315038157618469,2.82585235473138,7.276244415828718,3.496171226447819,9.998010898596391,2.6155819417008037,19.82340562013994,3.3335303675589545,8.088392403912081,3.207591254811738,2.5337246989134763,11.881668204348719,1.0,1.0,1.0,1.0,1.0
17,1.0,1.0,0,189.2,22.776563731639246,2.059311941280353,8.418984670389305,24.216880691076554,31.28784073007399,4.887376701554736,13.28816986927948,5.975332586643727,9.649757312423016,3.6683281642055405,9.03268692303612,3.7388761875393954,9.868081553669995,2.454058518602705,18.952399333787316,2.935174552227208,7.081316592394051,3.279919535509113,2.6210002801760433,10.459932582694817,1.0,1.0,1.0,1.0,1.0
32,1.0,1.0,0,189.2,17.361861521598396,2.773892260217576,8.728638526669096,25.423930308217688,24.847663262178795,6.811250417113585,12.274089508879527,7.114387232873649,7.0201693577869975,3.1451685638097726,10.27368130399683,3.073089117887124,9.54872242355847,2.165648861971594,20.77188517423355,3.454192461761396,10.21764250864946,2.813235566503888,2.5303947128514177,9.739394485406017,1.0,1.0,1.0,1.0,1.0
20,1.0,1.0,0,189.2,22.291964250718735,2.2283051144740162,6.213970875262289,20.086135730701628,28.156982309206747,5.3134844912343535,11.883605752804925,7.270148855338835,9.173177781973994,4.007586983578396,9.301255146811448,2.669079915647595,8.251013468794595,2.306259704990179,16.459377059170286,3.5626855753587954,10.210673080042088,3.484265922120718,2.358456515772158,11.555167939414279,1.0,1.0,1.0,1.0,1.0
3,1.0,1.0,0,189.2,25.728175850959687,2.2979946341646045,8.737969825103734,19.679526033174334,35.07329487827643,6.157427492385664,11.821091770193014,6.997740174986787,9.620898592524956,4.041744107303471,8.989949243853,3.040580525384327,11.020211920577747,1.8937071983415759,18.933211951555272,2.9844456090266296,8.328251066822956,3.5553053898214686,2.0046867584990786,11.024813361840721,1.0,1.0,1.0,1.0,1.0
25,1.0,1.0,0,189.2,24.50886393244163,2.11905741995994,6.69709661566491,19.657801955965766,32.323967625050315,6.472108488557007,8.971764768523471,6.434965861926462,8.00341172208362,4.146878173934016,7.514242790668498,3.5344715792892867,8.865968334801654,2.1201711005367656,15.846341263138855,2.575919198671818,9.236580239283597,3.571078818491656,2.056295120439098,11.97909695696402,1.0,1.0,1.0,1.0,1.0
17,1.0,1.0,0,189.2,19.75703830342435,2.1647351078574406,7.834619333865613,24.032112154497213,35.354368832817485,6.452697465348409,12.698427406855894,5.757624455505103,8.795191257625527,3.883256303668442,9.918275375184743,2.915671237235947,10.858172187469176,2.106408205355166,19.961082550781597,3.64818651796514,9.38885967356865,3.801803869266152,2.231299371390664,11.887499695155581,1.0,1.0,1.0,1.0,1.0
18,1.0,1.0,0,189.2,23.223829010298342,2.7902192163002724,6.187499542844131,21.017948758383163,29.24755378173103,5.703048151627839,11.298871160834803,6.495258107931481,7.957829214018714,3.9945076520335006,9.306867852281528,2.9995333034770684,8.561016489237275,2.092575235078174,14.759369253323253,2.6540211030811776,7.605677506694595,3.204484100878071,2.7120652938556975,9.94579274972207,1.0,1.0,1.0,1.0,1.0
23,1.0,1.0,0,189.2,18.133085365489215,2.46552486403069,6.389344617808467,22.497582013848028,30.447518156353496,5.947157695027176,11.500660674927477,5.546645702697411,8.246453357978043,2.912667980392118,9.419308296997334,3.778704031410683,8.28186885559167,2.2232321855262587,14.691279390257725,3.148151332372451,10.23769354772565,3.8854860513093805,2.712337278364958,11.295382787099758,1.0,1.0,1.0,1.0,1.0
19,1.0,1.0,0,189.2,24.24192736222164,2.197774763302387,7.013898598250932,18.83885365400956,30.22191001154081,6.026466271364568,11.744795730392005,5.90264295906635,7.193504412960854,3.397771220365719,8.648474306866976,3.2821215602550127,11.239814830941059,1.99902207101452,17.632825727331664,3.4656764791790033,9.479564136483626,3.2625114336932084,2.1550283807896276,10.185061039563,1.0,1.0,1.0,1.0,1.0
30,1.0,1.0,0,189.2,25.573937452449428,1.9309418559920393,7.018959704990516,25.09875165317222,32.58570815165975,6.775490532993641,10.102357061296363,5.769860502107365,9.30356138458572,3.637774825055489,10.480356538690415,3.6427956189330803,7.922339190897502,2.492031465368514,16.697908922208246,2.988529731896099,9.915726839196955,2.831573379895764,2.5348063526277924,9.772657369483134,1.0,1.0,1.0,1.0,1.0
2,1.0,1.0,0,189.2,22.76915019937652,2.3317074706898087,7.207132413424878,23.95112456533736,32.241842445357996,6.4531418269467125,12.606072656135975,7.311248399796309,6.776167280437991,2.8732497781417914,8.654519381013877,3.441725545077587,11.068966733885476,2.146161887294285,14.821487239516983,3.5339733086983105,8.539817150048773,3.2909093503953826,1.9864637763185713,9.674270648249243,1.0,1.0,1.0,1.0,1.0
11,1.0,1.0,0,189.2,17.572947245831177,2.862043570831045,7.458384513671132,22.675976802471403,25.329408166900205,6.624921146746155,10.016343231951016,7.153406886893418,9.598117149473065,3.221219099472636,7.831341746168461,2.800143895847901,9.734962118862665,2.520861743281249,14.933153288393743,3.228835425919956,8.343531258974547,2.8914458043129487,2.657695244816651,8.552182836179048,1.0,1.0,1.0,1.0,1.0
31,1.0,1.0,0,189.2,20.924072612826983,2.2180267851362427,7.633578899618677,25.33891104031059,27.559395458151226,6.503508425170587,9.658325137401924,6.580544112944623,7.52218919484227,3.6887145166084623,9.701835296926975,2.9841779963119848,7.851940142889483,2.150784376492519,18.28197278901657,3.7868624835522504,7.07832993790965,4.087938737933056,2.855763766169138,12.6932200406195,1.0,1.0,1.0,1.0,1.0
15,1.0,1.0,0,189.2,19.54826883745163,1.9789223890992846,7.923493382389414,19.919312910870616,31.287854801527224,5.950071271463867,10.252176412708085,7.268638497519932,7.446048090392538,2.901293153616475,7.46280805905067,3.082581183310189,9.973387303796157,2.0748597881274984,18.532027256091343,2.6145719312308566,8.93927628235781,3.6531787782616654,2.8230624419207997,11.57560872262848,1.0,1.0,1.0,1.0,1.0
7,1.0,1.0,0,189.2,22.898855738949678,2.117607420833386,9.022170967226675,21.49982757050979,34.54552564263844,6.875684606404283,10.177250276231135,6.712358649124127,9.334785361983004,3.43734153585625,7.878711291321568,2.5841543729725758,7.633465436049836,2.2915325392761834,15.592050264256361,3.1932152082025156,8.919414576748656,3.0995444381685564,2.270001384094789,11.109636777301764,1.0,1.0,1.0,1.0,1.0
3,1.0,1.0,0,189.2,18.83548107712229,2.111367115010254,8.129270880211743,23.07858117642345,27.023203253592417,6.426512063613969,11.060849492299976,7.032773982870211,6.8703215560854245,3.2186573013455684,8.232289779450602,3.2847108361118096,9.96633268797447,2.4195815363201225,20.87888541163369,3.78375440950151,7.087057404789229,3.6026562831823092,2.6784315658215605,8.855964813373113,1.0,1.0,1.0,1.0,1.0
9,1.0,1.0,0,189.2,17.63763655632362,2.172496968981261,9.039015067661355,20.11516864351739,25.058728976149432,6.804564459971618,13.102864119846728,6.223486249742508,7.37450007355916,3.313708068524313,10.594477960907035,3.149456658639401,10.61164156820643,2.229231798694597,16.30095634554961,3.4360633347207235,7.891205459366783,3.7214288024855042,2.7285235607605225,9.10986994296905,1.0,1.0,1.0,1.0,1.0
15,1.0,1.0,0,189.2,20.672880849998613,2.0990970800039035,6.585345043587395,21.165297700841784,33.355757283118606,5.045391011336384,9.692105572399717,6.715573945381688,7.868469563851319,3.6788273685139923,10.055372826267266,3.735249637370207,11.226881089410222,2.432677260681276,14.47405627915156,2.6126165182199568,8.951018137792484,2.9171512932482035,2.17801119242885,11.136502559384631,1.0,1.0,1.0,1.0,1.0
10,1.0,1.0,0,189.2,22.160916627330216,2.517585735640083,7.632033409923904,27.335542222184046,26.87761740515694,6.70890337988946,12.072689229790154,5.022186839008205,9.42262835231095,3.5282323042255204,7.590151140571174,2.849979051593587,9.665085282585132,2.2566833792411622,19.830675948802277,3.3191459170967876,7.465264802771821,3.194116989033445,2.47143102753343,11.053938119870942,1.0,1.0,1.0,1.0,1.0
16,1.0,1.0,0,189.2,19.97614121458104,2.0951860782434095,6.547004199477828,25.025114722792186,25.82103895583157,5.360895704852859,10.191706735937746,7.4281523020980655,9.247739922389188,2.8467612747169007,8.43955966403958,2.9764177213009404,11.337565358042344,1.899392578006286,16.02718822386682,3.592062325982194,8.841828432393116,4.1653181096539775,2.0469163066187845,10.469939036864352,1.0,1.0,1.0,1.0,1.0
6,1.0,1.0,0,189.2,20.04763609901362,2.7072229022898715,6.895176445938633,20.40106625599444,28.05055993695238,5.8889011215410685,10.807632709961048,5.922552782774159,9.368184489175537,3.9694811694248027,8.899900265882684,3.833729749463309,8.361333523979157,1.9081903521826225,15.254946516838162,3.6292626265945445,9.833153690932068,3.020111286002006,2.8601498909005176,8.504567225617786,1.0,1.0,1.0,1.0,1.0
23,1.0,1.0,0,189.2,18.304078343365106,2.073262884734775,7.048387287342388,24.972343789690168,32.67437572161682,4.7420770059688095,10.739464392354446,6.692070353937495,7.13557109294184,3.951242377742134,10.06782679058934,3.8369957000315247,8.496151184507806,1.827009743270518,20.08758291925527,3.0386950255508176,8.807196503048267,3.599371181791054,2.071380534126259,11.605332063354005,1.0,1.0,1.0,1.0,1.0
5,1.0,1.0,0,189.2,22.004403169750812,2.0257951742082985,8.394827019043978,20.84818889715522,26.81711317609014,5.213602656870823,9.689420005078023,5.199445163567829,9.169755930050215,3.0015640112482997,9.838612095775847,3.584227916746929,9.737047147553962,1.957223999877754,19.3811848408779,3.2516054914966492,7.393670374235483,3.8280024801479735,2.334605457418534,8.906526691965556,1.0,1.0,1.0,1.0,1.0
10,1.0,1.0,0,189.2,18.379315272518493,2.02354999527324,7.490428001562327,24.77323408027085,35.97144345544208,6.492831326626453,10.312178449562936,6.559858141088277,6.819183761031094,3.7221704816771344,7.411402371831209,2.9103844179632152,10.70333104851812,1.8902277008528905,14.535974294572275,3.3044125370410606,8.71139274675532,3.0450401322259966,2.7016200956744774,8.537729804511057,1.0,1.0,1.0,1.0,1.0
39,1.0,1.0,0,189.2,24.614431564376233,2.0801073441615796,6.449542159688202,18.544746966825187,24.665233392255242,6.156354742766951,12.75296749588857,5.788703093433096,9.715795696906133,3.0979487504392647,9.51309583435019,2.9568240306914,9.889526800538247,1.882979117832051,19.970650265556554,3.832553226358469,8.627164473045571,3.9729252762845713,2.2212925536241155,11.856863495614125,1.0,1.0,1.0,1.0,1.0
9,1.0,1.0,0,189.2,20.724678851133667,2.870124768604573,8.44172286442085,23.96673292247206,33.352399282183235,5.499148978238937,9.08538576625837,5.659843029791773,8.999186531991437,3.0465607693172836,9.920010724383552,3.7414689088196242,8.469740150059211,2.4648038708836415,20.711647162074623,2.738547199242224,9.211646676339289,2.860541765763053,2.4326215490711887,9.012300611663456,1.0,1.0,1.0,1.0,1.0
37,1.0,1.0,0,189.2,21.16133846569153,2.7901191606222655,8.228658987604216,23.395083436963453,25.14929637316048,5.629511275510114,13.349084438764503,5.0191737564085335,8.44421598147877,3.307595371115279,8.31861022137512,3.25694361007352,10.146661293507584,2.3530052504693724,16.094684114610562,2.8716386690306064,8.33790021466114,2.8755849353173297,2.600423725814736,8.948611282320165,1.0,1.0,1.0,1.0,1.0
14,1.0,1.0,0,189.2,23.111693373380668,2.193477815457989,7.99659477814615,22.015510249070406,25.018924851912935,4.8856274384886715,11.560755294969841,5.778823596050116,9.625951139840929,2.9777487232418802,9.776212419159561,3.6237124396801708,8.776910907398541,2.2835389771481918,17.983693600346328,3.6712673712963175,8.36784690442648,3.8485859798023396,2.5935703139322084,9.591415994383283,1.0,1.0,1.0,1.0,1.0
19,1.0,1.0,0,189.2,18.324101184740634,2.0108191702592104,6.105639862960089,20.89656863849498,30.706710156895777,6.8355158022986275,12.37399292080024,5.600729543395042,9.364999692006728,4.183108086231892,8.040872592063884,3.326740815190895,10.142046427977805,2.2239290633370365,18.057679837011776,3.1865899502953052,7.914860951125658,3.9745760091609545,2.5604777030846484,11.632314525129836,1.0,1.0,1.0,1.0,1.0
24,1.0,1.0,0,189.2,24.284416478871726,2.719642829958406,7.09069075145136,23.477288203183356,26.164612622976257,5.486771849327903,9.837707406560245,5.392030343425834,7.506638828496611,4.16057188733117,10.33422088461421,3.5825407396422495,11.16850325719036,1.8589453471808346,17.18579247929332,3.680496596034404,9.179461842315936,3.5886557329734607,2.076510998351221,10.273816048714204,1.0,1.0,1.0,1.0,1.0
37,1.0,1.0,0,189.2,17.456095128786256,2.39995141153441,7.803802521840447,23.82694884673008,28.008143351862813,5.588904589397598,10.935812836871891,5.814113473586895,7.19840816689745,3.7480543349857474,10.665300889702198,2.795207501809247,11.067771325058624,2.4006051902483736,19.160031081862147,3.5422124665665877,8.009740295905104,2.966190947518519,2.5263787263800555,11.952825608518792,1.0,1.0,1.0,1.0,1.0
15,1.0,1.0,0,189.2,24.6500213000442,2.8704460550663335,6.430569672925131,24.34585566223949,30.747427864544186,5.609721306563316,11.289718716058209,7.404017525895816,8.43995751860618,4.107313290136034,9.313985698022995,3.78755090211736,9.568329713914322,2.1260828250095223,19.39469287016643,2.9897314562944035,9.808629669220943,3.5080123617403753,2.1696369736254737,10.171226433651812,1.0,1.0,1.0,1.0,1.0
36,1.0,1.0,0,189.2,18.036818055669237,2.4577345216539745,7.2236928861652245,21.968532532875226,28.759052837932945,4.860069824673083,12.81219823261715,5.495711773814971,7.603724828434117,2.9748374405317817,10.040533469144451,3.2843872872811826,9.667275872108963,2.032371946023363,16.75041614133378,2.754843418914593,9.731326849950118,3.4891644855297477,1.9692340189412885,11.590530929886363,1.0,1.0,1.0,1.0,1.0
19,1.0,1.0,0,189.2,21.530947812558168,2.3397590755186037,8.704949477234212,22.786697959707553,24.339179931373224,5.598209264119106,9.211673441107628,6.41854556031815,7.299035166193617,3.949519966848711,10.237107536894845,3.716974302726623,9.126811625806173,1.822777002270816,20.184859224484168,2.8968411762045885,10.246273994314441,4.161988769602118,2.0088396445489756,8.898297639263818,1.0,1.0,1.0,1.0,1.0
24,1.0,1.0,0,189.2,20.991810650147187,2.5857290303318576,8.160835208323913,25.002053749476985,29.295772719786775,6.109350213877212,10.949240756843635,6.497637930393177,7.003251776043702,2.8202179906654004,7.865838221380282,2.8074074633291017,10.228767905389693,2.4237346066915753,14.875788102810912,3.723466433767527,9.625916211077847,2.8286932118210255,2.4543946868774715,8.483926619514296,1.0,1.0,1.0,1.0,1.0
29,1.0,1.0,0,189.2,20.548396902723606,2.403561110941379,8.468681490245633,25.16312957108991,24.798077867769106,5.893162921445811,12.674530671102186,5.334677324256224,7.974469543225919,3.7770129795957383,9.029085905029213,3.723454745780337,10.919175914854694,2.2837901560425227,20.434750138632964,3.814180800446095,9.07638671569927,3.6524419812377977,1.998323443599968,9.499863149459097,1.0,1.0,1.0,1.0,1.0
38,1.0,1.0,0,189.2,17.936968967386576,2.682235540683157,7.111634778980281,27.021056364085872,35.80807637153037,5.5536042682415285,10.310134625350045,6.732986686838987,7.482581229422769,3.6741322711097437,9.571209191478173,2.98017754397001,8.698046978881422,2.217817116206611,14.010747513320974,2.856611942466238,9.14974018710793,3.0127612011786984,2.6903578494606166,9.154667113488717,1.0,1.0,1.0,1.0,1.0
16,1.0,1.0,0,189.2,23.3775059407617,2.7243220973922617,8.979190483750022,20.02163138427851,28.89564496575595,5.861409874250243,9.474327783541126,5.820354436703723,7.3662495001123744,3.617531524545432,10.119018469903942,2.924173549686321,7.703191303523335,2.3744363350299396,17.160309664320216,3.579860474956125,8.835585229818436,4.130760387870628,2.671540974387226,11.900148418314881,1.0,1.0,1.0,1.0,1.0
34,1.0,1.0,0,189.2,22.449155795457266,2.8385205434442224,7.542394616072908,24.35615249466514,33.328683734024644,5.286303210602197,11.486810122008249,5.201274549704502,7.229429324124639,3.470538763543497,9.214541176646494,3.3420760150473114,8.574591024804983,1.8146842427918735,15.786112922710016,3.366775855544485,9.117576198257453,3.613038823993138,2.2337509899856505,11.954782876677736,1.0,1.0,1.0,1.0,1.0
14,1.0,1.0,0,189.2,22.77944877000232,2.363751966546921,8.720229977983822,24.93548399764978,31.792085788294617,6.899576256061383,11.547354187725924,7.358501545621648,9.310559905708473,2.8845648269936306,7.311760813203428,3.3796267050956774,9.787276162654978,2.5153654526822122,17.106858797031425,3.552619179428333,7.052514668714579,3.575857740743314,2.1332885559355033,9.434169605355502,1.0,1.0,1.0,1.0,1.0
4,1.0,1.0,0,189.2,19.19959239178282,2.834835515161118,6.938525883573768,19.28625594110934,24.337517579863874,6.436497563550816,11.048134040416931,6.28808595861138,7.052300731421463,4.104471496859468,8.389999850222722,3.6144965456276426,9.912809909637069,1.7603146913485885,17.32739688622465,3.3081515615055723,7.7544233337391395,3.9984126913664753,2.197850822804784,12.117191414359535,1.0,1.0,1.0,1.0,1.0
13,1.0,1.0,0,189.2,18.35026873480201,2.1716241550465094,6.66964372904695,25.062796267275143,28.063327383687266,6.527243564246487,12.400060374377366,5.068510643285007,8.205829008979519,3.001222239219764,9.326732950739306,3.385448622519939,9.240629225871345,2.1918646882150203,16.799628763577044,2.9881823932685387,8.707307401414837,3.4139863167114517,2.7200147785545843,12.025631746124889,1.0,1.0,1.0,1.0,1.0
23,1.0,1.0,0,189.2,23.801071719383188,1.9223097078158216,6.840492319744096,27.097610711235884,28.89539904606007,6.804107410498014,11.656556714733181,7.116020473182472,6.777191050279966,3.3478450330244924,8.608278420588665,3.0115694658669283,7.8435156652934905,2.014973877456778,14.591821152121183,2.9495228555710913,7.6828687976117775,3.6900155039825346,2.5140817886590985,12.560709710281868,1.0,1.0,1.0,1.0,1.0
7,1.0,1.0,0,189.2,19.811476647612782,2.0073556860975814,8.628325444224402,21.034705374921998,27.585131665000613,4.945937572564109,12.5633732101303,5.606319066773683,9.37140261740936,3.671563789745446,8.857547302339938,3.0876561500979514,8.818255645224943,2.0203868846271242,15.029934093718675,3.4555658008831323,9.467193452194012,3.520049502674337,1.9430182493422758,10.695128094541666,1.0,1.0,1.0,1.0,1.0
19,1.0,1.0,0,189.2,18.315638642865174,2.865210036166674,6.702532724266419,20.745480638886853,33.4643149970377,5.586949464822816,12.372221701497867,6.089076151631908,6.56203494592733,3.2432190699198875,9.573338315349197,3.2285407579461167,9.740332477874132,2.571577567002743,19.244366691575507,3.813327743818375,8.214542069132966,3.2278896230981413,2.0888491473513104,9.021486228009728,1.0,1.0,1.0,1.0,1.0
0,1.0,1.0,0,189.2,22.49001932691994,2.6866747516785456,6.702900859293553,24.67653038857234,25.524874267809416,5.41952911471716,10.710780888708342,6.481383368906249,9.381601323514385,3.8438493603009003,9.672735284464483,3.7107838535833717,9.931594034801735,2.0490091636781447,17.80480646518074,3.3188482789856155,7.6325219618228894,3.530759721236687,2.8220923609927757,10.953204096991445,1.0,1.0,1.0,1.0,1.0
6,1.0,1.0,0,189.2,21.531340888360468,2.5689070109862455,6.3873713521082776,20.551499529128545,32.23205235019447,6.9368249852034864,11.007962568931147,5.459730986273122,9.234002924845568,2.959519892117006,8.058196678900808,3.7905186676675258,9.854001510444533,1.836947666495827,19.92094559003672,2.99434062309166,8.446040795261199,3.676131373162547,2.4911541763872194,8.699525178244098,1.0,1.0,1.0,1.0,1.0
37,1.0,1.0,0,189.2,21.511815758269524,2.2942457047997027,8.314279729392103,27.1506762174384,27.406769321833174,6.271827821582349,9.423248469576409,6.446070647977987,8.478802096155595,3.504664662668973,8.200841594005945,3.253323490276357,7.70384425649147,2.2564475277757428,14.08652905594527,2.981899638858877,8.78794089437396,2.8341519329819365,2.40237184741746,9.007436742833786,1.0,1.0,1.0,1.0,1.0
1,1.0,1.0,0,189.2,22.183899099389635,2.126024306128569,7.13897785392006,24.817319111496055,35.28886041588317,5.429248468445204,11.525518393961097,7.422332530500334,9.541185732876368,3.8539393947834175,7.965193428414654,3.750127221645748,7.773010794155646,2.6332163769578423,20.31852831650127,2.9058911478738705,7.290172966455246,4.0256182773492855,2.486133655101063,12.40968037625631,1.0,1.0,1.0,1.0,1.0
24,1.0,1.0,0,189.2,19.29358362513236,2.0395395127322167,6.945106100220267,23.423122324568773,34.240142980241295,4.777103190729672,11.409589684924354,6.033486531031511,9.051850305296192,2.8944873306375896,8.097005364950615,3.428075952492655,9.231008315414119,2.1882001862181015,14.054497261718401,2.8812805400169323,9.8287718937747,3.893145819952492,2.1888632008855944,11.593601066908558,1.0,1.0,1.0,1.0,1.0
20,1.0,1.0,0,189.2,20.937889597220263,2.015269324265193,7.926106823858901,20.063400822148953,28.289729409642746,4.833314677544583,13.294079355131906,6.026095632448495,7.210536725383066,3.9107722844619985,8.382029799840254,3.7187313073370962,9.169952852044087,2.61385163931829,20.92347448091146,2.789484603317087,9.435292074170198,3.0869482505570733,2.1631566481231315,9.623360384542751,1.0,1.0,1.0,1.0,1.0
18,1.0,1.0,0,189.2,22.293187509754134,2.265930759007454,8.243696381388405,23.248569896728135,27.896753172677375,6.884347517841404,11.341620769043814,5.809590472832273,8.517649494952506,3.307840611193655,9.006181358221273,3.389953382901588,8.974476793331869,2.0655932907449186,20.433186927856962,3.5612430847668692,8.831151787704712,4.130356510795655,2.244287136543733,11.524931693098914,1.0,1.0,1.0,1.0,1.0
29,1.0,1.0,0,189.2,22.96959393135062,2.422828291749047,8.679927007674474,27.16258802874401,31.17540610219742,4.860551195527675,10.562180620031441,4.966311917802964,6.573850334204317,3.888590131485982,8.393071482047606,3.3077176641817583,8.396774674061344,2.137738225309383,16.073133138852874,2.8064061879960396,10.119579325374328,3.3657078384086434,2.389546954295471,8.93099618901754,1.0,1.0,1.0,1.0,1.0
13,1.0,1.0,0,189.2,20.190399753907837,2.3709934780949036,8.266456422385204,19.63215484151691,25.768151845807882,5.284954670551097,9.201616460585738,5.770957691494561,8.675034145886658,3.6500048461009618,8.926010403451658,3.217695334470095,8.841833895489701,2.4725708027647024,18.624439667374073,3.655142517496911,9.4474201651722,3.1736874455887913,2.2789781390099106,11.886934970912998,1.0,1.0,1.0,1.0,1.0
26,1.0,1.0,0,189.2,18.248537295542896,2.7833758584905373,8.679900403569015,26.385184586759205,27.65989341501745,5.785657274995291,13.343521276485738,6.096262154201263,8.382723967360086,3.668635375085766,10.186858407470933,3.226571100680265,9.04710571054593,2.1116273716779026,18.357630376900957,2.8562385881976904,8.523816275540035,3.5181666707142316,2.34717160612337,12.432505717390958,1.0,1.0,1.0,1.0,1.0
30,1.0,1.0,0,189.2,18.713147378813485,2.0057809746937525,6.937364307053062,23.76523866318942,29.941807125335032,4.899327488001611,9.943956269993713,5.57911132418586,7.146449531252051,3.9797194772342763,9.473342604040603,2.7314338167644485,8.861342674510151,2.4069478250616894,17.465323539353093,3.0734004609866026,10.31466588965376,3.5611620089326768,2.1831166149822017,12.580845972968003,1.0,1.0,1.0,1.0,1.0
20,1.0,1.0,0,189.2,18.862902946883295,2.040105113719882,8.875127225665393,20.67213459972574,24.360009798261242,6.5618479816284525,11.119589213941275,5.310701362681068,9.461713837005496,3.949195006273592,10.287629555519674,3.233666626616371,9.676053106704948,2.3042314095847596,19.161159151432322,2.7527518214774376,7.7327356406280945,3.678915263037929,1.933169183311715,12.451749488863015,1.0,1.0,1.0,1.0,1.0
1,1.0,1.0,0,189.2,22.875996859980184,2.653788282353496,6.380560409448879,21.05020517852009,25.894785720135594,5.42802650264704,12.114208379467941,5.409596427426905,9.524227449770885,3.5445022917986133,10.632618373297454,3.6055213603499454,9.653941371096632,2.4045942340609483,18.913631993125254,2.8783484302604467,10.249409510257536,3.291930423835904,2.5384188546218134,8.907422036751287,1.0,1.0,1.0,1.0,1.0
18,1.0,1.0,0,189.2,18.045738868216144,1.939837491865689,7.632016420674696,24.70165549216653,27.973157947033002,5.176332244832996,9.67400845621067,7.311964837411204,9.006487297113834,3.542240555461654,10.25314201313097,3.053103974629338,7.697040844599422,2.1428792854529184,18.014667502454113,2.9501475799873034,7.723568817269062,4.108754758342296,1.986429710522224,10.429489979647496,1.0,1.0,1.0,1.0,1.0
15,1.0,1.0,0,189.2,22.42664622520037,2.2143407297435784,7.953132548023732,19.6301988181989,25.44074069440908,4.709770193241631,10.049275779742207,7.3477993821294145,8.532481753609826,3.2782689992818064,8.067395503124086,2.854379898730814,8.666519048175877,2.5697762718248502,17.610198406699194,3.4768944437114637,8.020065311185155,3.038647487117681,2.6478640716879234,12.013008962780768,1.0,1.0,1.0,1.0,1.0
0,1.0,1.0,0,189.2,25.815878304085196,2.756401868125844,6.296193025703763,18.58827238405535,26.64023334107788,5.900544138457262,11.388060182772175,6.129711359353,6.854193900842069,3.7989359297282586,9.277813631248973,3.7856263758751747,8.635090579202298,2.615370442145416,14.72439023648321,3.3230821216647564,7.363920007782125,3.349263653819701,2.7410055522882693,10.382813137100591,1.0,1.0,1.0,1.0,1.0
24,1.0,1.0,0,189.2,25.897609925955685,2.651042835693665,8.103831599534313,26.76147163464748,24.33626130932746,6.839696998281614,13.326716055185658,5.351480813618701,8.98323516015285,3.0685716010164836,7.955570429124549,3.41143215801082,9.77680536100424,2.2113809127546573,14.293372780167356,2.5936753961064594,8.872278568663777,3.0477959593876403,2.506688214295685,12.567243223724583,1.0,1.0,1.0,1.0,1.0
36,1.0,1.0,0,189.2,19.643429066651215,2.3918720537572615,8.719026521318733,21.218331995920767,29.601188833454735,5.470652334490537,11.501387189494269,6.60006888408998,7.605087224617284,3.7967809237196732,7.534237442977047,3.747549787012636,10.651143126919898,1.8027172193027032,18.3419423734394,3.097801851705975,9.608305433543208,4.101902274927415,2.6502584788935963,11.006370674104145,1.0,1.0,1.0,1.0,1.0
28,1.0,1.0,0,189.2,20.70163896400545,2.488535701090844,9.047066148756155,22.77859529485362,34.583185304656496,5.73642703521784,9.918425579707641,6.425122128964696,8.295674645109475,3.717755817842902,7.20896563576494,3.015887624471544,8.497268974749119,1.8625585576693517,18.117274569040813,3.1065623175763935,9.385080476306724,3.0380525148514073,2.600194523725333,8.640482332013534,1.0,1.0,1.0,1.0,1.0
6,1.0,1.0,0,189.2,24.091855893335396,2.595632962984176,8.767670566722165,20.25068773124821,29.479224214642848,5.5105792958533355,11.292946524622561,6.626964471805836,9.706375167942891,3.002767792676281,9.315060344084452,3.520002080116632,11.37352275456787,2.260260423123465,15.5765956248846,2.9852287860512665,7.343387017368582,3.5614641113928682,2.668906930544767,12.687765091788753,1.0,1.0,1.0,1.0,1.0
20,1.0,1.0,0,189.2,25.00693828507977,2.754182168037026,8.50740900619353,26.3048968536235,26.33819532871932,6.035065738872746,13.227447857797154,5.9560619072973715,9.237294072538637,3.3430056697336963,7.9436393677008414,3.644301693665197,9.37104690577772,2.1210023972896592,20.56555811757594,3.6243941560090853,7.008431651094218,4.110168819771155,2.6228946016101737,12.120664532834748,1.0,1.0,1.0,1.0,1.0
10,1.0,1.0,0,189.2,19.75178984981066,2.738388403621157,7.169066083002937,24.410565433858345,28.826873267818954,4.687389445319519,12.066124572413754,5.8356539167422525,6.899589219665264,3.5317495298495567,9.006019012898108,2.8715887631192083,7.708604753192124,1.890009468322738,17.590308001462823,2.702015024630348,9.269820871589324,3.860421509328683,2.8237320885637502,12.286126238866922,1.0,1.0,1.0,1.0,1.0
10,1.0,1.0,0,189.2,19.31593304573472,2.2355051438202294,7.6163142142904485,22.314556206757114,30.115206194367452,5.043010668998001,13.058651145206301,5.169729490487597,7.828795235050995,3.964636517902081,9.245806518175105,2.9905460859040547,10.08572987330244,2.598126404327002,14.724473311615032,3.7708072461152713,10.152874340316174,2.8270075524491776,2.5464852947061716,11.728153555234925,1.0,1.0,1.0,1.0,1.0
20,1.0,1.0,0,189.2,18.329741315533415,2.483434113663792,7.63132576701212,26.193282921281067,34.835840999706335,5.31099870543694,11.283036162695568,6.284836900819435,9.115270550584508,3.888824971329181,7.852214783244655,2.763708581170141,9.088750767382932,1.7645907490321973,15.18515842977704,2.9027650246102814,8.33366084070587,3.8219399305686106,2.692289746279393,10.613334796530095,1.0,1.0,1.0,1.0,1.0
22,1.0,1.0,0,189.2,17.702883844683647,2.554168955468858,6.956073281778806,19.972289618527977,28.175524075217094,6.731482043618796,9.676269002284352,6.495739144536626,6.907426505814236,3.0070120747650524,9.896746869258143,3.3507751192758684,9.982156355167412,2.2463114879873136,16.581066745422685,3.5080075479795783,8.35642415430786,3.650860654219332,2.6140589650483532,9.843259102599367,1.0,1.0,1.0,1.0,1.0
1,1.0,1.0,0,189.2,25.013706914850133,2.122567536199437,8.862187012893926,26.297425177200022,25.104527375498456,6.446987363336199,13.125537859979591,6.461168429740096,6.990755189199247,2.951588989661758,7.776625988182122,3.4177607189030477,9.527898486007121,2.0580189894457668,16.619113950993206,3.0562519499699827,8.221774454359524,3.9963256484939738,2.3432400779924056,8.927453370472684,1.0,1.0,1.0,1.0,1.0
28,1.0,1.0,0,189.2,17.870288991614593,2.397159519613266,7.425893938368731,26.885058950632423,24.675633284806207,5.678550315384509,11.207810657077731,6.14466250538769,9.363749485090539,3.223826846623817,8.731445291062112,3.070370979997931,11.072106391010573,1.8700988153770306,15.440572864859362,3.063435487015361,9.686359680965143,3.5396438750744816,2.866321237146421,10.004993123580054,1.0,1.0,1.0,1.0,1.0
18,1.0,1.0,0,189.2,18.52557058956503,2.410514018452669,7.376792490437813,25.27653810382011,29.973659607224466,6.181616694326932,9.227761531147959,6.884433031525071,6.762026544114255,3.9656436087713827,8.508672197256864,2.7528519850237263,10.566237520213756,2.308428340722489,14.979723269997013,2.872709528659696,8.614520942912637,3.1242841135100297,2.006977274167297,9.069543723288612,1.0,1.0,1.0,1.0,1.0
31,1.0,1.0,0,189.2,22.34892880370493,2.657439589307859,8.6095480744753,23.12297052739959,25.025332609818253,6.931559315522731,9.700108779147682,5.104678749605592,6.818612177219298,3.8467171444604515,10.677891068818344,3.183793256795238,8.683033426442814,1.9261862357799553,15.88607242519655,3.3339744725623564,9.143311259603308,3.168440071766443,2.777323788994454,8.51751560917012,1.0,1.0,1.0,1.0,1.0
36,1.0,1.0,0,189.2,23.219245723759634,2.5995510700975926,8.42778642854404,20.838845392839595,24.420275143502344,6.533753171094186,10.50344089671935,6.501371219455719,7.532090723883666,2.879196211799903,7.529852230293964,3.690032155230304,9.041209387803814,2.434499761955048,15.40910098340114,3.3184580505618735,10.027049709769168,3.605461516797588,2.695951424851716,11.096439342704132,1.0,1.0,1.0,1.0,1.0
10,1.0,1.0,0,189.2,19.983531261337635,2.454532351094516,8.903601250337807,27.151402452877747,24.073629623449072,4.670095474809281,12.439879377496464,6.657319300869736,8.122152267078437,4.119821548501258,8.28863113762305,3.6674131645368897,8.89146943991762,2.0125581857170225,19.01640285713049,2.746250257676433,8.059983322485254,4.18739931906254,1.9879108441550974,10.993134536080909,1.0,1.0,1.0,1.0,1.0
18,1.0,1.0,0,189.2,23.843892500692704,2.5706267254824384,8.613727181328944,26.741835191897138,35.15739792757593,4.803051117338266,11.635856697879484,5.992320454140614,9.067871727131582,3.9675658976266037,10.026974035315932,3.802758360571555,9.640398573035736,2.5106834655196195,17.020603615461777,3.838215108742798,9.524475030383645,2.904417487337043,2.6366068222664945,12.28995072921045,1.0,1.0,1.0,1.0,1.0
6,1.0,1.0,0,189.2,25.19487169001297,2.819647358606144,6.552867262229366,24.012811351965716,31.758040191601054,5.270844810656316,10.880410900365144,5.870356044593497,8.618650699158877,3.778430755942079,9.142165641434842,2.8412125917870816,7.747101866990958,2.2959865276560896,16.669491377941704,3.5393850194340604,7.318709281485226,3.7248728194406326,2.2763862230433745,9.025733613420611,1.0,1.0,1.0,1.0,1.0
29,1.0,1.0,0,189.2,23.118604849852346,2.7009286772878256,8.345259858060327,18.718825157323977,29.584809284983415,6.462139622358774,13.417705244805646,7.077411541068527,9.375774780374021,4.199058138147476,9.085528772023046,2.715951501497884,8.893267821599483,2.4949649701867602,19.31087202900875,2.8254068881107215,10.360183945108842,2.805126927909857,1.9727503134180544,11.561507359449992,1.0,1.0,1.0,1.0,1.0
27,1.0,1.0,0,189.2,23.676979510580004,2.3783906277075784,6.849356533725745,25.16487890455145,31.39893597281023,4.653161016847358,10.44369478010215,5.364557732611053,8.290798249639359,3.9981305105193092,9.536187297515944,3.038461380848773,8.166056130556033,1.9751182931691527,17.87982449109827,3.405409305298981,9.597219443245697,3.077791973290118,2.7060273411369287,8.977674129272863,1.0,1.0,1.0,1.0,1.0
11,1.0,1.0,0,189.2,23.152667894180773,2.139058612421038,8.270623092910773,23.939969195474827,32.014659657805424,5.020866280334028,11.167857009861033,6.37820406719179,8.843768924822747,4.146604317120478,10.61859493961187,3.5600528410611276,9.050038518072874,2.004190817567403,16.590639393048487,2.9284052939745053,9.539322265173618,3.286375589621312,2.725002175052342,10.804530472343075,1.0,1.0,1.0,1.0,1.0
12,1.0,1.0,0,189.2,22.67967978222453,2.1278324287360757,6.74573861565973,18.529136948070445,29.264318750333622,4.795689192355637,13.16468039989985,6.152751101238643,9.827839340254968,3.2456505452537114,9.29759982927572,3.4720354800846085,7.821895020675027,2.3021825560867626,20.576734860701546,3.772189223770856,8.710359176485532,4.006879460979077,2.1738858009548787,12.532873039472502,1.0,1.0,1.0,1.0,1.0
27,1.0,1.0,0,189.2,24.777208743820335,2.126287805581928,8.777368312301057,25.971817643953855,28.032553261911335,5.714506036983094,10.656623865784148,6.65513790781887,6.848807187323764,4.092042909128403,10.177355674529661,3.795347271305248,10.266448575962507,1.7876579841111795,18.639098634294733,3.7319877650998494,9.09205444751267,2.8914996469561443,2.778617078827065,11.898059564176158,1.0,1.0,1.0,1.0,1.0
27,1.0,1.0,0,189.2,25.11375579338006,2.8546652949027167,7.176968128324435,26.93474116139564,29.312863441869368,4.789565469289791,12.934775641261805,7.164638752505775,9.415209250956279,3.8583926956084067,9.414981982729113,2.9906843112515595,7.982520404503788,2.182829074819614,18.917080458468355,3.7040695790522715,8.328958110678695,4.08842990512131,2.2782705175198164,11.114805156560395,1.0,1.0,1.0,1.0,1.0
39,1.0,1.0,0,189.2,19.876022201583396,2.2219146569930603,7.059509697043792,19.84433073150586,29.16537607681861,6.891275708753456,10.682551981108158,6.457799090711152,8.172200165773033,3.8053156428375665,9.648344271765144,2.863479543005374,7.741317523398502,2.2232327208974936,20.97652900181209,3.575992937312898,10.016347303751072,4.063640280950435,2.8072673130974777,11.90611235061244,1.0,1.0,1.0,1.0,1.0
5,1.0,1.0,0,189.2,22.86715147104442,1.9837947638727464,8.294457099748014,22.775968695528395,26.940810763554232,4.938360985939303,11.378302444104802,5.5861892876880255,9.67087067372332,3.314068700434722,7.402297865712807,2.7652556479837016,8.042291664946527,2.5029196805951788,14.327781140682328,2.920903223378311,9.217764687372972,3.5839560307371228,2.5641713823218635,10.148658834583943,1.0,1.0,1.0,1.0,1.0
13,1.0,1.0,0,189.2,24.684423769218306,2.7459514698374923,7.935215138863855,26.402156242648957,32.42540281620247,5.813374163024724,9.771472842709084,6.47408763454695,7.259861714057185,3.7888069127543034,7.932875957718334,2.911349011407706,10.571538596270347,2.0237919866573417,18.934587096288602,3.7298047028078987,8.032023634767825,4.075440051993118,1.9784051134993208,9.231018059794946,1.0,1.0,1.0,1.0,1.0
21,1.0,1.0,0,189.2,23.44067826261183,2.1378269377995958,7.863938184212818,27.164989983519035,28.629628396971942,4.714900154050654,10.878947460834292,6.896082415835829,9.111991093136034,3.7836462119642924,10.016896371271063,3.2963540520079384,10.262793800096455,2.3298071502191404,19.72573512928862,3.0393999360804194,7.910030515605844,3.2880748109133626,2.557583945542368,11.124693644952563,1.0,1.0,1.0,1.0,1.0
31,1.0,1.0,0,189.2,22.077756742918027,2.083970272642859,8.020554098281838,25.720690872368838,28.83618161392273,5.678028749178561,10.809360297690683,6.068235220172903,9.811364663348867,3.4653370120708273,10.223222666582858,3.8244210994660466,8.15809617689925,2.395791464556062,16.16252459975051,3.0115048523024526,7.1303034602134625,3.355384420954025,2.479672579755435,8.635867145263752,1.0,1.0,1.0,1.0,1.0
29,1.0,1.0,0,189.2,18.51315721458704,2.6579799757501874,6.374986396607519,24.59201727233108,33.61939240749853,5.735475537383618,12.937050089938946,7.030692133926598,8.181153619377719,3.863899621639594,7.210939944637719,3.074443618355761,10.92986296410528,2.409102271273861,14.249715580845633,2.634895005488576,9.85907603506725,3.576580578542157,2.148846929746942,9.753560864975478,1.0,1.0,1.0,1.0,1.0
2,1.0,1.0,0,189.2,25.36484454039581,2.05156246272046,7.259750902371132,19.431809158473268,33.066303626170736,6.809225261942898,11.198847600253547,7.016383503524938,7.518885914315221,3.728633794276017,7.658556199453312,3.5729681058393634,10.171692553818307,2.396079619106011,17.157052059092774,3.4262157951581758,10.430535024178802,3.9699174715907994,1.9408082014612615,12.70470790842602,1.0,1.0,1.0,1.0,1.0
